[
    {
        "id": "campaign001",
        "name": "20% Discount on Selected Products",
        "description": "A 20% discount will be applied to selected products under this campaign.",
        "discount": 20,
        "startDate": "2024-06-12",
        "endDate": "2024-06-30",
        "imageUrl": "https://png.pngtree.com/png-vector/20221226/ourmid/pngtree-20-off-tage-design-creative-offer-png-image_6537832.png"
    },
    {
        "id": "campaign002",
        "name": "Gift Product Campaign",
        "description": "Customers who make a purchase above a certain amount will receive a gift product.",
        "minPurchaseAmount": 200.0,
        "giftProduct": {
            "productId": "product004",
            "productName": "Gift Product X"
        },
        "startDate": "2024-06-15",
        "endDate": "2024-06-30",
        "imageUrl": "https://png.pngtree.com/png-vector/20220908/ourmid/pngtree-gift-shop-reward-png-image_6144119.png"
    },
    {
        "id": "campaign003",
        "name": "Loyalty Program Campaign",
        "description": "Customers participating in the loyalty program will be offered a 10% discount.",
        "loyaltyDiscount": 10,
        "startDate": "2024-07-01",
        "endDate": "2024-07-31",
        "imageUrl": "https://cdn-icons-png.flaticon.com/512/4501/4501125.png"
        
    }
]
