[
    {
        "id": 0,
        "Barcode": "8699878420038",
        "ProductName": "Domates",
        "Description": "Taze domates",
        "Price": 2.5,
        "Stock": 50,
        "imageUrl": "https://d2csxpduxe849s.cloudfront.net/media/2788858D-5EA8-411B-898730BC3E7A19DA/E4938282-C2B4-4275-9E22B3128F778C0C/webimage-BF347AE1-4646-44FB-8AF712D2D58D2535.jpg",
        "imageName": "domates",
        "Weighable": true,
        "Campaign1": true,
        "Campaign2": false,
        "Category": "FruitsAndVegs",
        "CategoryId": 0
    },
    {
        "id": 1,
        "Barcode": "8697916011897",
        "ProductName": "Salatalık",
        "Description": "Taze salatalık",
        "Price": 1.75,
        "Stock": 45,
        "imageUrl": "https://www.aftamarket.com.tr/sebze-39-sebzeler-manav-23807-26-O.jpg",
        "imageName": "salatalik",
        "Weighable": true,
        "Campaign1": false,
        "Campaign2": false,
        "Category": "FruitsAndVegs",
        "CategoryId": 0
    },
    {
        "id": 2,
        "Barcode": "8691381000486",
        "ProductName": "Patates",
        "Description": "Taze patates",
        "Price": 3.0,
        "Stock": 60,
        "imageUrl": "https://yunusb2c.b-cdn.net/Image/Stock/400/78badadb-3167-43c4-9c24-02315894e518.jpg",
        "imageName": "patates",
        "Weighable": true,
        "Campaign1": true,
        "Campaign2": false,
        "Category": "FruitsAndVegs",
        "CategoryId": 0
    },
    {
        "id": 3,
        "Barcode": "86900000003",
        "ProductName": "Havuç",
        "Description": "Taze havuç",
        "Price": 2.25,
        "Stock": 55,
        "imageUrl": "https://www.pazarciismail.com/assets/img/cart/havuc1.jpg",
        "imageName": "havuc",
        "Weighable": true,
        "Campaign1": false,
        "Campaign2": false,
        "Category": "FruitsAndVegs",
        "CategoryId": 0
    },
    {
        "id": 4,
        "Barcode": "86900000004",
        "ProductName": "Elma",
        "Description": "Taze elma",
        "Price": 4.5,
        "Stock": 40,
        "imageUrl": "https://yunusb2c.b-cdn.net/Image/Stock/400/550d3909-aa1e-491d-8c3d-8121b3219d25.jpg",
        "imageName": "elma",
        "Weighable": true,
        "Campaign1": true,
        "Campaign2": false,
        "Category": "FruitsAndVegs",
        "CategoryId": 0
    },
    {
        "id": 6,
        "Barcode": "86900000005",
        "ProductName": "Armut",
        "Description": "Taze armut",
        "Price": 3.75,
        "Stock": 35,
        "imageUrl": "https://pazarciismail.com/assets/img/cart/armut.jpg",
        "imageName": "armut",
        "Weighable": true,
        "Campaign1": false,
        "Campaign2": false,
        "Category": "FruitsAndVegs",
        "CategoryId": 0
    },
    {
        "id": 7,
        "Barcode": "86900000006",
        "ProductName": "Muz",
        "Description": "Taze muz",
        "Price": 6.0,
        "Stock": 30,
        "imageUrl": "https://yunusb2c.b-cdn.net/Image/Stock/400/825592cc-8220-48fb-865d-ad5b0b5c4d3e.jpg",
        "imageName": "muz",
        "Weighable": true,
        "Campaign1": true,
        "Campaign2": false,
        "Category": "FruitsAndVegs",
        "CategoryId": 0
    },
    {
        "id": 8,
        "Barcode": "86900000007",
        "ProductName": "Portakal",
        "Description": "Taze portakal",
        "Price": 5.25,
        "Stock": 25,
        "imageUrl": "https://ideacdn.net/idea/if/95/myassets/products/419/b1d0495a4d7eb274dba836e48655287554b_min.jpg?revision=1709552234",
        "imageName": "portakal",
        "Weighable": true,
        "Campaign1": false,
        "Campaign2": false,
        "Category": "FruitsAndVegs",
        "CategoryId": 0
    },
    {
        "id": 9,
        "Barcode": "86900000008",
        "ProductName": "Kırmızı Biber",
        "Description": "Taze kırmızı biber",
        "Price": 3.5,
        "Stock": 20,
        "imageUrl": "https://kackarorganik.com/image/cache/catalog/demo2/image/catalog/a11/biber-kirmizi-kg-4ad206-400x400.jpg",
        "imageName": "biber",
        "Weighable": true,
        "Campaign1": true,
        "Campaign2": false,
        "Category": "FruitsAndVegs",
        "CategoryId": 0
    },
    {
        "id": 10,
        "Barcode": "86900000009",
        "ProductName": "Patlıcan",
        "Description": "Taze patlıcan",
        "Price": 2.75,
        "Stock": 15,
        "imageUrl": "https://static.ticimax.cloud/56348/uploads/urunresimleri/patlican-kg-4a8a-4.jpg",
        "imageName": "patlican",
        "Weighable": true,
        "Campaign1": false,
        "Campaign2": false,
        "Category": "FruitsAndVegs",
        "CategoryId": 0
    },
    {
        "id": 11,
        "Barcode": "86900000010",
        "ProductName": "Limon",
        "Description": "Taze limon",
        "Price": 4.0,
        "Stock": 10,
        "imageUrl": "https://acelemarket.com/image/400x400/data/urun/nDufOALIgIbaetjt.jpg",
        "imageName": "limon",
        "Weighable": true,
        "Campaign1": true,
        "Campaign2": false,
        "Category": "FruitsAndVegs",
        "CategoryId": 0
    },
    {
        "id": 12,
        "Barcode": "86900000011",
        "ProductName": "Domates 1",
        "Description": "Taze domates",
        "Price": 2.5,
        "Stock": 50,
        "imageUrl": "https://d2csxpduxe849s.cloudfront.net/media/2788858D-5EA8-411B-898730BC3E7A19DA/E4938282-C2B4-4275-9E22B3128F778C0C/webimage-BF347AE1-4646-44FB-8AF712D2D58D2535.jpg",
        "imageName": "domates",
        "Weighable": true,
        "Campaign1": false,
        "Campaign2": false,
        "Category": "FruitsAndVegs",
        "CategoryId": 0
    },
    {
        "id": 13,
        "Barcode": "86900000012",
        "ProductName": "Salatalık 1",
        "Description": "Taze salatalık",
        "Price": 1.75,
        "Stock": 45,
        "imageUrl": "https://www.aftamarket.com.tr/sebze-39-sebzeler-manav-23807-26-O.jpg",
        "imageName": "salatalik",
        "Weighable": true,
        "Campaign1": true,
        "Campaign2": false,
        "Category": "FruitsAndVegs",
        "CategoryId": 0
    },
    {
        "id": 14,
        "Barcode": "86900000013",
        "ProductName": "Patates 1",
        "Description": "Taze patates",
        "Price": 3.0,
        "Stock": 60,
        "imageUrl": "https://yunusb2c.b-cdn.net/Image/Stock/400/78badadb-3167-43c4-9c24-02315894e518.jpg",
        "imageName": "patates",
        "Weighable": true,
        "Campaign1": false,
        "Campaign2": false,
        "Category": "FruitsAndVegs",
        "CategoryId": 0
    },
    {
        "id": 15,
        "Barcode": "86900000014",
        "ProductName": "Havuç 1",
        "Description": "Taze havuç",
        "Price": 2.25,
        "Stock": 55,
        "imageUrl": "https://www.pazarciismail.com/assets/img/cart/havuc1.jpg",
        "imageName": "havuc",
        "Weighable": true,
        "Campaign1": true,
        "Campaign2": false,
        "Category": "FruitsAndVegs",
        "CategoryId": 0
    },
    {
        "id": 16,
        "Barcode": "86900000015",
        "ProductName": "Elma 1",
        "Description": "Taze elma",
        "Price": 4.5,
        "Stock": 40,
        "imageUrl": "https://yunusb2c.b-cdn.net/Image/Stock/400/550d3909-aa1e-491d-8c3d-8121b3219d25.jpg",
        "imageName": "elma",
        "Weighable": true,
        "Campaign1": false,
        "Campaign2": false,
        "Category": "FruitsAndVegs",
        "CategoryId": 0
    },
    {
        "id": 17,
        "Barcode": "86900000016",
        "ProductName": "Armut 1",
        "Description": "Taze armut",
        "Price": 3.75,
        "Stock": 35,
        "imageUrl": "https://pazarciismail.com/assets/img/cart/armut.jpg",
        "imageName": "armut",
        "Weighable": true,
        "Campaign1": true,
        "Campaign2": false,
        "Category": "FruitsAndVegs",
        "CategoryId": 0
    },
    {
        "id": 18,
        "Barcode": "86900000017",
        "ProductName": "Muz 2",
        "Description": "Taze muz",
        "Price": 6.0,
        "Stock": 30,
        "imageUrl": "https://yunusb2c.b-cdn.net/Image/Stock/400/825592cc-8220-48fb-865d-ad5b0b5c4d3e.jpg",
        "imageName": "muz",
        "Weighable": true,
        "Campaign1": false,
        "Campaign2": false,
        "Category": "FruitsAndVegs",
        "CategoryId": 0
    },
    {
        "id": 19,
        "Barcode": "86900000018",
        "ProductName": "Portakal 1",
        "Description": "Taze portakal",
        "Price": 5.25,
        "Stock": 25,
        "imageUrl": "https://ideacdn.net/idea/if/95/myassets/products/419/b1d0495a4d7eb274dba836e48655287554b_min.jpg?revision=1709552234",
        "imageName": "portakal",
        "Weighable": true,
        "Campaign1": true,
        "Campaign2": false,
        "Category": "FruitsAndVegs",
        "CategoryId": 0
    },
    {
        "id": 20,
        "Barcode": "86900000019",
        "ProductName": "Kırmızı Biber 1",
        "Description": "Taze kırmızı biber",
        "Price": 3.5,
        "Stock": 20,
        "imageUrl": "https://kackarorganik.com/image/cache/catalog/demo2/image/catalog/a11/biber-kirmizi-kg-4ad206-400x400.jpg",
        "imageName": "biber",
        "Weighable": true,
        "Campaign1": false,
        "Campaign2": false,
        "Category": "FruitsAndVegs",
        "CategoryId": 0
    },
    {
        "id": 21,
        "Barcode": "86900000020",
        "ProductName": "Patlıcan 1",
        "Description": "Taze patlıcan",
        "Price": 2.75,
        "Stock": 15,
        "imageUrl": "https://static.ticimax.cloud/56348/uploads/urunresimleri/patlican-kg-4a8a-4.jpg",
        "imageName": "patlican",
        "Weighable": true,
        "Campaign1": true,
        "Campaign2": false,
        "Category": "FruitsAndVegs",
        "CategoryId": 0
    },
    {
        "id": 22,
        "Barcode": "86900000021",
        "ProductName": "Limon 1",
        "Description": "Taze limon",
        "Price": 4.0,
        "Stock": 10,
        "imageUrl": "https://acelemarket.com/image/400x400/data/urun/nDufOALIgIbaetjt.jpg",
        "imageName": "limon",
        "Weighable": true,
        "Campaign1": false,
        "Campaign2": false,
        "Category": "FruitsAndVegs",
        "CategoryId": 0
    },
    {
        "id": 23,
        "Barcode": "86900000022",
        "ProductName": "Domates 2",
        "Description": "Taze domates",
        "Price": 2.5,
        "Stock": 50,
        "imageUrl": "https://d2csxpduxe849s.cloudfront.net/media/2788858D-5EA8-411B-898730BC3E7A19DA/E4938282-C2B4-4275-9E22B3128F778C0C/webimage-BF347AE1-4646-44FB-8AF712D2D58D2535.jpg",
        "imageName": "domates",
        "Weighable": true,
        "Campaign1": true,
        "Campaign2": false,
        "Category": "FruitsAndVegs",
        "CategoryId": 0
    },
    {
        "id": 24,
        "Barcode": "86900000023",
        "ProductName": "Salatalık 2",
        "Description": "Taze salatalık",
        "Price": 1.75,
        "Stock": 45,
        "imageUrl": "https://www.aftamarket.com.tr/sebze-39-sebzeler-manav-23807-26-O.jpg",
        "imageName": "salatalik",
        "Weighable": true,
        "Campaign1": false,
        "Campaign2": false,
        "Category": "FruitsAndVegs",
        "CategoryId": 0
    },
    {
        "id": 25,
        "Barcode": "86900000024",
        "ProductName": "Patates 2",
        "Description": "Taze patates",
        "Price": 3.0,
        "Stock": 60,
        "imageUrl": "https://yunusb2c.b-cdn.net/Image/Stock/400/78badadb-3167-43c4-9c24-02315894e518.jpg",
        "imageName": "patates",
        "Weighable": true,
        "Campaign1": true,
        "Campaign2": false,
        "Category": "FruitsAndVegs",
        "CategoryId": 0
    },
    {
        "id": 26,
        "Barcode": "86900000025",
        "ProductName": "Havuç 2",
        "Description": "Taze havuç",
        "Price": 2.25,
        "Stock": 55,
        "imageUrl": "https://www.pazarciismail.com/assets/img/cart/havuc1.jpg",
        "imageName": "havuc",
        "Weighable": true,
        "Campaign1": false,
        "Campaign2": false,
        "Category": "FruitsAndVegs",
        "CategoryId": 0
    },
    {
        "id": 27,
        "Barcode": "86900000026",
        "ProductName": "Elma 2",
        "Description": "Taze elma",
        "Price": 4.5,
        "Stock": 40,
        "imageUrl": "https://yunusb2c.b-cdn.net/Image/Stock/400/550d3909-aa1e-491d-8c3d-8121b3219d25.jpg",
        "imageName": "elma",
        "Weighable": true,
        "Campaign1": true,
        "Campaign2": false,
        "Category": "FruitsAndVegs",
        "CategoryId": 0
    },
    {
        "id": 28,
        "Barcode": "86900000027",
        "ProductName": "Armut 2",
        "Description": "Taze armut",
        "Price": 3.75,
        "Stock": 35,
        "imageUrl": "https://pazarciismail.com/assets/img/cart/armut.jpg",
        "imageName": "armut",
        "Weighable": true,
        "Campaign1": false,
        "Campaign2": false,
        "Category": "FruitsAndVegs",
        "CategoryId": 0
    },
    {
        "id": 29,
        "Barcode": "86900000028",
        "ProductName": "Muz 3",
        "Description": "Taze muz",
        "Price": 6.0,
        "Stock": 30,
        "imageUrl": "https://yunusb2c.b-cdn.net/Image/Stock/400/825592cc-8220-48fb-865d-ad5b0b5c4d3e.jpg",
        "imageName": "muz",
        "Weighable": true,
        "Campaign1": true,
        "Campaign2": false,
        "Category": "FruitsAndVegs",
        "CategoryId": 0
    },
    {
        "id": 30,
        "Barcode": "86900000029",
        "ProductName": "Portakal 2",
        "Description": "Taze portakal",
        "Price": 5.25,
        "Stock": 25,
        "imageUrl": "https://ideacdn.net/idea/if/95/myassets/products/419/b1d0495a4d7eb274dba836e48655287554b_min.jpg?revision=1709552234",
        "imageName": "portakal",
        "Weighable": true,
        "Campaign1": false,
        "Campaign2": false,
        "Category": "FruitsAndVegs",
        "CategoryId": 0
    },
    {
        "id": 31,
        "Barcode": "86900000030",
        "ProductName": "Kırmızı Biber 2",
        "Description": "Taze kırmızı biber",
        "Price": 3.5,
        "Stock": 20,
        "imageUrl": "https://kackarorganik.com/image/cache/catalog/demo2/image/catalog/a11/biber-kirmizi-kg-4ad206-400x400.jpg",
        "imageName": "biber",
        "Weighable": true,
        "Campaign1": true,
        "Campaign2": false,
        "Category": "FruitsAndVegs",
        "CategoryId": 0
    },
    {
        "id": 32,
        "Barcode": "86900000031",
        "ProductName": "Patlıcan 2",
        "Description": "Taze patlıcan",
        "Price": 2.75,
        "Stock": 15,
        "imageUrl": "https://static.ticimax.cloud/56348/uploads/urunresimleri/patlican-kg-4a8a-4.jpg",
        "imageName": "patlican",
        "Weighable": true,
        "Campaign1": false,
        "Campaign2": false,
        "Category": "FruitsAndVegs",
        "CategoryId": 0
    },
    {
        "id": 33,
        "Barcode": "86900000032",
        "ProductName": "Limon 2",
        "Description": "Taze limon",
        "Price": 4.0,
        "Stock": 10,
        "imageUrl": "https://acelemarket.com/image/400x400/data/urun/nDufOALIgIbaetjt.jpg",
        "imageName": "limon",
        "Weighable": true,
        "Campaign1": true,
        "Campaign2": false,
        "Category": "FruitsAndVegs",
        "CategoryId": 0
    },
    {
        "id": 34,
        "Barcode": "86900000033",
        "ProductName": "Domates 3",
        "Description": "Taze domates",
        "Price": 2.5,
        "Stock": 50,
        "imageUrl": "https://d2csxpduxe849s.cloudfront.net/media/2788858D-5EA8-411B-898730BC3E7A19DA/E4938282-C2B4-4275-9E22B3128F778C0C/webimage-BF347AE1-4646-44FB-8AF712D2D58D2535.jpg",
        "imageName": "domates",
        "Weighable": true,
        "Campaign1": false,
        "Campaign2": false,
        "Category": "FruitsAndVegs",
        "CategoryId": 0
    },
    {
        "id": 35,
        "Barcode": "86900000034",
        "ProductName": "Salatalık 3",
        "Description": "Taze salatalık",
        "Price": 1.75,
        "Stock": 45,
        "imageUrl": "https://www.aftamarket.com.tr/sebze-39-sebzeler-manav-23807-26-O.jpg",
        "imageName": "salatalik",
        "Weighable": true,
        "Campaign1": true,
        "Campaign2": false,
        "Category": "FruitsAndVegs",
        "CategoryId": 0
    },
    {
        "id": 36,
        "Barcode": "86900000035",
        "ProductName": "Patates 3",
        "Description": "Taze patates",
        "Price": 3.0,
        "Stock": 60,
        "imageUrl": "https://yunusb2c.b-cdn.net/Image/Stock/400/78badadb-3167-43c4-9c24-02315894e518.jpg",
        "imageName": "patates",
        "Weighable": true,
        "Campaign1": false,
        "Campaign2": false,
        "Category": "FruitsAndVegs",
        "CategoryId": 0
    },
    {
        "id": 37,
        "Barcode": "86900000036",
        "ProductName": "Havuç 3",
        "Description": "Taze havuç",
        "Price": 2.25,
        "Stock": 55,
        "imageUrl": "https://www.pazarciismail.com/assets/img/cart/havuc1.jpg",
        "imageName": "havuc",
        "Weighable": true,
        "Campaign1": true,
        "Campaign2": false,
        "Category": "FruitsAndVegs",
        "CategoryId": 0
    },
    {
        "id": 38,
        "Barcode": "86900000037",
        "ProductName": "Elma 3",
        "Description": "Taze elma",
        "Price": 4.5,
        "Stock": 40,
        "imageUrl": "https://yunusb2c.b-cdn.net/Image/Stock/400/550d3909-aa1e-491d-8c3d-8121b3219d25.jpg",
        "imageName": "elma",
        "Weighable": true,
        "Campaign1": false,
        "Campaign2": false,
        "Category": "FruitsAndVegs",
        "CategoryId": 0
    },
    {
        "id": 39,
        "Barcode": "86900000038",
        "ProductName": "Armut 3",
        "Description": "Taze armut",
        "Price": 3.75,
        "Stock": 35,
        "imageUrl": "https://pazarciismail.com/assets/img/cart/armut.jpg",
        "imageName": "armut",
        "Weighable": true,
        "Campaign1": true,
        "Campaign2": false,
        "Category": "FruitsAndVegs",
        "CategoryId": 0
    },
    {
        "id": 40,
        "Barcode": "86900000039",
        "ProductName": "Muz 4",
        "Description": "Taze muz",
        "Price": 6.0,
        "Stock": 30,
        "imageUrl": "https://yunusb2c.b-cdn.net/Image/Stock/400/825592cc-8220-48fb-865d-ad5b0b5c4d3e.jpg",
        "imageName": "muz",
        "Weighable": true,
        "Campaign1": false,
        "Campaign2": false,
        "Category": "FruitsAndVegs",
        "CategoryId": 0
    },
    {
        "id": 41,
        "Barcode": "86900000040",
        "ProductName": "Portakal 3",
        "Description": "Taze portakal",
        "Price": 5.25,
        "Stock": 25,
        "imageUrl": "https://ideacdn.net/idea/if/95/myassets/products/419/b1d0495a4d7eb274dba836e48655287554b_min.jpg?revision=1709552234",
        "imageName": "portakal",
        "Weighable": true,
        "Campaign1": true,
        "Campaign2": false,
        "Category": "FruitsAndVegs",
        "CategoryId": 0
    },
    {
        "id": 42,
        "Barcode": "86900000041",
        "ProductName": "Kırmızı Biber 3",
        "Description": "Taze kırmızı biber",
        "Price": 3.5,
        "Stock": 20,
        "imageUrl": "https://kackarorganik.com/image/cache/catalog/demo2/image/catalog/a11/biber-kirmizi-kg-4ad206-400x400.jpg",
        "imageName": "biber",
        "Weighable": true,
        "Campaign1": false,
        "Campaign2": false,
        "Category": "FruitsAndVegs",
        "CategoryId": 0
    },
    {
        "id": 43,
        "Barcode": "86900000042",
        "ProductName": "Patlıcan 3",
        "Description": "Taze patlıcan",
        "Price": 2.75,
        "Stock": 15,
        "imageUrl": "https://static.ticimax.cloud/56348/uploads/urunresimleri/patlican-kg-4a8a-4.jpg",
        "imageName": "patlican",
        "Weighable": true,
        "Campaign1": true,
        "Campaign2": false,
        "Category": "FruitsAndVegs",
        "CategoryId": 0
    },
    {
        "id": 44,
        "Barcode": "86900000043",
        "ProductName": "Limon 3",
        "Description": "Taze limon",
        "Price": 4.0,
        "Stock": 10,
        "imageUrl": "https://acelemarket.com/image/400x400/data/urun/nDufOALIgIbaetjt.jpg",
        "imageName": "limon",
        "Weighable": true,
        "Campaign1": false,
        "Campaign2": false,
        "Category": "FruitsAndVegs",
        "CategoryId": 0
    },
    {
        "id": 45,
        "Barcode": "86900000044",
        "ProductName": "Domates 4",
        "Description": "Taze domates",
        "Price": 2.5,
        "Stock": 50,
        "imageUrl": "https://d2csxpduxe849s.cloudfront.net/media/2788858D-5EA8-411B-898730BC3E7A19DA/E4938282-C2B4-4275-9E22B3128F778C0C/webimage-BF347AE1-4646-44FB-8AF712D2D58D2535.jpg",
        "imageName": "domates",
        "Weighable": true,
        "Campaign1": true,
        "Campaign2": false,
        "Category": "FruitsAndVegs",
        "CategoryId": 0
    },
    {
        "id": 46,
        "Barcode": "86900000045",
        "ProductName": "Salatalık 4",
        "Description": "Taze salatalık",
        "Price": 1.75,
        "Stock": 45,
        "imageUrl": "https://www.aftamarket.com.tr/sebze-39-sebzeler-manav-23807-26-O.jpg",
        "imageName": "salatalik",
        "Weighable": true,
        "Campaign1": false,
        "Campaign2": false,
        "Category": "FruitsAndVegs",
        "CategoryId": 0
    },
    {
        "id": 47,
        "Barcode": "86900000046",
        "ProductName": "Patates 4",
        "Description": "Taze patates",
        "Price": 3.0,
        "Stock": 60,
        "imageUrl": "https://yunusb2c.b-cdn.net/Image/Stock/400/78badadb-3167-43c4-9c24-02315894e518.jpg",
        "imageName": "patates",
        "Weighable": true,
        "Campaign1": true,
        "Campaign2": false,
        "Category": "FruitsAndVegs",
        "CategoryId": 0
    },
    {
        "id": 48,
        "Barcode": "86900000047",
        "ProductName": "Havuç 4",
        "Description": "Taze havuç",
        "Price": 2.25,
        "Stock": 55,
        "imageUrl": "https://www.pazarciismail.com/assets/img/cart/havuc1.jpg",
        "imageName": "havuc",
        "Weighable": true,
        "Campaign1": false,
        "Campaign2": false,
        "Category": "FruitsAndVegs",
        "CategoryId": 0
    },
    {
        "id": 49,
        "Barcode": "86900000048",
        "ProductName": "Elma 4",
        "Description": "Taze elma",
        "Price": 4.5,
        "Stock": 40,
        "imageUrl": "https://yunusb2c.b-cdn.net/Image/Stock/400/550d3909-aa1e-491d-8c3d-8121b3219d25.jpg",
        "imageName": "elma",
        "Weighable": true,
        "Campaign1": true,
        "Campaign2": false,
        "Category": "FruitsAndVegs",
        "CategoryId": 0
    },
    {
        "id": 50,
        "Barcode": "86900000049",
        "ProductName": "Armut 4",
        "Description": "Taze armut",
        "Price": 3.75,
        "Stock": 35,
        "imageUrl": "https://pazarciismail.com/assets/img/cart/armut.jpg",
        "imageName": "armut",
        "Weighable": true,
        "Campaign1": false,
        "Campaign2": false,
        "Category": "FruitsAndVegs",
        "CategoryId": 0
    }
]