[
    {
        "id": 2100,
        "Barcode": "86900000050",
        "ProductName": "Kıyma",
        "Description": "500 gr Kıyma",
        "Price": 10.9,
        "Stock": 100,
        "imageUrl": "https://moongida.com/wp-content/uploads/2018/09/dana-kiyma.jpg",
        "imageName": "kıyma.jpg",
        "Weighable": false,
        "Campaign1": true,
        "Campaign2": false,
        "Category": "MeatFishPoultry",
        "CategoryId": 1
    },
    {
        "id": 2200,
        "Barcode": "86900000051",
        "ProductName": "Tavuk Göğsü",
        "Description": "1 kg Tavuk Göğsü",
        "Price": 15.5,
        "Stock": 80,
        "imageUrl": "https://helaldunyamarketleri.com/images/thumbs/0003347_erpilic-tavuk-gogsu-kemikli-kg.jpeg",
        "imageName": "tavuk_gogsu.jpg",
        "Weighable": false,
        "Campaign1": true,
        "Campaign2": false,
        "Category": "MeatFishPoultry",
        "CategoryId": 1
    },
    {
        "id": 2300,
        "Barcode": "86900000052",
        "ProductName": "Balık Fileto",
        "Description": "300 gr Balık Fileto",
        "Price": 25.9,
        "Stock": 60,
        "imageUrl": "https://agrostarim.com/wp-content/uploads/2017/10/levrek-fileto-400x400.jpg",
        "imageName": "balik_fileto.jpg",
        "Weighable": false,
        "Campaign1": false,
        "Campaign2": false,
        "Category": "MeatFishPoultry",
        "CategoryId": 1
    },
    {
        "id": 2400,
        "Barcode": "86900000053",
        "ProductName": "Kuzu Kuşbaşı",
        "Description": "400 gr Kuzu Kuşbaşı",
        "Price": 28.75,
        "Stock": 70,
        "imageUrl": "https://static.ticimax.cloud/62343/uploads/urunresimleri/thumb/kuzu-kusbasi-kg-4355-b.jpg",
        "imageName": "kuzu_kusbasi.jpg",
        "Weighable": false,
        "Campaign1": true,
        "Campaign2": false,
        "Category": "MeatFishPoultry",
        "CategoryId": 1
    },
    {
        "id": 2500,
        "Barcode": "86900000054",
        "ProductName": "Somon Füme",
        "Description": "200 gr Somon Füme",
        "Price": 22.6,
        "Stock": 50,
        "imageUrl": "https://agrostarim.com/wp-content/uploads/2017/10/levrek-400x400.jpg",
        "imageName": "somon_fume.jpg",
        "Weighable": false,
        "Campaign1": false,
        "Campaign2": false,
        "Category": "MeatFishPoultry",
        "CategoryId": 1
    },
    {
        "id": 2600,
        "Barcode": "86900000055",
        "ProductName": "Tavuk Kanat",
        "Description": "750 gr Tavuk Kanat",
        "Price": 12.9,
        "Stock": 90,
        "imageUrl": "https://yunusb2c.b-cdn.net/Image/Stock/400/20454c13-5a69-411c-9a04-92deee62046e.jpg",
        "imageName": "tavuk_kanat.jpg",
        "Weighable": false,
        "Campaign1": true,
        "Campaign2": false,
        "Category": "MeatFishPoultry",
        "CategoryId": 1
    },
    {
        "id": 2700,
        "Barcode": "86900000056",
        "ProductName": "Izgara Köfte",
        "Description": "500 gr Izgara Köfte",
        "Price": 17.9,
        "Stock": 65,
        "imageUrl": "https://static.ticimax.cloud/56348/uploads/urunresimleri/sivas-kofte-dana-izgara-hazir-kofte-kg-418d-b.jpg",
        "imageName": "izgara_kofte.jpg",
        "Weighable": false,
        "Campaign1": false,
        "Campaign2": false,
        "Category": "MeatFishPoultry",
        "CategoryId": 1
    },
    {
        "id": 2800,
        "Barcode": "86900000057",
        "ProductName": "Levrek",
        "Description": "300 gr Levrek",
        "Price": 33.5,
        "Stock": 40,
        "imageUrl": "https://agrostarim.com/wp-content/uploads/2017/10/levrek-400x400.jpg",
        "imageName": "levrek.jpg",
        "Weighable": false,
        "Campaign1": true,
        "Campaign2": false,
        "Category": "MeatFishPoultry",
        "CategoryId": 1
    },
    {
        "id": 2900,
        "Barcode": "86900000058",
        "ProductName": "Tavuk Baget",
        "Description": "800 gr Tavuk Baget",
        "Price": 14.75,
        "Stock": 75,
        "imageUrl": "https://yunusb2c.b-cdn.net/Image/Stock/400/20454c13-5a69-411c-9a04-92deee62046e.jpg",
        "imageName": "tavuk_baget.jpg",
        "Weighable": false,
        "Campaign1": true,
        "Campaign2": false,
        "Category": "MeatFishPoultry",
        "CategoryId": 1
    },
    {
        "id": 2010,
        "Barcode": "86900000059",
        "ProductName": "Dana Bonfile",
        "Description": "500 gr Dana Bonfile",
        "Price": 42.9,
        "Stock": 55,
        "imageUrl": "https://static.ticimax.cloud/62343/uploads/urunresimleri/thumb/kuzu-kusbasi-kg-4355-b.jpg",
        "imageName": "dana_bonfile.jpg",
        "Weighable": false,
        "Campaign1": false,
        "Campaign2": false,
        "Category": "MeatFishPoultry",
        "CategoryId": 1
    },
    {
        "id": 2011,
        "Barcode": "86900000060",
        "ProductName": "Somun Ekmek",
        "Description": "500 gr Somun Ekmek",
        "Price": 3.5,
        "Stock": 200,
        "imageUrl": "https://www.glutensiznokta.com.tr/wp-content/uploads/2022/10/Dr.-Oetker-Ekmek-Karisimi-291-gr-400x400.png",
        "imageName": "somun_ekmek.jpg",
        "Weighable": false,
        "Campaign1": false,
        "Campaign2": false,
        "Category": "MeatFishPoultry",
        "CategoryId": 1
    },
    {
        "id": 2012,
        "Barcode": "86900000061",
        "ProductName": "Kuzu Pirzola",
        "Description": "600 gr Kuzu Pirzola",
        "Price": 35.25,
        "Stock": 45,
        "imageUrl": "https://static.ticimax.cloud/62343/uploads/urunresimleri/thumb/kuzu-kusbasi-kg-4355-b.jpg",
        "imageName": "kuzu_pirzola.jpg",
        "Weighable": false,
        "Campaign1": true,
        "Campaign2": false,
        "Category": "MeatFishPoultry",
        "CategoryId": 1
    },
    {
        "id": 2013,
        "Barcode": "86900000062",
        "ProductName": "Somon Fileto",
        "Description": "400 gr Somon Fileto",
        "Price": 29.9,
        "Stock": 60,
        "imageUrl": "https://agrostarim.com/wp-content/uploads/2017/10/levrek-fileto-400x400.jpg",
        "imageName": "somon_fileto.jpg",
        "Weighable": false,
        "Campaign1": true,
        "Campaign2": false,
        "Category": "MeatFishPoultry",
        "CategoryId": 1
    },
    {
        "id": 2014,
        "Barcode": "86900000063",
        "ProductName": "Karides",
        "Description": "300 gr Karides",
        "Price": 27.8,
        "Stock": 70,
        "imageUrl": "https://agrostarim.com/wp-content/uploads/2017/10/levrek-fileto-400x400.jpg",
        "imageName": "karides.jpg",
        "Weighable": false,
        "Campaign1": false,
        "Campaign2": false,
        "Category": "MeatFishPoultry",
        "CategoryId": 1
    },
    {
        "id": 2015,
        "Barcode": "86900000064",
        "ProductName": "Tavuk Şiş",
        "Description": "500 gr Tavuk Şiş",
        "Price": 19.9,
        "Stock": 80,
        "imageUrl": "https://helaldunyamarketleri.com/images/thumbs/0003347_erpilic-tavuk-gogsu-kemikli-kg.jpeg",
        "imageName": "tavuk_sis.jpg",
        "Weighable": false,
        "Campaign1": true,
        "Campaign2": false,
        "Category": "MeatFishPoultry",
        "CategoryId": 1
    },
    {
        "id": 2016,
        "Barcode": "86900000065",
        "ProductName": "Köfte Harcı",
        "Description": "750 gr Köfte Harcı",
        "Price": 12.75,
        "Stock": 90,
        "imageUrl": "https://static.ticimax.cloud/56348/uploads/urunresimleri/sivas-kofte-dana-izgara-hazir-kofte-kg-418d-b.jpg",
        "imageName": "kofte_harci.jpg",
        "Weighable": false,
        "Campaign1": false,
        "Campaign2": false,
        "Category": "MeatFishPoultry",
        "CategoryId": 1
    },
    {
        "id": 2017,
        "Barcode": "86900000066",
        "ProductName": "Orman Kebabı",
        "Description": "1 kg Orman Kebabı",
        "Price": 29.5,
        "Stock": 60,
        "imageUrl": "https://static.ticimax.cloud/56348/uploads/urunresimleri/sivas-kofte-dana-izgara-hazir-kofte-kg-418d-b.jpg",
        "imageName": "orman_kebabi.jpg",
        "Weighable": false,
        "Campaign1": true,
        "Campaign2": false,
        "Category": "MeatFishPoultry",
        "CategoryId": 1
    },
    {
        "id": 2018,
        "Barcode": "86900000067",
        "ProductName": "Levrek Fileto",
        "Description": "400 gr Levrek Fileto",
        "Price": 36.9,
        "Stock": 50,
        "imageUrl": "https://agrostarim.com/wp-content/uploads/2017/10/levrek-fileto-400x400.jpg",
        "imageName": "levrek_fileto.jpg",
        "Weighable": false,
        "Campaign1": false,
        "Campaign2": false,
        "Category": "MeatFishPoultry",
        "CategoryId": 1
    },
    {
        "id": 2019,
        "Barcode": "86900000068",
        "ProductName": "Köfte Izgara",
        "Description": "600 gr Köfte Izgara",
        "Price": 22.75,
        "Stock": 70,
        "imageUrl": "https://static.ticimax.cloud/56348/uploads/urunresimleri/sivas-kofte-dana-izgara-hazir-kofte-kg-418d-b.jpg",
        "imageName": "kofte_izgara.jpg",
        "Weighable": false,
        "Campaign1": true,
        "Campaign2": false,
        "Category": "MeatFishPoultry",
        "CategoryId": 1
    },
    {
        "id": 2020,
        "Barcode": "86900000069",
        "ProductName": "Balık Kroket",
        "Description": "300 gr Balık Kroket",
        "Price": 9.9,
        "Stock": 80,
        "imageUrl": "https://static.ticimax.cloud/56348/uploads/urunresimleri/sivas-kofte-dana-izgara-hazir-kofte-kg-418d-b.jpg",
        "imageName": "balik_kroket.jpg",
        "Weighable": false,
        "Campaign1": true,
        "Campaign2": false,
        "Category": "MeatFishPoultry",
        "CategoryId": 1
    },
    {
        "id": 2021,
        "Barcode": "86900000070",
        "ProductName": "Tavuk Baget",
        "Description": "800 gr Tavuk Baget",
        "Price": 14.75,
        "Stock": 75,
        "imageUrl": "https://helaldunyamarketleri.com/images/thumbs/0003347_erpilic-tavuk-gogsu-kemikli-kg.jpeg",
        "imageName": "tavuk_baget.jpg",
        "Weighable": false,
        "Campaign1": true,
        "Campaign2": false,
        "Category": "MeatFishPoultry",
        "CategoryId": 1
    },
    {
        "id": 2022,
        "Barcode": "86900000071",
        "ProductName": "Dana Kavurma",
        "Description": "500 gr Dana Kavurma",
        "Price": 32.9,
        "Stock": 65,
        "imageUrl": "https://static.ticimax.cloud/62343/uploads/urunresimleri/thumb/kuzu-kusbasi-kg-4355-b.jpg",
        "imageName": "dana_kavurma.jpg",
        "Weighable": false,
        "Campaign1": false,
        "Campaign2": false,
        "Category": "MeatFishPoultry",
        "CategoryId": 1
    },
    {
        "id": 2023,
        "Barcode": "86900000072",
        "ProductName": "Ton Balığı",
        "Description": "400 gr Ton Balığı",
        "Price": 19.5,
        "Stock": 70,
        "imageUrl": "https://agrostarim.com/wp-content/uploads/2017/10/levrek-fileto-400x400.jpg",
        "imageName": "ton_baligi.jpg",
        "Weighable": false,
        "Campaign1": true,
        "Campaign2": false,
        "Category": "MeatFishPoultry",
        "CategoryId": 1
    },
    {
        "id": 2024,
        "Barcode": "86900000073",
        "ProductName": "Tavuk Kanat",
        "Description": "500 gr Tavuk Kanat",
        "Price": 12.9,
        "Stock": 90,
        "imageUrl": "https://helaldunyamarketleri.com/images/thumbs/0003347_erpilic-tavuk-gogsu-kemikli-kg.jpeg",
        "imageName": "tavuk_kanat.jpg",
        "Weighable": false,
        "Campaign1": true,
        "Campaign2": false,
        "Category": "MeatFishPoultry",
        "CategoryId": 1
    },
    {
        "id": 2025,
        "Barcode": "86900000074",
        "ProductName": "Köfte Izgara",
        "Description": "750 gr Köfte Izgara",
        "Price": 18.75,
        "Stock": 60,
        "imageUrl": "https://static.ticimax.cloud/56348/uploads/urunresimleri/sivas-kofte-dana-izgara-hazir-kofte-kg-418d-b.jpg",
        "imageName": "kofte_izgara.jpg",
        "Weighable": false,
        "Campaign1": false,
        "Campaign2": false,
        "Category": "MeatFishPoultry",
        "CategoryId": 1
    },
    {
        "id": 2026,
        "Barcode": "86900000075",
        "ProductName": "Somun Ekmek",
        "Description": "500 gr Somun Ekmek",
        "Price": 3.5,
        "Stock": 200,
        "imageUrl": "https://agrostarim.com/wp-content/uploads/2017/10/levrek-fileto-400x400.jpg",
        "imageName": "somun_ekmek.jpg",
        "Weighable": false,
        "Campaign1": false,
        "Campaign2": false,
        "Category": "MeatFishPoultry",
        "CategoryId": 1
    },
    {
        "id": 2027,
        "Barcode": "86900000076",
        "ProductName": "Tavuk Biftek",
        "Description": "400 gr Tavuk Biftek",
        "Price": 14.9,
        "Stock": 75,
        "imageUrl": "https://helaldunyamarketleri.com/images/thumbs/0003347_erpilic-tavuk-gogsu-kemikli-kg.jpeg",
        "imageName": "tavuk_biftek.jpg",
        "Weighable": false,
        "Campaign1": true,
        "Campaign2": false,
        "Category": "MeatFishPoultry",
        "CategoryId": 1
    },
    {
        "id": 2028,
        "Barcode": "86900000077",
        "ProductName": "Balık Izgara",
        "Description": "600 gr Balık Izgara",
        "Price": 29.9,
        "Stock": 45,
        "imageUrl": "https://agrostarim.com/wp-content/uploads/2017/10/levrek-fileto-400x400.jpg",
        "imageName": "balik_izgara.jpg",
        "Weighable": false,
        "Campaign1": true,
        "Campaign2": false,
        "Category": "MeatFishPoultry",
        "CategoryId": 1
    },
    {
        "id": 2029,
        "Barcode": "86900000078",
        "ProductName": "Kuzu But",
        "Description": "500 gr Kuzu But",
        "Price": 24.9,
        "Stock": 55,
        "imageUrl": "https://static.ticimax.cloud/62343/uploads/urunresimleri/thumb/kuzu-kusbasi-kg-4355-b.jpg",
        "imageName": "kuzu_but.jpg",
        "Weighable": false,
        "Campaign1": false,
        "Campaign2": false,
        "Category": "MeatFishPoultry",
        "CategoryId": 1
    },
    {
        "id": 2030,
        "Barcode": "86900000079",
        "ProductName": "Tavuk Kanat",
        "Description": "750 gr Tavuk Kanat",
        "Price": 10.75,
        "Stock": 85,
        "imageUrl": "https://yunusb2c.b-cdn.net/Image/Stock/400/20454c13-5a69-411c-9a04-92deee62046e.jpg",
        "imageName": "tavuk_kanat.jpg",
        "Weighable": false,
        "Campaign1": true,
        "Campaign2": false,
        "Category": "MeatFishPoultry",
        "CategoryId": 1
    },
    {
        "id": 2031,
        "Barcode": "86900000080",
        "ProductName": "Somon Fileto",
        "Description": "400 gr Somon Fileto",
        "Price": 27.9,
        "Stock": 70,
        "imageUrl": "https://agrostarim.com/wp-content/uploads/2017/10/levrek-400x400.jpg",
        "imageName": "somon_fileto.jpg",
        "Weighable": false,
        "Campaign1": true,
        "Campaign2": false,
        "Category": "MeatFishPoultry",
        "CategoryId": 1
    },
    {
        "id": 2032,
        "Barcode": "86900000081",
        "ProductName": "Karides",
        "Description": "300 gr Karides",
        "Price": 23.8,
        "Stock": 80,
        "imageUrl": "https://agrostarim.com/wp-content/uploads/2017/10/levrek-fileto-400x400.jpg",
        "imageName": "karides.jpg",
        "Weighable": false,
        "Campaign1": false,
        "Campaign2": false,
        "Category": "MeatFishPoultry",
        "CategoryId": 1
    },
    {
        "id": 2033,
        "Barcode": "86900000082",
        "ProductName": "Tavuk Sote",
        "Description": "600 gr Tavuk Sote",
        "Price": 16.5,
        "Stock": 65,
        "imageUrl": "https://yunusb2c.b-cdn.net/Image/Stock/400/20454c13-5a69-411c-9a04-92deee62046e.jpg",
        "imageName": "tavuk_sote.jpg",
        "Weighable": false,
        "Campaign1": true,
        "Campaign2": false,
        "Category": "MeatFishPoultry",
        "CategoryId": 1
    },
    {
        "id": 2034,
        "Barcode": "86900000083",
        "ProductName": "Köfte Harcı",
        "Description": "750 gr Köfte Harcı",
        "Price": 12.75,
        "Stock": 90,
        "imageUrl": "https://static.ticimax.cloud/56348/uploads/urunresimleri/sivas-kofte-dana-izgara-hazir-kofte-kg-418d-b.jpg",
        "imageName": "kofte_harci.jpg",
        "Weighable": false,
        "Campaign1": false,
        "Campaign2": false,
        "Category": "MeatFishPoultry",
        "CategoryId": 1
    },
    {
        "id": 2035,
        "Barcode": "86900000084",
        "ProductName": "Dana Antrikot",
        "Description": "500 gr Dana Antrikot",
        "Price": 45.9,
        "Stock": 55,
        "imageUrl": "https://static.ticimax.cloud/56348/uploads/urunresimleri/sivas-kofte-dana-izgara-hazir-kofte-kg-418d-b.jpg",
        "imageName": "dana_antrikot.jpg",
        "Weighable": false,
        "Campaign1": true,
        "Campaign2": false,
        "Category": "MeatFishPoultry",
        "CategoryId": 1
    },
    {
        "id": 2036,
        "Barcode": "86900000085",
        "ProductName": "Levrek Fileto",
        "Description": "400 gr Levrek Fileto",
        "Price": 36.9,
        "Stock": 50,
        "imageUrl": "https://agrostarim.com/wp-content/uploads/2017/10/levrek-fileto-400x400.jpg",
        "imageName": "levrek_fileto.jpg",
        "Weighable": false,
        "Campaign1": false,
        "Campaign2": false,
        "Category": "MeatFishPoultry",
        "CategoryId": 1
    },
    {
        "id": 2037,
        "Barcode": "86900000086",
        "ProductName": "Kuzu Pirzola",
        "Description": "600 gr Kuzu Pirzola",
        "Price": 35.25,
        "Stock": 45,
        "imageUrl": "https://static.ticimax.cloud/62343/uploads/urunresimleri/thumb/kuzu-kusbasi-kg-4355-b.jpg",
        "imageName": "kuzu_pirzola.jpg",
        "Weighable": false,
        "Campaign1": true,
        "Campaign2": false,
        "Category": "MeatFishPoultry",
        "CategoryId": 1
    },
    {
        "id": 2038,
        "Barcode": "86900000087",
        "ProductName": "Ton Balığı",
        "Description": "400 gr Ton Balığı",
        "Price": 19.5,
        "Stock": 70,
        "imageUrl": "https://agrostarim.com/wp-content/uploads/2017/10/levrek-fileto-400x400.jpg",
        "imageName": "ton_baligi.jpg",
        "Weighable": false,
        "Campaign1": true,
        "Campaign2": false,
        "Category": "MeatFishPoultry",
        "CategoryId": 1
    },
    {
        "id": 2039,
        "Barcode": "86900000088",
        "ProductName": "Tavuk But",
        "Description": "800 gr Tavuk But",
        "Price": 9.9,
        "Stock": 85,
        "imageUrl": "https://yunusb2c.b-cdn.net/Image/Stock/400/20454c13-5a69-411c-9a04-92deee62046e.jpg",
        "imageName": "tavuk_but.jpg",
        "Weighable": false,
        "Campaign1": false,
        "Campaign2": false,
        "Category": "MeatFishPoultry",
        "CategoryId": 1
    },
    {
        "id": 2040,
        "Barcode": "86900000089",
        "ProductName": "Tavuk Baget",
        "Description": "800 gr Tavuk Baget",
        "Price": 14.75,
        "Stock": 75,
        "imageUrl": "https://yunusb2c.b-cdn.net/Image/Stock/400/20454c13-5a69-411c-9a04-92deee62046e.jpg",
        "imageName": "tavuk_baget.jpg",
        "Weighable": false,
        "Campaign1": true,
        "Campaign2": false,
        "Category": "MeatFishPoultry",
        "CategoryId": 1
    },
    {
        "id": 2041,
        "Barcode": "86900000090",
        "ProductName": "Köfte Izgara",
        "Description": "600 gr Köfte Izgara",
        "Price": 22.75,
        "Stock": 70,
        "imageUrl": "https://static.ticimax.cloud/56348/uploads/urunresimleri/sivas-kofte-dana-izgara-hazir-kofte-kg-418d-b.jpg",
        "imageName": "kofte_izgara.jpg",
        "Weighable": false,
        "Campaign1": true,
        "Campaign2": false,
        "Category": "MeatFishPoultry",
        "CategoryId": 1
    },
    {
        "id": 2042,
        "Barcode": "86900000091",
        "ProductName": "Dana Bonfile",
        "Description": "500 gr Dana Bonfile",
        "Price": 42.9,
        "Stock": 55,
        "imageUrl":"https://static.ticimax.cloud/62343/uploads/urunresimleri/thumb/kuzu-kusbasi-kg-4355-b.jpg",
        "imageName": "dana_bonfile.jpg",
        "Weighable": false,
        "Campaign1": false,
        "Campaign2": false,
        "Category": "MeatFishPoultry",
        "CategoryId": 1
    },
    {
        "id": 2043,
        "Barcode": "86900000092",
        "ProductName": "Tavuk Göğüs",
        "Description": "1 kg Tavuk Göğüs",
        "Price": 15.5,
        "Stock": 80,
        "imageUrl": "https://yunusb2c.b-cdn.net/Image/Stock/400/20454c13-5a69-411c-9a04-92deee62046e.jpg",
        "imageName": "tavuk_gogus.jpg",
        "Weighable": false,
        "Campaign1": true,
        "Campaign2": false,
        "Category": "MeatFishPoultry",
        "CategoryId": 1
    },
    {
        "id": 2044,
        "Barcode": "86900000093",
        "ProductName": "Balık Fileto",
        "Description": "300 gr Balık Fileto",
        "Price": 25.9,
        "Stock": 60,
        "imageUrl": "https://agrostarim.com/wp-content/uploads/2017/10/levrek-fileto-400x400.jpg",
        "imageName": "balik_fileto.jpg",
        "Weighable": false,
        "Campaign1": false,
        "Campaign2": false,
        "Category": "MeatFishPoultry",
        "CategoryId": 1
    },
    {
        "id": 2045,
        "Barcode": "86900000094",
        "ProductName": "Kuzu Kuşbaşı",
        "Description": "400 gr Kuzu Kuşbaşı",
        "Price": 28.75,
        "Stock": 70,
        "imageUrl": "https://static.ticimax.cloud/62343/uploads/urunresimleri/thumb/kuzu-kusbasi-kg-4355-b.jpg",
        "imageName": "kuzu_kusbasi.jpg",
        "Weighable": false,
        "Campaign1": true,
        "Campaign2": false,
        "Category": "MeatFishPoultry",
        "CategoryId": 1
    },
    {
        "id": 2046,
        "Barcode": "86900000095",
        "ProductName": "Somon Füme",
        "Description": "200 gr Somon Füme",
        "Price": 22.6,
        "Stock": 50,
        "imageUrl": "https://agrostarim.com/wp-content/uploads/2017/10/levrek-fileto-400x400.jpg",
        "imageName": "somon_fume.jpg",
        "Weighable": false,
        "Campaign1": false,
        "Campaign2": false,
        "Category": "MeatFishPoultry",
        "CategoryId": 1
    },
    {
        "id": 2047,
        "Barcode": "86900000096",
        "ProductName": "Tavuk Kanat",
        "Description": "750 gr Tavuk Kanat",
        "Price": 12.9,
        "Stock": 90,
        "imageUrl": "https://yunusb2c.b-cdn.net/Image/Stock/400/20454c13-5a69-411c-9a04-92deee62046e.jpg",
        "imageName": "tavuk_kanat.jpg",
        "Weighable": false,
        "Campaign1": true,
        "Campaign2": false,
        "Category": "MeatFishPoultry",
        "CategoryId": 1
    },
    {
        "id": 2048,
        "Barcode": "86900000097",
        "ProductName": "Izgara Köfte",
        "Description": "500 gr Izgara Köfte",
        "Price": 17.9,
        "Stock": 65,
        "imageUrl": "https://static.ticimax.cloud/56348/uploads/urunresimleri/sivas-kofte-dana-izgara-hazir-kofte-kg-418d-b.jpg",
        "imageName": "izgara_kofte.jpg",
        "Weighable": false,
        "Campaign1": false,
        "Campaign2": false,
        "Category": "MeatFishPoultry",
        "CategoryId": 1
    },
    {
        "id": 2049,
        "Barcode": "86900000098",
        "ProductName": "Levrek",
        "Description": "300 gr Levrek",
        "Price": 33.5,
        "Stock": 40,
        "imageUrl": "https://agrostarim.com/wp-content/uploads/2017/10/levrek-fileto-400x400.jpg",
        "imageName": "levrek.jpg",
        "Weighable": false,
        "Campaign1": true,
        "Campaign2": false,
        "Category": "MeatFishPoultry",
        "CategoryId": 1
    },
    {
        "id": 2050,
        "Barcode": "869000098",
        "ProductName": "Alabalık",
        "Description": "300 gr Levrek",
        "Price": 33.5,
        "Stock": 40,
        "imageUrl": "https://agrostarim.com/wp-content/uploads/2017/10/levrek-fileto-400x400.jpg",
        "imageName": "levrek.jpg",
        "Weighable": false,
        "Campaign1": true,
        "Campaign2": false,
        "Category": "MeatFishPoultry",
        "CategoryId": 1
    },
    {
        "id": 2051,
        "Barcode": "8690005400098",
        "ProductName": "Palamut",
        "Description": "300 gr Levrek",
        "Price": 33.5,
        "Stock": 40,
        "imageUrl": "https://agrostarim.com/wp-content/uploads/2017/10/levrek-fileto-400x400.jpg",
        "imageName": "levrek.jpg",
        "Weighable": false,
        "Campaign1": true,
        "Campaign2": false,
        "Category": "MeatFishPoultry",
        "CategoryId": 1
    },
    {
        "id": 2052,
        "Barcode": "8690000430098",
        "ProductName": "Hamsi",
        "Description": "300 gr Levrek",
        "Price": 33.5,
        "Stock": 40,
        "imageUrl": "https://agrostarim.com/wp-content/uploads/2017/10/levrek-fileto-400x400.jpg",
        "imageName": "levrek.jpg",
        "Weighable": false,
        "Campaign1": true,
        "Campaign2": false,
        "Category": "MeatFishPoultry",
        "CategoryId": 1
    },
    {
        "id": 2053,
        "Barcode": "8690045000098",
        "ProductName": "Mezgit",
        "Description": "300 gr Levrek",
        "Price": 33.5,
        "Stock": 40,
        "imageUrl": "https://agrostarim.com/wp-content/uploads/2017/10/levrek-fileto-400x400.jpg",
        "imageName": "levrek.jpg",
        "Weighable": false,
        "Campaign1": true,
        "Campaign2": false,
        "Category": "MeatFishPoultry",
        "CategoryId": 1
    }
]