[
    {
        "id": 860,
        "Barcode": "86900000860",
        "ProductName": "Peçete 100'lü",
        "Description": "Yüksek kaliteli 100'lü peçete.",
        "Price": 81.9,
        "Stock": 54,
        "imageUrl": "https://www.hijyenstay.com/upload/16872_40x40-pecete.jpg",
        "imageName": "",
        "Weighable": false,
        "Campaign1": false,
        "Campaign2": false,
        "Category": "Paper",
        "CategoryId": 10
    },
    {
        "id": 861,
        "Barcode": "86900000861",
        "ProductName": "Islak Mendil 90'lı",
        "Description": "Yumuşak dokulu 90'lı ıslak mendil.",
        "Price": 82.9,
        "Stock": 53,
        "imageUrl": "https://www.aksanshop.com/deep-fresh-maxi-pack-islak-mendil-lavanta-144-yaprak-deep-fresh-maxi-pack-islak-mendil-61605-71-K.jpg",
        "imageName": "",
        "Weighable": false,
        "Campaign1": true,
        "Campaign2": false,
        "Category": "Paper",
        "CategoryId": 10
    },
    {
        "id": 862,
        "Barcode": "86900000862",
        "ProductName": "Tuvalet Kağıdı 24'lü",
        "Description": "Dayanıklı ve kaliteli 24'lü tuvalet kağıdı.",
        "Price": 83.9,
        "Stock": 52,
        "imageUrl": "https://yunusb2c.b-cdn.net/Image/Stock/400/e8f1a429-ea7f-461f-a6ff-fba8b7caa108.jpg",
        "imageName": "",
        "Weighable": false,
        "Campaign1": false,
        "Campaign2": false,
        "Category": "Paper",
        "CategoryId": 10
    },
    {
        "id": 863,
        "Barcode": "86900000863",
        "ProductName": "Havlu Kağıt 6'lı",
        "Description": "Emici ve dayanıklı 6'lı havlu kağıt.",
        "Price": 84.9,
        "Stock": 51,
        "imageUrl": "https://ideacdn.net/shop/bc/36/myassets/products/666/havlu.jpg?revision=1713937640",
        "imageName": "",
        "Weighable": false,
        "Campaign1": true,
        "Campaign2": false,
        "Category": "Paper",
        "CategoryId": 10
    },
    {
        "id": 864,
        "Barcode": "86900000864",
        "ProductName": "Kağıt Tabak 50'li",
        "Description": "Dayanıklı ve pratik 50'li kağıt tabak.",
        "Price": 85.9,
        "Stock": 50,
        "imageUrl": "https://partidukkanim.com/image/cache/parti-malzemeleri/sofra-setleri-renkli/tabaklar/kirmizi-karton-tabak-8-adet-400x400.jpg",
        "imageName": "",
        "Weighable": false,
        "Campaign1": false,
        "Campaign2": false,
        "Category": "Paper",
        "CategoryId": 10
    },
    {
        "id": 865,
        "Barcode": "86900000865",
        "ProductName": "Kağıt Bardak 100'lü",
        "Description": "Sağlam ve kullanışlı 100'lü kağıt bardak.",
        "Price": 86.9,
        "Stock": 49,
        "imageUrl": "https://partidukkanim.com/image/cache/parti-malzemeleri/sofra-setleri-renkli/bardaklar/acik-mavi-karton-bardak-400x400.jpg",
        "imageName": "",
        "Weighable": false,
        "Campaign1": true,
        "Campaign2": false,
        "Category": "Paper",
        "CategoryId": 10
    },
    {
        "id": 866,
        "Barcode": "86900000866",
        "ProductName": "Kağıt Havlu Rulo",
        "Description": "Yüksek emici rulo kağıt havlu.",
        "Price": 87.9,
        "Stock": 48,
        "imageUrl": "https://ideacdn.net/shop/bc/36/myassets/products/666/havlu.jpg?revision=1713937640",
        "imageName": "",
        "Weighable": false,
        "Campaign1": false,
        "Campaign2": false,
        "Category": "Paper",
        "CategoryId": 10
    },
    {
        "id": 867,
        "Barcode": "86900000867",
        "ProductName": "Peçete 200'lü",
        "Description": "Yüksek kaliteli 200'lü peçete.",
        "Price": 88.9,
        "Stock": 47,
        "imageUrl": "https://www.hijyenstay.com/upload/16872_40x40-pecete.jpg",
        "imageName": "",
        "Weighable": false,
        "Campaign1": true,
        "Campaign2": false,
        "Category": "Paper",
        "CategoryId": 10
    },
    {
        "id": 868,
        "Barcode": "86900000868",
        "ProductName": "Tuvalet Kağıdı 12'li",
        "Description": "Ekonomik paket 12'li tuvalet kağıdı.",
        "Price": 89.9,
        "Stock": 46,
        "imageUrl": "https://yunusb2c.b-cdn.net/Image/Stock/400/e8f1a429-ea7f-461f-a6ff-fba8b7caa108.jpg",
        "imageName": "",
        "Weighable": false,
        "Campaign1": false,
        "Campaign2": false,
        "Category": "Paper",
        "CategoryId": 10
    },
    {
        "id": 869,
        "Barcode": "86900000869",
        "ProductName": "Islak Mendil 50'li",
        "Description": "Pratik ve kullanışlı 50'li ıslak mendil.",
        "Price": 90.9,
        "Stock": 45,
        "imageUrl": "https://www.aksanshop.com/deep-fresh-maxi-pack-islak-mendil-lavanta-144-yaprak-deep-fresh-maxi-pack-islak-mendil-61605-71-K.jpg",
        "imageName": "",
        "Weighable": false,
        "Campaign1": true,
        "Campaign2": false,
        "Category": "Paper",
        "CategoryId": 10
    },
    {
        "id": 870,
        "Barcode": "86900000870",
        "ProductName": "Kağıt Tabak 100'lü",
        "Description": "Kaliteli ve dayanıklı 100'lü kağıt tabak.",
        "Price": 91.9,
        "Stock": 44,
        "imageUrl": "https://partidukkanim.com/image/cache/parti-malzemeleri/sofra-setleri-renkli/tabaklar/kirmizi-karton-tabak-8-adet-400x400.jpg",
        "imageName": "",
        "Weighable": false,
        "Campaign1": false,
        "Campaign2": false,
        "Category": "Paper",
        "CategoryId": 10
    },
    {
        "id": 871,
        "Barcode": "86900000871",
        "ProductName": "Peçete 50'li",
        "Description": "Yüksek kaliteli 50'li peçete.",
        "Price": 92.9,
        "Stock": 43,
        "imageUrl": "https://www.hijyenstay.com/upload/16872_40x40-pecete.jpg",
        "imageName": "",
        "Weighable": false,
        "Campaign1": true,
        "Campaign2": false,
        "Category": "Paper",
        "CategoryId": 10
    },
    {
        "id": 872,
        "Barcode": "86900000872",
        "ProductName": "Havlu Kağıt 12'li",
        "Description": "Ekonomik paket 12'li havlu kağıt.",
        "Price": 93.9,
        "Stock": 42,
        "imageUrl": "https://ideacdn.net/shop/bc/36/myassets/products/666/havlu.jpg?revision=1713937640",
        "imageName": "",
        "Weighable": false,
        "Campaign1": false,
        "Campaign2": false,
        "Category": "Paper",
        "CategoryId": 10
    },
    {
        "id": 873,
        "Barcode": "86900000873",
        "ProductName": "Kağıt Bardak 50'li",
        "Description": "Sağlam ve kullanışlı 50'li kağıt bardak.",
        "Price": 94.9,
        "Stock": 41,
        "imageUrl": "https://partidukkanim.com/image/cache/parti-malzemeleri/sofra-setleri-renkli/bardaklar/acik-mavi-karton-bardak-400x400.jpg",
        "imageName": "",
        "Weighable": false,
        "Campaign1": true,
        "Campaign2": false,
        "Category": "Paper",
        "CategoryId": 10
    },
    {
        "id": 874,
        "Barcode": "86900000874",
        "ProductName": "Kağıt Havlu 2'li",
        "Description": "Pratik 2'li kağıt havlu.",
        "Price": 95.9,
        "Stock": 40,
        "imageUrl": "https://ideacdn.net/shop/bc/36/myassets/products/666/havlu.jpg?revision=1713937640",
        "imageName": "",
        "Weighable": false,
        "Campaign1": false,
        "Campaign2": false,
        "Category": "Paper",
        "CategoryId": 10
    },
    {
        "id": 875,
        "Barcode": "86900000875",
        "ProductName": "Islak Mendil 30'lu",
        "Description": "Kompakt ve kullanışlı 30'lu ıslak mendil.",
        "Price": 96.9,
        "Stock": 39,
        "imageUrl": "https://www.aksanshop.com/deep-fresh-maxi-pack-islak-mendil-lavanta-144-yaprak-deep-fresh-maxi-pack-islak-mendil-61605-71-K.jpg",
        "imageName": "",
        "Weighable": false,
        "Campaign1": true,
        "Campaign2": false,
        "Category": "Paper",
        "CategoryId": 10
    },
    {
        "id": 876,
        "Barcode": "86900000876",
        "ProductName": "Tuvalet Kağıdı 48'li",
        "Description": "Toplu alım için 48'li tuvalet kağıdı.",
        "Price": 97.9,
        "Stock": 38,
        "imageUrl": "https://yunusb2c.b-cdn.net/Image/Stock/400/e8f1a429-ea7f-461f-a6ff-fba8b7caa108.jpg",
        "imageName": "",
        "Weighable": false,
        "Campaign1": false,
        "Campaign2": false,
        "Category": "Paper",
        "CategoryId": 10
    },
    {
        "id": 877,
        "Barcode": "86900000877",
        "ProductName": "Peçete 300'lü",
        "Description": "Yüksek kaliteli 300'lü peçete.",
        "Price": 98.9,
        "Stock": 37,
        "imageUrl": "https://www.hijyenstay.com/upload/16872_40x40-pecete.jpg",
        "imageName": "",
        "Weighable": false,
        "Campaign1": true,
        "Campaign2": false,
        "Category": "Paper",
        "CategoryId": 10
    },
    {
        "id": 878,
        "Barcode": "86900000878",
        "ProductName": "Havlu Kağıt 4'lü",
        "Description": "Ekonomik paket 4'lü havlu kağıt.",
        "Price": 99.9,
        "Stock": 36,
        "imageUrl": "https://ideacdn.net/shop/bc/36/myassets/products/666/havlu.jpg?revision=1713937640",
        "imageName": "",
        "Weighable": false,
        "Campaign1": false,
        "Campaign2": false,
        "Category": "Paper",
        "CategoryId": 10
    },
    {
        "id": 879,
        "Barcode": "86900000879",
        "ProductName": "Kağıt Tabak 200'lü",
        "Description": "Kaliteli ve dayanıklı 200'lü kağıt tabak.",
        "Price": 100.9,
        "Stock": 35,
        "imageUrl": "https://partidukkanim.com/image/cache/parti-malzemeleri/sofra-setleri-renkli/tabaklar/kirmizi-karton-tabak-8-adet-400x400.jpg",
        "imageName": "",
        "Weighable": false,
        "Campaign1": true,
        "Campaign2": false,
        "Category": "Paper",
        "CategoryId": 10
    },
    {
        "id": 880,
        "Barcode": "86900000880",
        "ProductName": "Kağıt Bardak 200'lü",
        "Description": "Sağlam ve kullanışlı 200'lü kağıt bardak.",
        "Price": 101.9,
        "Stock": 34,
        "imageUrl": "https://partidukkanim.com/image/cache/parti-malzemeleri/sofra-setleri-renkli/bardaklar/acik-mavi-karton-bardak-400x400.jpg",
        "imageName": "",
        "Weighable": false,
        "Campaign1": false,
        "Campaign2": false,
        "Category": "Paper",
        "CategoryId": 10
    },
    {
        "id": 881,
        "Barcode": "86900000881",
        "ProductName": "Tuvalet Kağıdı 96'lı",
        "Description": "Toplu alım için 96'lı tuvalet kağıdı.",
        "Price": 102.9,
        "Stock": 33,
        "imageUrl": "https://yunusb2c.b-cdn.net/Image/Stock/400/e8f1a429-ea7f-461f-a6ff-fba8b7caa108.jpg",
        "imageName": "",
        "Weighable": false,
        "Campaign1": true,
        "Campaign2": false,
        "Category": "Paper",
        "CategoryId": 10
    },
    {
        "id": 882,
        "Barcode": "86900000882",
        "ProductName": "Islak Mendil 120'li",
        "Description": "Yumuşak dokulu 120'li ıslak mendil.",
        "Price": 103.9,
        "Stock": 32,
        "imageUrl": "https://www.aksanshop.com/deep-fresh-maxi-pack-islak-mendil-lavanta-144-yaprak-deep-fresh-maxi-pack-islak-mendil-61605-71-K.jpg",
        "imageName": "",
        "Weighable": false,
        "Campaign1": false,
        "Campaign2": false,
        "Category": "Paper",
        "CategoryId": 10
    },
    {
        "id": 883,
        "Barcode": "86900000883",
        "ProductName": "Peçete 500'lü",
        "Description": "Yüksek kaliteli 500'lü peçete.",
        "Price": 104.9,
        "Stock": 31,
        "imageUrl": "https://www.hijyenstay.com/upload/16872_40x40-pecete.jpg",
        "imageName": "",
        "Weighable": false,
        "Campaign1": true,
        "Campaign2": false,
        "Category": "Paper",
        "CategoryId": 10
    },
    {
        "id": 884,
        "Barcode": "86900000884",
        "ProductName": "Havlu Kağıt 24'lü",
        "Description": "Dayanıklı ve kaliteli 24'lü havlu kağıt.",
        "Price": 105.9,
        "Stock": 30,
        "imageUrl": "https://ideacdn.net/shop/bc/36/myassets/products/666/havlu.jpg?revision=1713937640",
        "imageName": "",
        "Weighable": false,
        "Campaign1": false,
        "Campaign2": false,
        "Category": "Paper",
        "CategoryId": 10
    },
    {
        "id": 885,
        "Barcode": "86900000885",
        "ProductName": "Kağıt Tabak 300'lü",
        "Description": "Kaliteli ve dayanıklı 300'lü kağıt tabak.",
        "Price": 106.9,
        "Stock": 29,
        "imageUrl": "https://partidukkanim.com/image/cache/parti-malzemeleri/sofra-setleri-renkli/tabaklar/kirmizi-karton-tabak-8-adet-400x400.jpg",
        "imageName": "",
        "Weighable": false,
        "Campaign1": true,
        "Campaign2": false,
        "Category": "Paper",
        "CategoryId": 10
    },
    {
        "id": 886,
        "Barcode": "86900000886",
        "ProductName": "Kağıt Bardak 300'lü",
        "Description": "Sağlam ve kullanışlı 300'lü kağıt bardak.",
        "Price": 107.9,
        "Stock": 28,
        "imageUrl": "https://partidukkanim.com/image/cache/parti-malzemeleri/sofra-setleri-renkli/bardaklar/acik-mavi-karton-bardak-400x400.jpg",
        "imageName": "",
        "Weighable": false,
        "Campaign1": false,
        "Campaign2": false,
        "Category": "Paper",
        "CategoryId": 10
    },
    {
        "id": 887,
        "Barcode": "86900000887",
        "ProductName": "Tuvalet Kağıdı 144'lü",
        "Description": "Toplu alım için 144'lü tuvalet kağıdı.",
        "Price": 108.9,
        "Stock": 27,
        "imageUrl": "https://yunusb2c.b-cdn.net/Image/Stock/400/e8f1a429-ea7f-461f-a6ff-fba8b7caa108.jpg",
        "imageName": "",
        "Weighable": false,
        "Campaign1": true,
        "Campaign2": false,
        "Category": "Paper",
        "CategoryId": 10
    },
    {
        "id": 888,
        "Barcode": "86900000888",
        "ProductName": "Islak Mendil 200'lü",
        "Description": "Yumuşak dokulu 200'lü ıslak mendil.",
        "Price": 109.9,
        "Stock": 26,
        "imageUrl": "https://www.aksanshop.com/deep-fresh-maxi-pack-islak-mendil-lavanta-144-yaprak-deep-fresh-maxi-pack-islak-mendil-61605-71-K.jpg",
        "imageName": "",
        "Weighable": false,
        "Campaign1": false,
        "Campaign2": false,
        "Category": "Paper",
        "CategoryId": 10
    },
    {
        "id": 889,
        "Barcode": "86900000889",
        "ProductName": "Peçete 750'li",
        "Description": "Yüksek kaliteli 750'li peçete.",
        "Price": 110.9,
        "Stock": 25,
        "imageUrl": "https://www.hijyenstay.com/upload/16872_40x40-pecete.jpg",
        "imageName": "",
        "Weighable": false,
        "Campaign1": true,
        "Campaign2": false,
        "Category": "Paper",
        "CategoryId": 10
    },
    {
        "id": 890,
        "Barcode": "86900000890",
        "ProductName": "Havlu Kağıt 36'lı",
        "Description": "Dayanıklı ve kaliteli 36'lı havlu kağıt.",
        "Price": 111.9,
        "Stock": 24,
        "imageUrl": "https://ideacdn.net/shop/bc/36/myassets/products/666/havlu.jpg?revision=1713937640",
        "imageName": "",
        "Weighable": false,
        "Campaign1": false,
        "Campaign2": false,
        "Category": "Paper",
        "CategoryId": 10
    },
    {
        "id": 891,
        "Barcode": "86900000891",
        "ProductName": "Kağıt Tabak 400'lü",
        "Description": "Kaliteli ve dayanıklı 400'lü kağıt tabak.",
        "Price": 112.9,
        "Stock": 23,
        "imageUrl": "https://partidukkanim.com/image/cache/parti-malzemeleri/sofra-setleri-renkli/tabaklar/kirmizi-karton-tabak-8-adet-400x400.jpg",
        "imageName": "",
        "Weighable": false,
        "Campaign1": true,
        "Campaign2": false,
        "Category": "Paper",
        "CategoryId": 10
    },
    {
        "id": 892,
        "Barcode": "86900000892",
        "ProductName": "Kağıt Bardak 400'lü",
        "Description": "Sağlam ve kullanışlı 400'lü kağıt bardak.",
        "Price": 113.9,
        "Stock": 22,
        "imageUrl": "https://partidukkanim.com/image/cache/parti-malzemeleri/sofra-setleri-renkli/bardaklar/acik-mavi-karton-bardak-400x400.jpg",
        "imageName": "",
        "Weighable": false,
        "Campaign1": false,
        "Campaign2": false,
        "Category": "Paper",
        "CategoryId": 10
    },
    {
        "id": 893,
        "Barcode": "86900000893",
        "ProductName": "Tuvalet Kağıdı 192'li",
        "Description": "Toplu alım için 192'li tuvalet kağıdı.",
        "Price": 114.9,
        "Stock": 21,
        "imageUrl": "https://yunusb2c.b-cdn.net/Image/Stock/400/e8f1a429-ea7f-461f-a6ff-fba8b7caa108.jpg",
        "imageName": "",
        "Weighable": false,
        "Campaign1": true,
        "Campaign2": false,
        "Category": "Paper",
        "CategoryId": 10
    },
    {
        "id": 894,
        "Barcode": "86900000894",
        "ProductName": "Islak Mendil 250'li",
        "Description": "Yumuşak dokulu 250'li ıslak mendil.",
        "Price": 115.9,
        "Stock": 20,
        "imageUrl": "https://www.aksanshop.com/deep-fresh-maxi-pack-islak-mendil-lavanta-144-yaprak-deep-fresh-maxi-pack-islak-mendil-61605-71-K.jpg",
        "imageName": "",
        "Weighable": false,
        "Campaign1": false,
        "Campaign2": false,
        "Category": "Paper",
        "CategoryId": 10
    },
    {
        "id": 895,
        "Barcode": "86900000895",
        "ProductName": "Peçete 1000'li",
        "Description": "Yüksek kaliteli 1000'li peçete.",
        "Price": 116.9,
        "Stock": 19,
        "imageUrl": "https://www.hijyenstay.com/upload/16872_40x40-pecete.jpg",
        "imageName": "",
        "Weighable": false,
        "Campaign1": true,
        "Campaign2": false,
        "Category": "Paper",
        "CategoryId": 10
    },
    {
        "id": 896,
        "Barcode": "86900000896",
        "ProductName": "Havlu Kağıt 48'li",
        "Description": "Dayanıklı ve kaliteli 48'li havlu kağıt.",
        "Price": 117.9,
        "Stock": 18,
        "imageUrl": "https://ideacdn.net/shop/bc/36/myassets/products/666/havlu.jpg?revision=1713937640",
        "imageName": "",
        "Weighable": false,
        "Campaign1": false,
        "Campaign2": false,
        "Category": "Paper",
        "CategoryId": 10
    },
    {
        "id": 897,
        "Barcode": "86900000897",
        "ProductName": "Kağıt Tabak 500'lü",
        "Description": "Kaliteli ve dayanıklı 500'lü kağıt tabak.",
        "Price": 118.9,
        "Stock": 17,
        "imageUrl": "https://partidukkanim.com/image/cache/parti-malzemeleri/sofra-setleri-renkli/tabaklar/kirmizi-karton-tabak-8-adet-400x400.jpg",
        "imageName": "",
        "Weighable": false,
        "Campaign1": true,
        "Campaign2": false,
        "Category": "Paper",
        "CategoryId": 10
    },
    {
        "id": 898,
        "Barcode": "86900000898",
        "ProductName": "Kağıt Bardak 500'lü",
        "Description": "Sağlam ve kullanışlı 500'lü kağıt bardak.",
        "Price": 119.9,
        "Stock": 16,
        "imageUrl": "https://partidukkanim.com/image/cache/parti-malzemeleri/sofra-setleri-renkli/bardaklar/acik-mavi-karton-bardak-400x400.jpg",
        "imageName": "",
        "Weighable": false,
        "Campaign1": false,
        "Campaign2": false,
        "Category": "Paper",
        "CategoryId": 10
    },
    {
        "id": 899,
        "Barcode": "86900000899",
        "ProductName": "Tuvalet Kağıdı 240'lı",
        "Description": "Toplu alım için 240'lı tuvalet kağıdı.",
        "Price": 120.9,
        "Stock": 15,
        "imageUrl": "https://yunusb2c.b-cdn.net/Image/Stock/400/e8f1a429-ea7f-461f-a6ff-fba8b7caa108.jpg",
        "imageName": "",
        "Weighable": false,
        "Campaign1": true,
        "Campaign2": false,
        "Category": "Paper",
        "CategoryId": 10
    },
    {
        "id": 900,
        "Barcode": "86900000900",
        "ProductName": "Islak Mendil 300'lü",
        "Description": "Yumuşak dokulu 300'lü ıslak mendil.",
        "Price": 121.9,
        "Stock": 14,
        "imageUrl": "https://www.aksanshop.com/deep-fresh-maxi-pack-islak-mendil-lavanta-144-yaprak-deep-fresh-maxi-pack-islak-mendil-61605-71-K.jpg",
        "imageName": "",
        "Weighable": false,
        "Campaign1": false,
        "Campaign2": false,
        "Category": "Paper",
        "CategoryId": 10
    },
    {
        "id": 901,
        "Barcode": "86900000901",
        "ProductName": "Peçete 1250'li",
        "Description": "Yüksek kaliteli 1250'li peçete.",
        "Price": 122.9,
        "Stock": 13,
        "imageUrl": "https://www.hijyenstay.com/upload/16872_40x40-pecete.jpg",
        "imageName": "",
        "Weighable": false,
        "Campaign1": true,
        "Campaign2": false,
        "Category": "Paper",
        "CategoryId": 10
    },
    {
        "id": 902,
        "Barcode": "86900000902",
        "ProductName": "Havlu Kağıt 60'lı",
        "Description": "Dayanıklı ve kaliteli 60'lı havlu kağıt.",
        "Price": 123.9,
        "Stock": 12,
        "imageUrl": "https://ideacdn.net/shop/bc/36/myassets/products/666/havlu.jpg?revision=1713937640",
        "imageName": "",
        "Weighable": false,
        "Campaign1": false,
        "Campaign2": false,
        "Category": "Paper",
        "CategoryId": 10
    },
    {
        "id": 903,
        "Barcode": "86900000903",
        "ProductName": "Kağıt Tabak 600'lü",
        "Description": "Kaliteli ve dayanıklı 600'lü kağıt tabak.",
        "Price": 124.9,
        "Stock": 11,
        "imageUrl": "https://partidukkanim.com/image/cache/parti-malzemeleri/sofra-setleri-renkli/tabaklar/kirmizi-karton-tabak-8-adet-400x400.jpg",
        "imageName": "",
        "Weighable": false,
        "Campaign1": true,
        "Campaign2": false,
        "Category": "Paper",
        "CategoryId": 10
    },
    {
        "id": 904,
        "Barcode": "86900000904",
        "ProductName": "Kağıt Bardak 600'lü",
        "Description": "Sağlam ve kullanışlı 600'lü kağıt bardak.",
        "Price": 125.9,
        "Stock": 10,
        "imageUrl": "https://partidukkanim.com/image/cache/parti-malzemeleri/sofra-setleri-renkli/bardaklar/acik-mavi-karton-bardak-400x400.jpg",
        "imageName": "",
        "Weighable": false,
        "Campaign1": false,
        "Campaign2": false,
        "Category": "Paper",
        "CategoryId": 10
    },
    {
        "id": 905,
        "Barcode": "86900000905",
        "ProductName": "Tuvalet Kağıdı 288'li",
        "Description": "Toplu alım için 288'li tuvalet kağıdı.",
        "Price": 126.9,
        "Stock": 9,
        "imageUrl": "https://yunusb2c.b-cdn.net/Image/Stock/400/e8f1a429-ea7f-461f-a6ff-fba8b7caa108.jpg",
        "imageName": "",
        "Weighable": false,
        "Campaign1": true,
        "Campaign2": false,
        "Category": "Paper",
        "CategoryId": 10
    },
    {
        "id": 906,
        "Barcode": "86900000906",
        "ProductName": "Islak Mendil 350'li",
        "Description": "Yumuşak dokulu 350'li ıslak mendil.",
        "Price": 127.9,
        "Stock": 8,
        "imageUrl": "https://www.aksanshop.com/deep-fresh-maxi-pack-islak-mendil-lavanta-144-yaprak-deep-fresh-maxi-pack-islak-mendil-61605-71-K.jpg",
        "imageName": "",
        "Weighable": false,
        "Campaign1": false,
        "Campaign2": false,
        "Category": "Paper",
        "CategoryId": 10
    },
    {
        "id": 907,
        "Barcode": "86900000907",
        "ProductName": "Peçete 1500'lü",
        "Description": "Yüksek kaliteli 1500'lü peçete.",
        "Price": 128.9,
        "Stock": 7,
        "imageUrl": "https://www.hijyenstay.com/upload/16872_40x40-pecete.jpg",
        "imageName": "",
        "Weighable": false,
        "Campaign1": true,
        "Campaign2": false,
        "Category": "Paper",
        "CategoryId": 10
    },
    {
        "id": 908,
        "Barcode": "86900000908",
        "ProductName": "Havlu Kağıt 72'li",
        "Description": "Dayanıklı ve kaliteli 72'li havlu kağıt.",
        "Price": 129.9,
        "Stock": 6,
        "imageUrl": "https://ideacdn.net/shop/bc/36/myassets/products/666/havlu.jpg?revision=1713937640",
        "imageName": "",
        "Weighable": false,
        "Campaign1": false,
        "Campaign2": false,
        "Category": "Paper",
        "CategoryId": 10
    },
    {
        "id": 909,
        "Barcode": "86900000909",
        "ProductName": "Kağıt Tabak 700'lü",
        "Description": "Kaliteli ve dayanıklı 700'lü kağıt tabak.",
        "Price": 130.9,
        "Stock": 5,
        "imageUrl": "https://partidukkanim.com/image/cache/parti-malzemeleri/sofra-setleri-renkli/tabaklar/kirmizi-karton-tabak-8-adet-400x400.jpg",
        "imageName": "",
        "Weighable": false,
        "Campaign1": true,
        "Campaign2": false,
        "Category": "Paper",
        "CategoryId": 10
    },
    {
        "id": 910,
        "Barcode": "86900000910",
        "ProductName": "Kağıt Bardak 700'lü",
        "Description": "Sağlam ve kullanışlı 700'lü kağıt bardak.",
        "Price": 131.9,
        "Stock": 4,
        "imageUrl": "https://partidukkanim.com/image/cache/parti-malzemeleri/sofra-setleri-renkli/bardaklar/acik-mavi-karton-bardak-400x400.jpg",
        "imageName": "",
        "Weighable": false,
        "Campaign1": false,
        "Campaign2": false,
        "Category": "Paper",
        "CategoryId": 10
    },
    {
        "id": 911,
        "Barcode": "86900000911",
        "ProductName": "Tuvalet Kağıdı 336'lı",
        "Description": "Toplu alım için 336'lı tuvalet kağıdı.",
        "Price": 132.9,
        "Stock": 3,
        "imageUrl": "https://yunusb2c.b-cdn.net/Image/Stock/400/e8f1a429-ea7f-461f-a6ff-fba8b7caa108.jpg",
        "imageName": "",
        "Weighable": false,
        "Campaign1": true,
        "Campaign2": false,
        "Category": "Paper",
        "CategoryId": 10
    },
    {
        "id": 912,
        "Barcode": "86900000912",
        "ProductName": "Islak Mendil 400'lü",
        "Description": "Yumuşak dokulu 400'lü ıslak mendil.",
        "Price": 133.9,
        "Stock": 2,
        "imageUrl": "https://www.aksanshop.com/deep-fresh-maxi-pack-islak-mendil-lavanta-144-yaprak-deep-fresh-maxi-pack-islak-mendil-61605-71-K.jpg",
        "imageName": "",
        "Weighable": false,
        "Campaign1": false,
        "Campaign2": false,
        "Category": "Paper",
        "CategoryId": 10
    },
    {
        "id": 913,
        "Barcode": "86900000913",
        "ProductName": "Peçete 1750'li",
        "Description": "Yüksek kaliteli 1750'li peçete.",
        "Price": 134.9,
        "Stock": 1,
        "imageUrl": "https://www.hijyenstay.com/upload/16872_40x40-pecete.jpg",
        "imageName": "",
        "Weighable": false,
        "Campaign1": true,
        "Campaign2": false,
        "Category": "Paper",
        "CategoryId": 10
    },
    {
        "id": 914,
        "Barcode": "86900000914",
        "ProductName": "Havlu Kağıt 84'lü",
        "Description": "Dayanıklı ve kaliteli 84'lü havlu kağıt.",
        "Price": 135.9,
        "Stock": 15,
        "imageUrl": "https://ideacdn.net/shop/bc/36/myassets/products/666/havlu.jpg?revision=1713937640",
        "imageName": "",
        "Weighable": false,
        "Campaign1": false,
        "Campaign2": false,
        "Category": "Paper",
        "CategoryId": 10
    },
    {
        "id": 915,
        "Barcode": "86900000915",
        "ProductName": "Kağıt Tabak 800'lü",
        "Description": "Kaliteli ve dayanıklı 800'lü kağıt tabak.",
        "Price": 136.9,
        "Stock": 14,
        "imageUrl": "https://partidukkanim.com/image/cache/parti-malzemeleri/sofra-setleri-renkli/tabaklar/kirmizi-karton-tabak-8-adet-400x400.jpg",
        "imageName": "",
        "Weighable": false,
        "Campaign1": true,
        "Campaign2": false,
        "Category": "Paper",
        "CategoryId": 10
    },
    {
        "id": 916,
        "Barcode": "86900000916",
        "ProductName": "Kağıt Bardak 800'lü",
        "Description": "Sağlam ve kullanışlı 800'lü kağıt bardak.",
        "Price": 137.9,
        "Stock": 13,
        "imageUrl": "https://partidukkanim.com/image/cache/parti-malzemeleri/sofra-setleri-renkli/bardaklar/acik-mavi-karton-bardak-400x400.jpg",
        "imageName": "",
        "Weighable": false,
        "Campaign1": false,
        "Campaign2": false,
        "Category": "Paper",
        "CategoryId": 10
    },
    {
        "id": 917,
        "Barcode": "86900000917",
        "ProductName": "Tuvalet Kağıdı 384'lü",
        "Description": "Toplu alım için 384'lü tuvalet kağıdı.",
        "Price": 138.9,
        "Stock": 12,
        "imageUrl": "https://yunusb2c.b-cdn.net/Image/Stock/400/e8f1a429-ea7f-461f-a6ff-fba8b7caa108.jpg",
        "imageName": "",
        "Weighable": false,
        "Campaign1": true,
        "Campaign2": false,
        "Category": "Paper",
        "CategoryId": 10
    },
    {
        "id": 918,
        "Barcode": "86900000918",
        "ProductName": "Islak Mendil 450'li",
        "Description": "Yumuşak dokulu 450'li ıslak mendil.",
        "Price": 139.9,
        "Stock": 11,
        "imageUrl": "https://www.aksanshop.com/deep-fresh-maxi-pack-islak-mendil-lavanta-144-yaprak-deep-fresh-maxi-pack-islak-mendil-61605-71-K.jpg",
        "imageName": "",
        "Weighable": false,
        "Campaign1": false,
        "Campaign2": false,
        "Category": "Paper",
        "CategoryId": 10
    },
    {
        "id": 919,
        "Barcode": "86900000919",
        "ProductName": "Peçete 2000'li",
        "Description": "Yüksek kaliteli 2000'li peçete.",
        "Price": 140.9,
        "Stock": 10,
        "imageUrl": "https://ideacdn.net/shop/bc/36/myassets/products/666/havlu.jpg?revision=1713937640",
        "imageName": "",
        "Weighable": false,
        "Campaign1": true,
        "Campaign2": false,
        "Category": "Paper",
        "CategoryId": 10
    },
    {
        "id": 920,
        "Barcode": "86900000920",
        "ProductName": "Havlu Kağıt 96'lı",
        "Description": "Dayanıklı ve kaliteli 96'lı havlu kağıt.",
        "Price": 141.9,
        "Stock": 9,
        "imageUrl": "https://ideacdn.net/shop/bc/36/myassets/products/666/havlu.jpg?revision=1713937640",
        "imageName": "",
        "Weighable": false,
        "Campaign1": false,
        "Campaign2": false,
        "Category": "Paper",
        "CategoryId": 10
    },
    {
        "id": 921,
        "Barcode": "86900000921",
        "ProductName": "Kağıt Tabak 900'lü",
        "Description": "Kaliteli ve dayanıklı 900'lü kağıt tabak.",
        "Price": 142.9,
        "Stock": 8,
        "imageUrl": "https://partidukkanim.com/image/cache/parti-malzemeleri/sofra-setleri-renkli/tabaklar/kirmizi-karton-tabak-8-adet-400x400.jpg",
        "imageName": "",
        "Weighable": false,
        "Campaign1": true,
        "Campaign2": false,
        "Category": "Paper",
        "CategoryId": 10
    },
    {
        "id": 922,
        "Barcode": "86900000922",
        "ProductName": "Kağıt Bardak 900'lü",
        "Description": "Sağlam ve kullanışlı 900'lü kağıt bardak.",
        "Price": 143.9,
        "Stock": 7,
        "imageUrl": "https://partidukkanim.com/image/cache/parti-malzemeleri/sofra-setleri-renkli/bardaklar/acik-mavi-karton-bardak-400x400.jpg",
        "imageName": "",
        "Weighable": false,
        "Campaign1": false,
        "Campaign2": false,
        "Category": "Paper",
        "CategoryId": 10
    },
    {
        "id": 923,
        "Barcode": "86900000923",
        "ProductName": "Tuvalet Kağıdı 432'li",
        "Description": "Toplu alım için 432'lü tuvalet kağıdı.",
        "Price": 144.9,
        "Stock": 6,
        "imageUrl": "https://yunusb2c.b-cdn.net/Image/Stock/400/e8f1a429-ea7f-461f-a6ff-fba8b7caa108.jpg",
        "imageName": "",
        "Weighable": false,
        "Campaign1": true,
        "Campaign2": false,
        "Category": "Paper",
        "CategoryId": 10
    },
    {
        "id": 924,
        "Barcode": "86900000924",
        "ProductName": "Islak Mendil 500'lü",
        "Description": "Yumuşak dokulu 500'lü ıslak mendil.",
        "Price": 145.9,
        "Stock": 5,
        "imageUrl": "https://www.aksanshop.com/deep-fresh-maxi-pack-islak-mendil-lavanta-144-yaprak-deep-fresh-maxi-pack-islak-mendil-61605-71-K.jpg",
        "imageName": "",
        "Weighable": false,
        "Campaign1": false,
        "Campaign2": false,
        "Category": "Paper",
        "CategoryId": 10
    },
    {
        "id": 925,
        "Barcode": "86900000925",
        "ProductName": "Peçete 2250'li",
        "Description": "Yüksek kaliteli 2250'li peçete.",
        "Price": 146.9,
        "Stock": 4,
        "imageUrl": "https://www.hijyenstay.com/upload/16872_40x40-pecete.jpg",
        "imageName": "",
        "Weighable": false,
        "Campaign1": true,
        "Campaign2": false,
        "Category": "Paper",
        "CategoryId": 10
    },
    {
        "id": 926,
        "Barcode": "86900000926",
        "ProductName": "Havlu Kağıt 108'li",
        "Description": "Dayanıklı ve kaliteli 108'li havlu kağıt.",
        "Price": 147.9,
        "Stock": 3,
        "imageUrl": "https://ideacdn.net/shop/bc/36/myassets/products/666/havlu.jpg?revision=1713937640",
        "imageName": "",
        "Weighable": false,
        "Campaign1": false,
        "Campaign2": false,
        "Category": "Paper",
        "CategoryId": 10
    },
    {
        "id": 927,
        "Barcode": "86900000927",
        "ProductName": "Kağıt Tabak 1000'lü",
        "Description": "Kaliteli ve dayanıklı 1000'lü kağıt tabak.",
        "Price": 148.9,
        "Stock": 2,
        "imageUrl": "https://partidukkanim.com/image/cache/parti-malzemeleri/sofra-setleri-renkli/tabaklar/kirmizi-karton-tabak-8-adet-400x400.jpg",
        "imageName": "",
        "Weighable": false,
        "Campaign1": true,
        "Campaign2": false,
        "Category": "Paper",
        "CategoryId": 10
    },
    {
        "id": 928,
        "Barcode": "86900000928",
        "ProductName": "Kağıt Bardak 1000'lü",
        "Description": "Sağlam ve kullanışlı 1000'lü kağıt bardak.",
        "Price": 149.9,
        "Stock": 1,
        "imageUrl": "https://partidukkanim.com/image/cache/parti-malzemeleri/sofra-setleri-renkli/bardaklar/acik-mavi-karton-bardak-400x400.jpg",
        "imageName": "",
        "Weighable": false,
        "Campaign1": false,
        "Campaign2": false,
        "Category": "Paper",
        "CategoryId": 10
    },
    {
        "id": 929,
        "Barcode": "86900000929",
        "ProductName": "Tuvalet Kağıdı 480'li",
        "Description": "Toplu alım için 480'li tuvalet kağıdı.",
        "Price": 150.9,
        "Stock": 10,
        "imageUrl": "https://yunusb2c.b-cdn.net/Image/Stock/400/e8f1a429-ea7f-461f-a6ff-fba8b7caa108.jpg",
        "imageName": "",
        "Weighable": false,
        "Campaign1": true,
        "Campaign2": false,
        "Category": "Paper",
        "CategoryId": 10
    },
    {
        "id": 930,
        "Barcode": "86900000930",
        "ProductName": "Islak Mendil 550'li",
        "Description": "Yumuşak dokulu 550'li ıslak mendil.",
        "Price": 151.9,
        "Stock": 9,
        "imageUrl": "https://www.aksanshop.com/deep-fresh-maxi-pack-islak-mendil-lavanta-144-yaprak-deep-fresh-maxi-pack-islak-mendil-61605-71-K.jpg",
        "imageName": "",
        "Weighable": false,
        "Campaign1": false,
        "Campaign2": false,
        "Category": "Paper",
        "CategoryId": 10
    },
    {
        "id": 931,
        "Barcode": "86900000931",
        "ProductName": "Peçete 2500'lü",
        "Description": "Yüksek kaliteli 2500'lü peçete.",
        "Price": 152.9,
        "Stock": 8,
        "imageUrl": "https://www.hijyenstay.com/upload/16872_40x40-pecete.jpg",
        "imageName": "",
        "Weighable": false,
        "Campaign1": true,
        "Campaign2": false,
        "Category": "Paper",
        "CategoryId": 10
    },
    {
        "id": 932,
        "Barcode": "86900000932",
        "ProductName": "Havlu Kağıt 120'li",
        "Description": "Dayanıklı ve kaliteli 120'li havlu kağıt.",
        "Price": 153.9,
        "Stock": 7,
        "imageUrl": "https://ideacdn.net/shop/bc/36/myassets/products/666/havlu.jpg?revision=1713937640",
        "imageName": "",
        "Weighable": false,
        "Campaign1": false,
        "Campaign2": false,
        "Category": "Paper",
        "CategoryId": 10
    },
    {
        "id": 933,
        "Barcode": "86900000933",
        "ProductName": "Kağıt Tabak 1100'lü",
        "Description": "Kaliteli ve dayanıklı 1100'lü kağıt tabak.",
        "Price": 154.9,
        "Stock": 6,
        "imageUrl": "https://partidukkanim.com/image/cache/parti-malzemeleri/sofra-setleri-renkli/tabaklar/kirmizi-karton-tabak-8-adet-400x400.jpg",
        "imageName": "",
        "Weighable": false,
        "Campaign1": true,
        "Campaign2": false,
        "Category": "Paper",
        "CategoryId": 10
    },
    {
        "id": 934,
        "Barcode": "86900000934",
        "ProductName": "Kağıt Bardak 1100'lü",
        "Description": "Sağlam ve kullanışlı 1100'lü kağıt bardak.",
        "Price": 155.9,
        "Stock": 5,
        "imageUrl": "https://partidukkanim.com/image/cache/parti-malzemeleri/sofra-setleri-renkli/bardaklar/acik-mavi-karton-bardak-400x400.jpg",
        "imageName": "",
        "Weighable": false,
        "Campaign1": false,
        "Campaign2": false,
        "Category": "Paper",
        "CategoryId": 10
    },
    {
        "id": 935,
        "Barcode": "86900000935",
        "ProductName": "Tuvalet Kağıdı 528'li",
        "Description": "Toplu alım için 528'li tuvalet kağıdı.",
        "Price": 156.9,
        "Stock": 4,
        "imageUrl": "https://yunusb2c.b-cdn.net/Image/Stock/400/e8f1a429-ea7f-461f-a6ff-fba8b7caa108.jpg",
        "imageName": "",
        "Weighable": false,
        "Campaign1": true,
        "Campaign2": false,
        "Category": "Paper",
        "CategoryId": 10
    },
    {
        "id": 936,
        "Barcode": "86900000936",
        "ProductName": "Islak Mendil 600'lü",
        "Description": "Yumuşak dokulu 600'lü ıslak mendil.",
        "Price": 157.9,
        "Stock": 3,
        "imageUrl": "https://www.aksanshop.com/deep-fresh-maxi-pack-islak-mendil-lavanta-144-yaprak-deep-fresh-maxi-pack-islak-mendil-61605-71-K.jpg",
        "imageName": "",
        "Weighable": false,
        "Campaign1": false,
        "Campaign2": false,
        "Category": "Paper",
        "CategoryId": 10
    },
    {
        "id": 937,
        "Barcode": "86900000937",
        "ProductName": "Peçete 2750'li",
        "Description": "Yüksek kaliteli 2750'li peçete.",
        "Price": 158.9,
        "Stock": 2,
        "imageUrl": "https://www.hijyenstay.com/upload/16872_40x40-pecete.jpg",
        "imageName": "",
        "Weighable": false,
        "Campaign1": true,
        "Campaign2": false,
        "Category": "Paper",
        "CategoryId": 10
    },
    {
        "id": 938,
        "Barcode": "86900000938",
        "ProductName": "Havlu Kağıt 132'li",
        "Description": "Dayanıklı ve kaliteli 132'li havlu kağıt.",
        "Price": 159.9,
        "Stock": 1,
        "imageUrl": "https://ideacdn.net/shop/bc/36/myassets/products/666/havlu.jpg?revision=1713937640",
        "imageName": "",
        "Weighable": false,
        "Campaign1": false,
        "Campaign2": false,
        "Category": "Paper",
        "CategoryId": 10
    },
    {
        "id": 939,
        "Barcode": "86900000939",
        "ProductName": "Kağıt Tabak 1200'lü",
        "Description": "Kaliteli ve dayanıklı 1200'lü kağıt tabak.",
        "Price": 160.9,
        "Stock": 15,
        "imageUrl": "https://partidukkanim.com/image/cache/parti-malzemeleri/sofra-setleri-renkli/tabaklar/kirmizi-karton-tabak-8-adet-400x400.jpg",
        "imageName": "",
        "Weighable": false,
        "Campaign1": true,
        "Campaign2": false,
        "Category": "Paper",
        "CategoryId": 10
    },
    {
        "id": 940,
        "Barcode": "86900000940",
        "ProductName": "Kağıt Bardak 1200'lü",
        "Description": "Sağlam ve kullanışlı 1200'lü kağıt bardak.",
        "Price": 161.9,
        "Stock": 14,
        "imageUrl": "https://partidukkanim.com/image/cache/parti-malzemeleri/sofra-setleri-renkli/bardaklar/acik-mavi-karton-bardak-400x400.jpg",
        "imageName": "",
        "Weighable": false,
        "Campaign1": false,
        "Campaign2": false,
        "Category": "Paper",
        "CategoryId": 10
    },
    {
        "id": 941,
        "Barcode": "86900000941",
        "ProductName": "Tuvalet Kağıdı 576'lı",
        "Description": "Toplu alım için 576'lı tuvalet kağıdı.",
        "Price": 162.9,
        "Stock": 13,
        "imageUrl": "https://yunusb2c.b-cdn.net/Image/Stock/400/e8f1a429-ea7f-461f-a6ff-fba8b7caa108.jpg",
        "imageName": "",
        "Weighable": false,
        "Campaign1": true,
        "Campaign2": false,
        "Category": "Paper",
        "CategoryId": 10
    },
    {
        "id": 942,
        "Barcode": "86900000942",
        "ProductName": "Islak Mendil 650'li",
        "Description": "Yumuşak dokulu 650'li ıslak mendil.",
        "Price": 163.9,
        "Stock": 12,
        "imageUrl": "https://www.aksanshop.com/deep-fresh-maxi-pack-islak-mendil-lavanta-144-yaprak-deep-fresh-maxi-pack-islak-mendil-61605-71-K.jpg",
        "imageName": "",
        "Weighable": false,
        "Campaign1": false,
        "Campaign2": false,
        "Category": "Paper",
        "CategoryId": 10
    },
    {
        "id": 943,
        "Barcode": "86900000943",
        "ProductName": "Peçete 3000'li",
        "Description": "Yüksek kaliteli 3000'li peçete.",
        "Price": 164.9,
        "Stock": 11,
        "imageUrl": "https://www.hijyenstay.com/upload/16872_40x40-pecete.jpg",
        "imageName": "",
        "Weighable": false,
        "Campaign1": true,
        "Campaign2": false,
        "Category": "Paper",
        "CategoryId": 10
    },
    {
        "id": 944,
        "Barcode": "86900000944",
        "ProductName": "Havlu Kağıt 144'lü",
        "Description": "Dayanıklı ve kaliteli 144'lü havlu kağıt.",
        "Price": 165.9,
        "Stock": 10,
        "imageUrl": "https://ideacdn.net/shop/bc/36/myassets/products/666/havlu.jpg?revision=1713937640",
        "imageName": "",
        "Weighable": false,
        "Campaign1": false,
        "Campaign2": false,
        "Category": "Paper",
        "CategoryId": 10
    },
    {
        "id": 945,
        "Barcode": "86900000945",
        "ProductName": "Kağıt Tabak 1300'lü",
        "Description": "Kaliteli ve dayanıklı 1300'lü kağıt tabak.",
        "Price": 166.9,
        "Stock": 9,
        "imageUrl": "https://partidukkanim.com/image/cache/parti-malzemeleri/sofra-setleri-renkli/tabaklar/kirmizi-karton-tabak-8-adet-400x400.jpg",
        "imageName": "",
        "Weighable": false,
        "Campaign1": true,
        "Campaign2": false,
        "Category": "Paper",
        "CategoryId": 10
    },
    {
        "id": 946,
        "Barcode": "86900000946",
        "ProductName": "Kağıt Bardak 1300'lü",
        "Description": "Sağlam ve kullanışlı 1300'lü kağıt bardak.",
        "Price": 167.9,
        "Stock": 8,
        "imageUrl": "https://partidukkanim.com/image/cache/parti-malzemeleri/sofra-setleri-renkli/bardaklar/acik-mavi-karton-bardak-400x400.jpg",
        "imageName": "",
        "Weighable": false,
        "Campaign1": false,
        "Campaign2": false,
        "Category": "Paper",
        "CategoryId": 10
    },
    {
        "id": 947,
        "Barcode": "86900000947",
        "ProductName": "Tuvalet Kağıdı 624'lü",
        "Description": "Toplu alım için 624'lü tuvalet kağıdı.",
        "Price": 168.9,
        "Stock": 7,
        "imageUrl": "https://yunusb2c.b-cdn.net/Image/Stock/400/e8f1a429-ea7f-461f-a6ff-fba8b7caa108.jpg",
        "imageName": "",
        "Weighable": false,
        "Campaign1": true,
        "Campaign2": false,
        "Category": "Paper",
        "CategoryId": 10
    },
    {
        "id": 948,
        "Barcode": "86900000948",
        "ProductName": "Islak Mendil 700'lü",
        "Description": "Yumuşak dokulu 700'lü ıslak mendil.",
        "Price": 169.9,
        "Stock": 6,
        "imageUrl": "https://www.aksanshop.com/deep-fresh-maxi-pack-islak-mendil-lavanta-144-yaprak-deep-fresh-maxi-pack-islak-mendil-61605-71-K.jpg",
        "imageName": "",
        "Weighable": false,
        "Campaign1": false,
        "Campaign2": false,
        "Category": "Paper",
        "CategoryId": 10
    },
    {
        "id": 949,
        "Barcode": "86900000949",
        "ProductName": "Peçete 3250'li",
        "Description": "Yüksek kaliteli 3250'li peçete.",
        "Price": 170.9,
        "Stock": 5,
        "imageUrl": "https://www.hijyenstay.com/upload/16872_40x40-pecete.jpg",
        "imageName": "",
        "Weighable": false,
        "Campaign1": true,
        "Campaign2": false,
        "Category": "Paper",
        "CategoryId": 10
    },
    {
        "id": 950,
        "Barcode": "86900000950",
        "ProductName": "Havlu Kağıt 156'lı",
        "Description": "Dayanıklı ve kaliteli 156'lı havlu kağıt.",
        "Price": 171.9,
        "Stock": 4,
        "imageUrl": "https://ideacdn.net/shop/bc/36/myassets/products/666/havlu.jpg?revision=1713937640",
        "imageName": "",
        "Weighable": false,
        "Campaign1": false,
        "Campaign2": false,
        "Category": "Paper",
        "CategoryId": 10
    },
    {
        "id": 951,
        "Barcode": "86900000951",
        "ProductName": "Kağıt Tabak 1400'lü",
        "Description": "Kaliteli ve dayanıklı 1400'lü kağıt tabak.",
        "Price": 172.9,
        "Stock": 3,
        "imageUrl": "https://partidukkanim.com/image/cache/parti-malzemeleri/sofra-setleri-renkli/tabaklar/kirmizi-karton-tabak-8-adet-400x400.jpg",
        "imageName": "",
        "Weighable": false,
        "Campaign1": true,
        "Campaign2": false,
        "Category": "Paper",
        "CategoryId": 10
    },
    {
        "id": 952,
        "Barcode": "86900000952",
        "ProductName": "Kağıt Bardak 1400'lü",
        "Description": "Sağlam ve kullanışlı 1400'lü kağıt bardak.",
        "Price": 173.9,
        "Stock": 2,
        "imageUrl": "https://partidukkanim.com/image/cache/parti-malzemeleri/sofra-setleri-renkli/bardaklar/acik-mavi-karton-bardak-400x400.jpg",
        "imageName": "",
        "Weighable": false,
        "Campaign1": false,
        "Campaign2": false,
        "Category": "Paper",
        "CategoryId": 10
    },
    {
        "id": 953,
        "Barcode": "86900000953",
        "ProductName": "Tuvalet Kağıdı 672'li",
        "Description": "Toplu alım için 672'lü tuvalet kağıdı.",
        "Price": 174.9,
        "Stock": 1,
        "imageUrl": "https://yunusb2c.b-cdn.net/Image/Stock/400/e8f1a429-ea7f-461f-a6ff-fba8b7caa108.jpg",
        "imageName": "",
        "Weighable": false,
        "Campaign1": true,
        "Campaign2": false,
        "Category": "Paper",
        "CategoryId": 10
    },
    {
        "id": 954,
        "Barcode": "86900000954",
        "ProductName": "Islak Mendil 750'li",
        "Description": "Yumuşak dokulu 750'li ıslak mendil.",
        "Price": 175.9,
        "Stock": 20,
        "imageUrl": "https://www.aksanshop.com/deep-fresh-maxi-pack-islak-mendil-lavanta-144-yaprak-deep-fresh-maxi-pack-islak-mendil-61605-71-K.jpg",
        "imageName": "",
        "Weighable": false,
        "Campaign1": false,
        "Campaign2": false,
        "Category": "Paper",
        "CategoryId": 10
    },
    {
        "id": 955,
        "Barcode": "86900000955",
        "ProductName": "Peçete 3500'lü",
        "Description": "Yüksek kaliteli 3500'lü peçete.",
        "Price": 176.9,
        "Stock": 19,
        "imageUrl": "https://www.hijyenstay.com/upload/16872_40x40-pecete.jpg",
        "imageName": "",
        "Weighable": false,
        "Campaign1": true,
        "Campaign2": false,
        "Category": "Paper",
        "CategoryId": 10
    },
    {
        "id": 956,
        "Barcode": "86900000956",
        "ProductName": "Havlu Kağıt 168'li",
        "Description": "Dayanıklı ve kaliteli 168'li havlu kağıt.",
        "Price": 177.9,
        "Stock": 18,
        "imageUrl": "https://ideacdn.net/shop/bc/36/myassets/products/666/havlu.jpg?revision=1713937640",
        "imageName": "",
        "Weighable": false,
        "Campaign1": false,
        "Campaign2": false,
        "Category": "Paper",
        "CategoryId": 10
    },
    {
        "id": 957,
        "Barcode": "86900000957",
        "ProductName": "Kağıt Tabak 1500'lü",
        "Description": "Kaliteli ve dayanıklı 1500'lü kağıt tabak.",
        "Price": 178.9,
        "Stock": 17,
        "imageUrl": "https://partidukkanim.com/image/cache/parti-malzemeleri/sofra-setleri-renkli/tabaklar/kirmizi-karton-tabak-8-adet-400x400.jpg",
        "imageName": "",
        "Weighable": false,
        "Campaign1": true,
        "Campaign2": false,
        "Category": "Paper",
        "CategoryId": 10
    },
    {
        "id": 958,
        "Barcode": "86900000958",
        "ProductName": "Kağıt Bardak 1500'lü",
        "Description": "Sağlam ve kullanışlı 1500'lü kağıt bardak.",
        "Price": 179.9,
        "Stock": 16,
        "imageUrl": "https://partidukkanim.com/image/cache/parti-malzemeleri/sofra-setleri-renkli/bardaklar/acik-mavi-karton-bardak-400x400.jpg",
        "imageName": "",
        "Weighable": false,
        "Campaign1": false,
        "Campaign2": false,
        "Category": "Paper",
        "CategoryId": 10
    },
    {
        "id": 959,
        "Barcode": "86900000959",
        "ProductName": "Tuvalet Kağıdı 720'li",
        "Description": "Toplu alım için 720'li tuvalet kağıdı.",
        "Price": 180.9,
        "Stock": 15,
        "imageUrl": "https://yunusb2c.b-cdn.net/Image/Stock/400/e8f1a429-ea7f-461f-a6ff-fba8b7caa108.jpg",
        "imageName": "",
        "Weighable": false,
        "Campaign1": true,
        "Campaign2": false,
        "Category": "Paper",
        "CategoryId": 10
    }
]