[
    {
        "id": 960,
        "Barcode": "86900000960",
        "ProductName": "Kedi Maması",
        "Description": "Lezzetli kedi maması",
        "Price": 81.9,
        "Stock": 54,
        "imageUrl": "https://img-bizimtoptan.mncdn.com/mnresize/400/400/Content/Images/Originals/2864237_0.png",
        "imageName": "",
        "Weighable": false,
        "Campaign1": true,
        "Campaign2": false,
        "Category": "Pet",
        "CategoryId": 11
    },
    {
        "id": 961,
        "Barcode": "86900000961",
        "ProductName": "Köpek Oyuncağı",
        "Description": "Dayanıklı ve eğlenceli köpek oyuncağı",
        "Price": 81.9,
        "Stock": 54,
        "imageUrl": "https://cdn.myikas.com/images/095577b2-7631-4970-aac8-f67dc0fdb305/6fcc828d-6d8c-4d6a-b4e3-ceeb19f6b8e7/image_1080.jpg",
        "imageName": "",
        "Weighable": false,
        "Campaign1": false,
        "Campaign2": false,
        "Category": "Pet",
        "CategoryId": 11
    },
    {
        "id": 962,
        "Barcode": "86900000962",
        "ProductName": "Kedi Kum",
        "Description": "Koku emici ve kolay temizlenen kedi kumu",
        "Price": 81.9,
        "Stock": 54,
        "imageUrl": "https://bayi.pelagos.com.tr/tofu-kedi-kumu-6-lt-6-adet-kedi-kumlari-tofu-29153-26-K.jpg",
        "imageName": "",
        "Weighable": false,
        "Campaign1": true,
        "Campaign2": false,
        "Category": "Pet",
        "CategoryId": 11
    },
    {
        "id": 963,
        "Barcode": "86900000963",
        "ProductName": "Köpek Tasması",
        "Description": "Rahat ve ayarlanabilir köpek tasmaları",
        "Price": 81.9,
        "Stock": 54,
        "imageUrl": "https://www.cocopet.com.tr/image/cache/catalog/Cocopetkediboyuntasmas%C4%B110lu111301-400x400.png",
        "imageName": "",
        "Weighable": false,
        "Campaign1": false,
        "Campaign2": false,
        "Category": "Pet",
        "CategoryId": 11
    },
    {
        "id": 964,
        "Barcode": "86900000964",
        "ProductName": "Kedi Tırmalama Tahtası",
        "Description": "Kedinizin tırmalaması için mükemmel bir tahta",
        "Price": 81.9,
        "Stock": 54,
        "imageUrl": "https://www.mamavadisi.com/glipet-tirmalama-tahtasi-kare-taban-jut-halat-gri-45-cm-kedi-tirmalamalari-glipet-36847-21-O.jpg",
        "imageName": "",
        "Weighable": false,
        "Campaign1": true,
        "Campaign2": false,
        "Category": "Pet",
        "CategoryId": 11
    },
    {
        "id": 965,
        "Barcode": "86900000965",
        "ProductName": "Köpek Mama Kabı",
        "Description": "Sızdırmaz ve kolay temizlenebilen köpek mama kabı",
        "Price": 81.9,
        "Stock": 54,
        "imageUrl": "https://www.kolaymama.com/moderna-gusto-kedi-ve-kucuk-irk-kopek-mama-ve-su-kabi-200-ml-turkuaz-18580-kopek-mamasu-kaplari-moderna-53396-18-O.jpg",
        "imageName": "",
        "Weighable": false,
        "Campaign1": false,
        "Campaign2": false,
        "Category": "Pet",
        "CategoryId": 11
    },
    {
        "id": 966,
        "Barcode": "86900000966",
        "ProductName": "Kedi Oyuncak Topu",
        "Description": "Kedinizin eğleneceği renkli top",
        "Price": 81.9,
        "Stock": 54,
        "imageUrl": "https://www.adresemama.com/flip-orgu-fare-kedi-oyuncagi-98833-83-O.jpg",
        "imageName": "",
        "Weighable": false,
        "Campaign1": true,
        "Campaign2": false,
        "Category": "Pet",
        "CategoryId": 11
    },
    {
        "id": 967,
        "Barcode": "86900000967",
        "ProductName": "Köpek Kürk Bakım Şampuanı",
        "Description": "Köpeğinizin tüylerini yumuşatan ve parlaklık katan şampuan",
        "Price": 81.9,
        "Stock": 54,
        "imageUrl": "https://www.mamavadisi.com/bio-petactive-bio-magic-lavanta-biberiye-ozlu-kuru-kedi-sampuani-150-ml-sampuan-ve-parfumler-bio-petactive-13594-12-O.jpg",
        "imageName": "",
        "Weighable": false,
        "Campaign1": false,
        "Campaign2": false,
        "Category": "Pet",
        "CategoryId": 11
    },
    {
        "id": 968,
        "Barcode": "86900000968",
        "ProductName": "Kedi Yatak",
        "Description": "Rahat ve sıcak kedi yatağı",
        "Price": 81.9,
        "Stock": 54,
        "imageUrl": "https://www.cocopet.com.tr/image/cache/catalog/Cocopetkediboyuntasmas%C4%B110lu111301-400x400.png",
        "imageName": "",
        "Weighable": false,
        "Campaign1": true,
        "Campaign2": false,
        "Category": "Pet",
        "CategoryId": 11
    },
    {
        "id": 969,
        "Barcode": "86900000969",
        "ProductName": "Köpek Eğitim İp Eğitim Seti",
        "Description": "Köpeğinizin eğitimini kolaylaştıran ip seti",
        "Price": 81.9,
        "Stock": 54,
        "imageUrl": "https://www.adresemama.com/flip-orgu-fare-kedi-oyuncagi-98833-83-O.jpg",
        "imageName": "",
        "Weighable": false,
        "Campaign1": false,
        "Campaign2": false,
        "Category": "Pet",
        "CategoryId": 11
    },
    {
        "id": 970,
        "Barcode": "86900000970",
        "ProductName": "Kedi Kürk Bakım Fırçası",
        "Description": "Kedinizin tüylerini düzenleyen ve parlaklık katan fırça",
        "Price": 81.9,
        "Stock": 54,
        "imageUrl": "https://www.mamavadisi.com/glipet-tirmalama-tahtasi-kare-taban-jut-halat-gri-45-cm-kedi-tirmalamalari-glipet-36847-21-O.jpg",
        "imageName": "",
        "Weighable": false,
        "Campaign1": true,
        "Campaign2": false,
        "Category": "Pet",
        "CategoryId": 11
    },
    {
        "id": 971,
        "Barcode": "86900000971",
        "ProductName": "Köpek Tımar Makası",
        "Description": "Köpeğinizin tüylerini düzenlemek için keskin makas",
        "Price": 81.9,
        "Stock": 54,
        "imageUrl": "https://static.ticimax.cloud/8929/uploads/urunresimleri/thumb/kedi-tirnak-makasi-kucuk-8682538366982-0e68fd.jpg",
        "imageName": "",
        "Weighable": false,
        "Campaign1": false,
        "Campaign2": false,
        "Category": "Pet",
        "CategoryId": 11
    },
    {
        "id": 972,
        "Barcode": "86900000972",
        "ProductName": "Kedi Taşıma Çantası",
        "Description": "Rahat ve taşınabilir kedi taşıma çantası",
        "Price": 81.9,
        "Stock": 54,
        "imageUrl": "https://www.evinemama.com/flip-lux-kedi-ve-kopek-tasima-cantasi-58-kedi-tasima-cantasi-flip-14448-38-B.webp",
        "imageName": "",
        "Weighable": false,
        "Campaign1": true,
        "Campaign2": false,
        "Category": "Pet",
        "CategoryId": 11
    },
    {
        "id": 973,
        "Barcode": "86900000973",
        "ProductName": "Köpek Tasma Askısı",
        "Description": "Köpeğinizin tasmalarını düzenleyen askı",
        "Price": 81.9,
        "Stock": 54,
        "imageUrl": "https://www.cocopet.com.tr/image/cache/catalog/Cocopetkediboyuntasmas%C4%B110lu111301-400x400.png",
        "imageName": "",
        "Weighable": false,
        "Campaign1": false,
        "Campaign2": false,
        "Category": "Pet",
        "CategoryId": 11
    },
    {
        "id": 974,
        "Barcode": "86900000974",
        "ProductName": "Kedi Bisküvi",
        "Description": "Kediniz için lezzetli ve sağlıklı bisküviler",
        "Price": 81.9,
        "Stock": 54,
        "imageUrl": "https://static.ticimax.cloud/cdn-cgi/image/width=540,quality=85/51029/uploads/urunresimleri/buyuk/brit-care-snack-shiny-hair-kedi-odul-m-4-8c91.jpeg",
        "imageName": "",
        "Weighable": false,
        "Campaign1": true,
        "Campaign2": false,
        "Category": "Pet",
        "CategoryId": 11
    },
    {
        "id": 975,
        "Barcode": "86900000975",
        "ProductName": "Köpek Yatak",
        "Description": "Konforlu ve yumuşak köpek yatağı",
        "Price": 81.9,
        "Stock": 54,
        "imageUrl": "https://www.kolaymama.com/moderna-gusto-kedi-ve-kucuk-irk-kopek-mama-ve-su-kabi-200-ml-turkuaz-18580-kopek-mamasu-kaplari-moderna-53396-18-O.jpg",
        "imageName": "",
        "Weighable": false,
        "Campaign1": false,
        "Campaign2": false,
        "Category": "Pet",
        "CategoryId": 11
    },
    {
        "id": 976,
        "Barcode": "86900000976",
        "ProductName": "Kedi Oyuncak Fare",
        "Description": "Kedinizin avlanma içgüdüsünü uyandıran oyuncak fare",
        "Price": 81.9,
        "Stock": 54,
        "imageUrl": "https://www.adresemama.com/flip-orgu-fare-kedi-oyuncagi-98833-83-O.jpg",
        "imageName": "",
        "Weighable": false,
        "Campaign1": true,
        "Campaign2": false,
        "Category": "Pet",
        "CategoryId": 11
    },
    {
        "id": 977,
        "Barcode": "86900000977",
        "ProductName": "Köpek Tuvalet Eğitim Pedleri",
        "Description": "Köpeğinizin tuvalet eğitimini kolaylaştıran pedler",
        "Price": 81.9,
        "Stock": 54,
        "imageUrl": "https://bayi.pelagos.com.tr/tofu-kedi-kumu-6-lt-6-adet-kedi-kumlari-tofu-29153-26-K.jpg",
        "imageName": "",
        "Weighable": false,
        "Campaign1": false,
        "Campaign2": false,
        "Category": "Pet",
        "CategoryId": 11
    },
    {
        "id": 978,
        "Barcode": "86900000978",
        "ProductName": "Kedi Oyuncak Tüy",
        "Description": "Kedinizin oynamaktan keyif alacağı tüy oyuncağı",
        "Price": 81.9,
        "Stock": 54,
        "imageUrl": "https://www.adresemama.com/flip-orgu-fare-kedi-oyuncagi-98833-83-O.jpg",
        "imageName": "",
        "Weighable": false,
        "Campaign1": true,
        "Campaign2": false,
        "Category": "Pet",
        "CategoryId": 11
    },
    {
        "id": 979,
        "Barcode": "86900000979",
        "ProductName": "Köpek Diş Fırçası",
        "Description": "Köpeğinizin dişlerini temizleyen ve sağlıklı tutan fırça",
        "Price": 81.9,
        "Stock": 54,
        "imageUrl": "https://www.petihtiyac.com/bioline-yavru-kedi-ve-kopek-dis-fircasi-kopek-agiz-ve-dis-bakimi-bioline-1003882-52-O.jpg",
        "imageName": "",
        "Weighable": false,
        "Campaign1": false,
        "Campaign2": false,
        "Category": "Pet",
        "CategoryId": 11
    },
    {
        "id": 980,
        "Barcode": "86900000980",
        "ProductName": "Kedi Kapaklı Kumu",
        "Description": "Kedinizin kumunu temiz tutan ve kokuyu hapseden kapaklı kum",
        "Price": 81.9,
        "Stock": 54,
        "imageUrl": "https://bayi.pelagos.com.tr/tofu-kedi-kumu-6-lt-6-adet-kedi-kumlari-tofu-29153-26-K.jpg",
        "imageName": "",
        "Weighable": false,
        "Campaign1": true,
        "Campaign2": false,
        "Category": "Pet",
        "CategoryId": 11
    },
    {
        "id": 981,
        "Barcode": "86900000981",
        "ProductName": "Köpek Tasma",
        "Description": "Dayanıklı ve güvenli köpek tasmaları",
        "Price": 81.9,
        "Stock": 54,
        "imageUrl": "https://www.cocopet.com.tr/image/cache/catalog/Cocopetkediboyuntasmas%C4%B110lu111301-400x400.png",
        "imageName": "",
        "Weighable": false,
        "Campaign1": false,
        "Campaign2": false,
        "Category": "Pet",
        "CategoryId": 11
    },
    {
        "id": 982,
        "Barcode": "86900000982",
        "ProductName": "Kedi Sıçrama Tahtası",
        "Description": "Kedinizin egzersiz yapabileceği sıçrama tahtası",
        "Price": 81.9,
        "Stock": 54,
        "imageUrl": "https://www.mamavadisi.com/glipet-tirmalama-tahtasi-kare-taban-jut-halat-gri-45-cm-kedi-tirmalamalari-glipet-36847-21-O.jpg",
        "imageName": "",
        "Weighable": false,
        "Campaign1": true,
        "Campaign2": false,
        "Category": "Pet",
        "CategoryId": 11
    },
    {
        "id": 983,
        "Barcode": "86900000983",
        "ProductName": "Köpek Kürk Bakım Fırçası",
        "Description": "Köpeğinizin tüylerini düzenleyen ve parlaklık katan fırça",
        "Price": 81.9,
        "Stock": 54,
        "imageUrl": "https://www.petihtiyac.com/bioline-yavru-kedi-ve-kopek-dis-fircasi-kopek-agiz-ve-dis-bakimi-bioline-1003882-52-O.jpg",
        "imageName": "",
        "Weighable": false,
        "Campaign1": false,
        "Campaign2": false,
        "Category": "Pet",
        "CategoryId": 11
    },
    {
        "id": 984,
        "Barcode": "86900000984",
        "ProductName": "Kedi Oyuncak Yumuşak Top",
        "Description": "Kedinizin rahatça oynayabileceği yumuşak top",
        "Price": 81.9,
        "Stock": 54,
        "imageUrl": "https://www.adresemama.com/flip-orgu-fare-kedi-oyuncagi-98833-83-O.jpg",
        "imageName": "",
        "Weighable": false,
        "Campaign1": true,
        "Campaign2": false,
        "Category": "Pet",
        "CategoryId": 11
    },
    {
        "id": 985,
        "Barcode": "86900000985",
        "ProductName": "Köpek Oyun Alanı Tünel",
        "Description": "Köpeğiniz için eğlenceli ve hareketli tünel",
        "Price": 81.9,
        "Stock": 54,
        "imageUrl": "https://www.adresemama.com/flip-orgu-fare-kedi-oyuncagi-98833-83-O.jpg",
        "imageName": "",
        "Weighable": false,
        "Campaign1": false,
        "Campaign2": false,
        "Category": "Pet",
        "CategoryId": 11
    },
    {
        "id": 986,
        "Barcode": "86900000986",
        "ProductName": "Kedi Tüy Oyuncağı",
        "Description": "Kedinizin avlanma içgüdüsünü uyandıran tüy oyuncağı",
        "Price": 81.9,
        "Stock": 54,
        "imageUrl": "https://www.adresemama.com/flip-orgu-fare-kedi-oyuncagi-98833-83-O.jpg",
        "imageName": "",
        "Weighable": false,
        "Campaign1": true,
        "Campaign2": false,
        "Category": "Pet",
        "CategoryId": 11
    },
    {
        "id": 987,
        "Barcode": "86900000987",
        "ProductName": "Köpek Köpekbalığı Kostümü",
        "Description": "Eğlenceli ve sevimli köpek kostümü",
        "Price": 81.9,
        "Stock": 54,
        "imageUrl": "https://www.mamavadisi.com/bio-petactive-bio-magic-lavanta-biberiye-ozlu-kuru-kedi-sampuani-150-ml-sampuan-ve-parfumler-bio-petactive-13594-12-O.jpg",
        "imageName": "",
        "Weighable": false,
        "Campaign1": false,
        "Campaign2": false,
        "Category": "Pet",
        "CategoryId": 11
    },
    {
        "id": 988,
        "Barcode": "86900000988",
        "ProductName": "Kedi Tüy Topu",
        "Description": "Kedinizin oynamaktan keyif alacağı renkli tüy topu",
        "Price": 81.9,
        "Stock": 54,
        "imageUrl": "https://static.ticimax.cloud/cdn-cgi/image/width=540,quality=85/51029/uploads/urunresimleri/buyuk/brit-care-snack-shiny-hair-kedi-odul-m-4-8c91.jpeg",
        "imageName": "",
        "Weighable": false,
        "Campaign1": true,
        "Campaign2": false,
        "Category": "Pet",
        "CategoryId": 11
    },
    {
        "id": 989,
        "Barcode": "86900000989",
        "ProductName": "Köpek Eğitim Kliketi",
        "Description": "Köpeğinizin eğitimini kolaylaştıran kliket",
        "Price": 81.9,
        "Stock": 54,
        "imageUrl": "https://www.mamavadisi.com/glipet-tirmalama-tahtasi-kare-taban-jut-halat-gri-45-cm-kedi-tirmalamalari-glipet-36847-21-O.jpg",
        "imageName": "",
        "Weighable": false,
        "Campaign1": false,
        "Campaign2": false,
        "Category": "Pet",
        "CategoryId": 11
    },
    {
        "id": 990,
        "Barcode": "86900000990",
        "ProductName": "Kedi Tırnak Makası",
        "Description": "Kedinizin tırnaklarını düzenlemek için keskin makas",
        "Price": 81.9,
        "Stock": 54,
        "imageUrl": "https://static.ticimax.cloud/8929/uploads/urunresimleri/thumb/kedi-tirnak-makasi-kucuk-8682538366982-0e68fd.jpg",
        "imageName": "",
        "Weighable": false,
        "Campaign1": true,
        "Campaign2": false,
        "Category": "Pet",
        "CategoryId": 11
    },
    {
        "id": 991,
        "Barcode": "86900000991",
        "ProductName": "Köpek Yüzme Eğitim Can Yeleği",
        "Description": "Köpeğinizin yüzme becerilerini geliştiren yelek",
        "Price": 81.9,
        "Stock": 54,
        "imageUrl": "https://cdn.myikas.com/images/095577b2-7631-4970-aac8-f67dc0fdb305/6fcc828d-6d8c-4d6a-b4e3-ceeb19f6b8e7/image_1080.jpg",
        "imageName": "",
        "Weighable": false,
        "Campaign1": false,
        "Campaign2": false,
        "Category": "Pet",
        "CategoryId": 11
    },
    {
        "id": 992,
        "Barcode": "86900000992",
        "ProductName": "Kedi Otomatik Yemlik",
        "Description": "Kedinizin otomatik olarak beslenmesini sağlayan yemlik",
        "Price": 81.9,
        "Stock": 54,
        "imageUrl": "https://img-bizimtoptan.mncdn.com/mnresize/400/400/Content/Images/Originals/2864237_0.png",
        "imageName": "",
        "Weighable": false,
        "Campaign1": true,
        "Campaign2": false,
        "Category": "Pet",
        "CategoryId": 11
    },
    {
        "id": 993,
        "Barcode": "86900000993",
        "ProductName": "Köpek Soğutucu Mat",
        "Description": "Köpeğinizin serin kalmasını sağlayan mat",
        "Price": 81.9,
        "Stock": 54,
        "imageUrl": "https://cdn.myikas.com/images/095577b2-7631-4970-aac8-f67dc0fdb305/6fcc828d-6d8c-4d6a-b4e3-ceeb19f6b8e7/image_1080.jpg",
        "imageName": "",
        "Weighable": false,
        "Campaign1": false,
        "Campaign2": false,
        "Category": "Pet",
        "CategoryId": 11
    },
    {
        "id": 994,
        "Barcode": "86900000994",
        "ProductName": "Kedi Oyuncak Tünel",
        "Description": "Kedinizin eğlenerek zaman geçirebileceği tünel oyuncak",
        "Price": 81.9,
        "Stock": 54,
        "imageUrl": "https://www.mamavadisi.com/glipet-tirmalama-tahtasi-kare-taban-jut-halat-gri-45-cm-kedi-tirmalamalari-glipet-36847-21-O.jpg",
        "imageName": "",
        "Weighable": false,
        "Campaign1": true,
        "Campaign2": false,
        "Category": "Pet",
        "CategoryId": 11
    },
    {
        "id": 995,
        "Barcode": "86900000995",
        "ProductName": "Köpek Tırmalama Direği",
        "Description": "Köpeğinizin tırnaklarını düzenli olarak bakımını sağlayan tırmalama direği",
        "Price": 81.9,
        "Stock": 54,
        "imageUrl": "https://www.mamavadisi.com/glipet-tirmalama-tahtasi-kare-taban-jut-halat-gri-45-cm-kedi-tirmalamalari-glipet-36847-21-O.jpg",
        "imageName": "",
        "Weighable": false,
        "Campaign1": false,
        "Campaign2": false,
        "Category": "Pet",
        "CategoryId": 11
    },
    {
        "id": 996,
        "Barcode": "86900000996",
        "ProductName": "Kedi Tünel ve Oyun Alanı",
        "Description": "Kedinizin oyun oynayabileceği ve dinlenebileceği geniş tünel ve oyun alanı",
        "Price": 81.9,
        "Stock": 54,
        "imageUrl": "https://www.mamavadisi.com/glipet-tirmalama-tahtasi-kare-taban-jut-halat-gri-45-cm-kedi-tirmalamalari-glipet-36847-21-O.jpg",
        "imageName": "",
        "Weighable": false,
        "Campaign1": true,
        "Campaign2": false,
        "Category": "Pet",
        "CategoryId": 11
    },
    {
        "id": 997,
        "Barcode": "86900000997",
        "ProductName": "Köpek Oyun Topu",
        "Description": "Köpeğinizin seveceği dayanıklı ve renkli oyun topu",
        "Price": 81.9,
        "Stock": 54,
        "imageUrl": "https://cdn.myikas.com/images/095577b2-7631-4970-aac8-f67dc0fdb305/6fcc828d-6d8c-4d6a-b4e3-ceeb19f6b8e7/image_1080.jpg",
        "imageName": "",
        "Weighable": false,
        "Campaign1": false,
        "Campaign2": false,
        "Category": "Pet",
        "CategoryId": 11
    },
    {
        "id": 998,
        "Barcode": "86900000998",
        "ProductName": "Kedi Konservesi",
        "Description": "Kedinizin lezzetli ve dengeli beslenmesi için konservesi",
        "Price": 81.9,
        "Stock": 54,
        "imageUrl": "https://img-bizimtoptan.mncdn.com/mnresize/400/400/Content/Images/Originals/2864237_0.png",
        "imageName": "",
        "Weighable": false,
        "Campaign1": true,
        "Campaign2": false,
        "Category": "Pet",
        "CategoryId": 11
    },
    {
        "id": 999,
        "Barcode": "86900000999",
        "ProductName": "Köpek Koku Giderici Sprey",
        "Description": "Köpeğinizin yaşadığı alanlarda kötü kokuları gideren sprey",
        "Price": 81.9,
        "Stock": 54,
        "imageUrl": "https://petmalzemecim.com/AdminPanel/images/products/KL%C5%9EKM.jpg",
        "imageName": "",
        "Weighable": false,
        "Campaign1": false,
        "Campaign2": false,
        "Category": "Pet",
        "CategoryId": 11
    },
    {
        "id": 1000,
        "Barcode": "86900001000",
        "ProductName": "Kedi Oyun Topu Seti",
        "Description": "Kedinizin oynamak için eğlenceli top seti",
        "Price": 81.9,
        "Stock": 54,
        "imageUrl": "https://www.adresemama.com/flip-orgu-fare-kedi-oyuncagi-98833-83-O.jpg",
        "imageName": "",
        "Weighable": false,
        "Campaign1": true,
        "Campaign2": false,
        "Category": "Pet",
        "CategoryId": 11
    },
    {
        "id": 1001,
        "Barcode": "86900001001",
        "ProductName": "Köpek Yemlik Mat",
        "Description": "Köpeğinizin yemeğini yemesini kolaylaştıran ve temizleyen mat",
        "Price": 81.9,
        "Stock": 54,
        "imageUrl": "https://img-bizimtoptan.mncdn.com/mnresize/400/400/Content/Images/Originals/2864237_0.png",
        "imageName": "",
        "Weighable": false,
        "Campaign1": false,
        "Campaign2": false,
        "Category": "Pet",
        "CategoryId": 11
    },
    {
        "id": 1002,
        "Barcode": "86900001002",
        "ProductName": "Kedi Tüy Bakım Şampuanı",
        "Description": "Kedinizin tüylerini temizleyen ve parlaklık katan şampuan",
        "Price": 81.9,
        "Stock": 54,
        "imageUrl": "https://petmalzemecim.com/AdminPanel/images/products/KL%C5%9EKM.jpg",
        "imageName": "",
        "Weighable": false,
        "Campaign1": true,
        "Campaign2": false,
        "Category": "Pet",
        "CategoryId": 11
    },
    {
        "id": 1003,
        "Barcode": "86900001003",
        "ProductName": "Köpek Kürk Bakım Spreyi",
        "Description": "Köpeğinizin kürkünü düzenleyen ve hoş bir koku bırakan bakım spreyi",
        "Price": 81.9,
        "Stock": 54,
        "imageUrl": "https://petmalzemecim.com/AdminPanel/images/products/KL%C5%9EKM.jpg",
        "imageName": "",
        "Weighable": false,
        "Campaign1": false,
        "Campaign2": false,
        "Category": "Pet",
        "CategoryId": 11
    },
    {
        "id": 1004,
        "Barcode": "86900001004",
        "ProductName": "Kedi Tırnak Törpüsü",
        "Description": "Kedinizin tırnaklarını düzgün ve bakımlı tutan törpü",
        "Price": 81.9,
        "Stock": 54,
        "imageUrl": "https://static.ticimax.cloud/8929/uploads/urunresimleri/thumb/kedi-tirnak-makasi-kucuk-8682538366982-0e68fd.jpg",
        "imageName": "",
        "Weighable": false,
        "Campaign1": true,
        "Campaign2": false,
        "Category": "Pet",
        "CategoryId": 11
    },
    {
        "id": 1005,
        "Barcode": "86900001005",
        "ProductName": "Köpek Oyuncak Sakız Kemik",
        "Description": "Köpeğinizin saatlerce oynayabileceği dayanıklı sakız kemik oyuncak",
        "Price": 81.9,
        "Stock": 54,
        "imageUrl": "https://img-bizimtoptan.mncdn.com/mnresize/400/400/Content/Images/Originals/2864237_0.png",
        "imageName": "",
        "Weighable": false,
        "Campaign1": false,
        "Campaign2": false,
        "Category": "Pet",
        "CategoryId": 11
    },
    {
        "id": 1006,
        "Barcode": "86900001006",
        "ProductName": "Kedi Isıtmalı Yatak",
        "Description": "Kedinizin soğuk kış günlerinde sıcak kalmasını sağlayan ısıtmalı yatak",
        "Price": 81.9,
        "Stock": 54,
        "imageUrl": "https://www.kolaymama.com/moderna-gusto-kedi-ve-kucuk-irk-kopek-mama-ve-su-kabi-200-ml-turkuaz-18580-kopek-mamasu-kaplari-moderna-53396-18-O.jpg",
        "imageName": "",
        "Weighable": false,
        "Campaign1": true,
        "Campaign2": false,
        "Category": "Pet",
        "CategoryId": 11
    },
    {
        "id": 1007,
        "Barcode": "86900001007",
        "ProductName": "Köpek Oyuncağı Plastik Kemik",
        "Description": "Köpeğinizin eğlenceli vakit geçirmesi için plastik kemik oyuncak",
        "Price": 81.9,
        "Stock": 54,
        "imageUrl": "https://www.kolaymama.com/moderna-gusto-kedi-ve-kucuk-irk-kopek-mama-ve-su-kabi-200-ml-turkuaz-18580-kopek-mamasu-kaplari-moderna-53396-18-O.jpg",
        "imageName": "",
        "Weighable": false,
        "Campaign1": false,
        "Campaign2": false,
        "Category": "Pet",
        "CategoryId": 11
    },
    {
        "id": 1008,
        "Barcode": "86900001008",
        "ProductName": "Kedi Oyun Tüneli Seti",
        "Description": "Kedinizin oyun oynaması için renkli ve eğlenceli tünel seti",
        "Price": 81.9,
        "Stock": 54,
        "imageUrl": "https://cdn.myikas.com/images/095577b2-7631-4970-aac8-f67dc0fdb305/6fcc828d-6d8c-4d6a-b4e3-ceeb19f6b8e7/image_1080.jpg",
        "imageName": "",
        "Weighable": false,
        "Campaign1": true,
        "Campaign2": false,
        "Category": "Pet",
        "CategoryId": 11
    },
    {
        "id": 1009,
        "Barcode": "86900001009",
        "ProductName": "Köpek Tırmalama Matı",
        "Description": "Köpeğinizin tırnaklarını bakımlı tutması için tırmalama matı",
        "Price": 81.9,
        "Stock": 54,
        "imageUrl": "https://static.ticimax.cloud/8929/uploads/urunresimleri/thumb/kedi-tirnak-makasi-kucuk-8682538366982-0e68fd.jpg",
        "imageName": "",
        "Weighable": false,
        "Campaign1": false,
        "Campaign2": false,
        "Category": "Pet",
        "CategoryId": 11
    },
    {
        "id": 1010,
        "Barcode": "86900001010",
        "ProductName": "Kedi Oyuncak Fare Tüneli",
        "Description": "Kedinizin avlanma içgüdüsünü harekete geçiren fare tüneli",
        "Price": 81.9,
        "Stock": 54,
        "imageUrl": "https://cdn.myikas.com/images/095577b2-7631-4970-aac8-f67dc0fdb305/6fcc828d-6d8c-4d6a-b4e3-ceeb19f6b8e7/image_1080.jpg",
        "imageName": "",
        "Weighable": false,
        "Campaign1": true,
        "Campaign2": false,
        "Category": "Pet",
        "CategoryId": 11
    },
    {
        "id": 1011,
        "Barcode": "86900001011",
        "ProductName": "Köpek Yem ve Su Kabı Seti",
        "Description": "Köpeğinizin beslenmesi ve su ihtiyacını karşılamak için kabı seti",
        "Price": 81.9,
        "Stock": 54,
        "imageUrl": "https://www.kolaymama.com/moderna-gusto-kedi-ve-kucuk-irk-kopek-mama-ve-su-kabi-200-ml-turkuaz-18580-kopek-mamasu-kaplari-moderna-53396-18-O.jpg",
        "imageName": "",
        "Weighable": false,
        "Campaign1": false,
        "Campaign2": false,
        "Category": "Pet",
        "CategoryId": 11
    },
    {
        "id": 1012,
        "Barcode": "86900001012",
        "ProductName": "Kedi Köpük Topu",
        "Description": "Kedinizin oyun oynaması için hafif ve renkli köpük topu",
        "Price": 81.9,
        "Stock": 54,
        "imageUrl": "https://www.cocopet.com.tr/image/cache/catalog/Cocopetkediboyuntasmas%C4%B110lu111301-400x400.png",
        "imageName": "",
        "Weighable": false,
        "Campaign1": true,
        "Campaign2": false,
        "Category": "Pet",
        "CategoryId": 11
    },
    {
        "id": 1013,
        "Barcode": "86900001013",
        "ProductName": "Köpek Tüy Bakım Şampuanı",
        "Description": "Köpeğinizin tüylerini yumuşatan ve parlaklık katan bakım şampuanı",
        "Price": 81.9,
        "Stock": 54,
        "imageUrl": "https://petmalzemecim.com/AdminPanel/images/products/KL%C5%9EKM.jpg",
        "imageName": "",
        "Weighable": false,
        "Campaign1": false,
        "Campaign2": false,
        "Category": "Pet",
        "CategoryId": 11
    },
    {
        "id": 1014,
        "Barcode": "86900001014",
        "ProductName": "Kedi Oyuncağı Tüy Çubuğu",
        "Description": "Kedinizin oynamaktan keyif alacağı renkli ve tüylü çubuk oyuncak",
        "Price": 81.9,
        "Stock": 54,
        "imageUrl": "https://www.adresemama.com/flip-orgu-fare-kedi-oyuncagi-98833-83-O.jpg",
        "imageName": "",
        "Weighable": false,
        "Campaign1": true,
        "Campaign2": false,
        "Category": "Pet",
        "CategoryId": 11
    },
    {
        "id": 1015,
        "Barcode": "86900001015",
        "ProductName": "Köpek Reflektörlü Tasma",
        "Description": "Köpeğinizin güvenliğini sağlamak için reflektörlü tasma",
        "Price": 81.9,
        "Stock": 54,
        "imageUrl": "https://www.cocopet.com.tr/image/cache/catalog/Cocopetkediboyuntasmas%C4%B110lu111301-400x400.png",
        "imageName": "",
        "Weighable": false,
        "Campaign1": false,
        "Campaign2": false,
        "Category": "Pet",
        "CategoryId": 11
    },
    {
        "id": 1016,
        "Barcode": "86900001016",
        "ProductName": "Kedi Yavru Sütü",
        "Description": "Kedinizin yavrusu için özel olarak formüle edilmiş süt",
        "Price": 81.9,
        "Stock": 54,
        "imageUrl": "https://petmalzemecim.com/AdminPanel/images/products/KL%C5%9EKM.jpg",
        "imageName": "",
        "Weighable": false,
        "Campaign1": true,
        "Campaign2": false,
        "Category": "Pet",
        "CategoryId": 11
    },
    {
        "id": 1017,
        "Barcode": "86900001017",
        "ProductName": "Köpek Oyuncak Disk",
        "Description": "Köpeğinizin eğlenceli vakit geçirmesi için disk oyuncak",
        "Price": 81.9,
        "Stock": 54,
        "imageUrl": "https://www.adresemama.com/flip-orgu-fare-kedi-oyuncagi-98833-83-O.jpg",
        "imageName": "",
        "Weighable": false,
        "Campaign1": false,
        "Campaign2": false,
        "Category": "Pet",
        "CategoryId": 11
    },
    {
        "id": 1018,
        "Barcode": "86900001018",
        "ProductName": "Kedi Oyuncağı Tüy Yastık",
        "Description": "Kedinizin oynamak için keyif alacağı yumuşak tüy yastık",
        "Price": 81.9,
        "Stock": 54,
        "imageUrl": "https://www.adresemama.com/flip-orgu-fare-kedi-oyuncagi-98833-83-O.jpg",
        "imageName": "",
        "Weighable": false,
        "Campaign1": true,
        "Campaign2": false,
        "Category": "Pet",
        "CategoryId": 11
    },
    {
        "id": 1019,
        "Barcode": "86900001019",
        "ProductName": "Köpek Tüy Bakım Jölesi",
        "Description": "Köpeğinizin tüylerini düzenleyen ve parlaklık katan bakım jölesi",
        "Price": 81.9,
        "Stock": 54,
        "imageUrl": "https://petmalzemecim.com/AdminPanel/images/products/KL%C5%9EKM.jpg",
        "imageName": "",
        "Weighable": false,
        "Campaign1": false,
        "Campaign2": false,
        "Category": "Pet",
        "CategoryId": 11
    },
    {
        "id": 1020,
        "Barcode": "86900001020",
        "ProductName": "Kedi Oyuncak Sisal Top",
        "Description": "Kedinizin tırnaklarını törpülemesi için sisal top oyuncak",
        "Price": 81.9,
        "Stock": 54,
        "imageUrl": "https://www.adresemama.com/flip-orgu-fare-kedi-oyuncagi-98833-83-O.jpg",
        "imageName": "",
        "Weighable": false,
        "Campaign1": true,
        "Campaign2": false,
        "Category": "Pet",
        "CategoryId": 11
    }
]