[
    {
        "id": 3001,
        "Barcode": "86900000100",
        "ProductName": "Ekmek",
        "Description": "Tam buğday ekmeği",
        "Price": 2.5,
        "Stock": 100,
        "imageUrl": "https://static.ticimax.cloud/cdn-cgi/image/width=-,quality=85/32584/uploads/urunresimleri/buyuk/mayali-hane-glutensiz-baget-ekmek-2x100--76c7.jpg",
        "imageName": "",
        "Weighable": false,
        "Campaign1": true,
        "Campaign2": false,
        "Category": "Breakfast",
        "CategoryId": 2
    },
    {
        "id": 3002,
        "Barcode": "86900000101",
        "ProductName": "Peynir",
        "Description": "Kaşar peyniri",
        "Price": 12.9,
        "Stock": 75,
        "imageUrl": "https://img-bizimtoptan.mncdn.com/mnresize/400/400/Content/Images/Originals/2863655_0.jpeg",
        "imageName": "",
        "Weighable": false,
        "Campaign1": false,
        "Campaign2": false,
        "Category": "Breakfast",
        "CategoryId": 2
    },
    {
        "id": 3003,
        "Barcode": "86900000102",
        "ProductName": "Zeytin",
        "Description": "Yeşil zeytin",
        "Price": 8.75,
        "Stock": 50,
        "imageUrl": "https://www.germencikciftligi.com.tr/image/cache/catalog/Urunler/Zeytin%20ve%20Zeytinyagi/Zeytin/gemlik-sele-siy-zeytin-400x400.jpg.webp",
        "imageName": "",
        "Weighable": false,
        "Campaign1": true,
        "Campaign2": false,
        "Category": "Breakfast",
        "CategoryId": 2
    },
    {
        "id": 3004,
        "Barcode": "86900000103",
        "ProductName": "Reçel",
        "Description": "Çilek reçeli",
        "Price": 6.2,
        "Stock": 80,
        "imageUrl": "https://suntat.de/wp-content/uploads/2019/12/6804500-400x400.jpg",
        "imageName": "",
        "Weighable": false,
        "Campaign1": false,
        "Campaign2": false,
        "Category": "Breakfast",
        "CategoryId": 2
    },
    {
        "id": 3005,
        "Barcode": "86900000104",
        "ProductName": "Bal",
        "Description": "Doğal çiçek balı",
        "Price": 18.5,
        "Stock": 60,
        "imageUrl": "https://rizebalsepeti.com.tr/storage/urunler/cahmas-cicek-bali-400x400.png",
        "imageName": "",
        "Weighable": false,
        "Campaign1": true,
        "Campaign2": false,
        "Category": "Breakfast",
        "CategoryId": 2
    },
    {
        "id": 3006,
        "Barcode": "86900000105",
        "ProductName": "Süt",
        "Description": "Taze inek sütü",
        "Price": 3.75,
        "Stock": 90,
        "imageUrl": "https://img-bizimtoptan.mncdn.com/mnresize/400/400/Content/Images/Originals/2805221_0.jpeg",
        "imageName": "",
        "Weighable": false,
        "Campaign1": false,
        "Campaign2": false,
        "Category": "Breakfast",
        "CategoryId": 2
    },
    {
        "id": 3007,
        "Barcode": "86900000106",
        "ProductName": "Yumurta",
        "Description": "Organik tavuk yumurtası",
        "Price": 5.6,
        "Stock": 70,
        "imageUrl": "https://img-bizimtoptan.mncdn.com/mnresize/400/400/Content/Images/Originals/1806644_0.jpeg",
        "imageName": "",
        "Weighable": false,
        "Campaign1": true,
        "Campaign2": false,
        "Category": "Breakfast",
        "CategoryId": 2
    },
    {
        "id": 3008,
        "Barcode": "86900000107",
        "ProductName": "Domates",
        "Description": "Köy domatesi",
        "Price": 4.25,
        "Stock": 85,
        "imageUrl": "https://static.ticimax.cloud/30597/uploads/urunresimleri/greenadadomates-1-kg-e162.jpg",
        "imageName": "",
        "Weighable": false,
        "Campaign1": false,
        "Campaign2": false,
        "Category": "Breakfast",
        "CategoryId": 2
    },
    {
        "id": 3009,
        "Barcode": "86900000108",
        "ProductName": "Salatalık",
        "Description": "Salatalık",
        "Price": 2.9,
        "Stock": 95,
        "imageUrl": "https://www.aftamarket.com.tr/sebze-39-sebzeler-manav-23807-26-O.jpg",
        "imageName": "",
        "Weighable": false,
        "Campaign1": true,
        "Campaign2": false,
        "Category": "Breakfast",
        "CategoryId": 2
    },
    {
        "id": 3010,
        "Barcode": "86900000109",
        "ProductName": "Zeytinyağı",
        "Description": "Sızma zeytinyağı",
        "Price": 24.9,
        "Stock": 40,
        "imageUrl": "https://www.germencikciftligi.com.tr/image/cache/catalog/Urunler/Zeytin%20ve%20Zeytinyagi/Zeytin/gemlik-sele-siy-zeytin-400x400.jpg.webp",
        "imageName": "",
        "Weighable": false,
        "Campaign1": false,
        "Campaign2": false,
        "Category": "Breakfast",
        "CategoryId": 2
    },
    {
        "id": 3011,
        "Barcode": "86900000110",
        "ProductName": "Çay",
        "Description": "Rize çayı",
        "Price": 9.99,
        "Stock": 120,
        "imageUrl": "https://yunusb2c.b-cdn.net/Image/Stock/400/1b4ea043-0318-4f3e-9443-a0354d9b4df9.jpg",
        "imageName": "",
        "Weighable": false,
        "Campaign1": true,
        "Campaign2": false,
        "Category": "Breakfast",
        "CategoryId": 2
    },
    {
        "id": 3012,
        "Barcode": "86900000111",
        "ProductName": "Yulaf ezmesi",
        "Description": "Naturel yulaf ezmesi",
        "Price": 6.75,
        "Stock": 55,
        "imageUrl": "https://static.ticimax.cloud/62343/uploads/urunresimleri/thumb/eti-yulafli-biskuvi-125gr-0-2261.jpg",
        "imageName": "",
        "Weighable": false,
        "Campaign1": false,
        "Campaign2": false,
        "Category": "Breakfast",
        "CategoryId": 2
    },
    {
        "id": 3013,
        "Barcode": "86900000112",
        "ProductName": "Bal kaymak",
        "Description": "Doğal bal kaymak",
        "Price": 15.25,
        "Stock": 65,
        "imageUrl": "https://rizebalsepeti.com.tr/storage/urunler/cahmas-cicek-bali-400x400.png",
        "imageName": "",
        "Weighable": false,
        "Campaign1": true,
        "Campaign2": false,
        "Category": "Breakfast",
        "CategoryId": 2
    },
    {
        "id": 3014,
        "Barcode": "86900000113",
        "ProductName": "Tahin pekmez",
        "Description": "Organik tahin pekmez",
        "Price": 11.8,
        "Stock": 45,
        "imageUrl": "https://yunusb2c.b-cdn.net/Image/Stock/400/01a529f2-5585-47bc-92d8-cc6033da11b4.jpg",
        "imageName": "",
        "Weighable": false,
        "Campaign1": false,
        "Campaign2": false,
        "Category": "Breakfast",
        "CategoryId": 2
    },
    {
        "id": 3015,
        "Barcode": "86900000114",
        "ProductName": "Yumurta reçeli",
        "Description": "Ev yapımı yumurta reçeli",
        "Price": 7.9,
        "Stock": 85,
        "imageUrl": "https://img-bizimtoptan.mncdn.com/mnresize/400/400/Content/Images/Originals/1806644_0.jpeg",
        "imageName": "",
        "Weighable": false,
        "Campaign1": true,
        "Campaign2": false,
        "Category": "Breakfast",
        "CategoryId": 2
    },
    {
        "id": 3016,
        "Barcode": "86900000115",
        "ProductName": "Kahvaltılık peynir",
        "Description": "Özel kahvaltılık peynir",
        "Price": 13.5,
        "Stock": 70,
        "imageUrl": "https://aristegelse.com/wp-content/uploads/2023/06/ariste-kusakli-inek-peyniri-450-gr-993-400x400.jpg",
        "imageName": "",
        "Weighable": false,
        "Campaign1": false,
        "Campaign2": false,
        "Category": "Breakfast",
        "CategoryId": 2
    },
    {
        "id": 3017,
        "Barcode": "86900000116",
        "ProductName": "Taze sıkılmış portakal suyu",
        "Description": "Doğal portakal suyu",
        "Price": 5.99,
        "Stock": 90,
        "imageUrl": "https://www.aftamarket.com.tr/icecek-454-meyve-suyu-dimes-26921-29-O.jpg",
        "imageName": "",
        "Weighable": false,
        "Campaign1": true,
        "Campaign2": false,
        "Category": "Breakfast",
        "CategoryId": 2
    },
    {
        "id": 3018,
        "Barcode": "86900000117",
        "ProductName": "Kuşburnu reçeli",
        "Description": "Doğal kuşburnu reçeli",
        "Price": 9.25,
        "Stock": 55,
        "imageUrl": "https://suntat.de/wp-content/uploads/2019/12/6804500-400x400.jpg",
        "imageName": "",
        "Weighable": false,
        "Campaign1": false,
        "Campaign2": false,
        "Category": "Breakfast",
        "CategoryId": 2
    },
    {
        "id": 3019,
        "Barcode": "86900000118",
        "ProductName": "Taze kaşar peyniri",
        "Description": "Taze kaşar peyniri",
        "Price": 11.25,
        "Stock": 80,
        "imageUrl": "https://img-bizimtoptan.mncdn.com/mnresize/400/400/Content/Images/Originals/2863655_0.jpeg",
        "imageName": "",
        "Weighable": false,
        "Campaign1": true,
        "Campaign2": false,
        "Category": "Breakfast",
        "CategoryId": 2
    },
    {
        "id": 3020,
        "Barcode": "86900000119",
        "ProductName": "Beyaz peynir",
        "Description": "Taze beyaz peynir",
        "Price": 7.5,
        "Stock": 95,
        "imageUrl": "https://aristegelse.com/wp-content/uploads/2023/06/ariste-kusakli-inek-peyniri-450-gr-993-400x400.jpg",
        "imageName": "",
        "Weighable": false,
        "Campaign1": false,
        "Campaign2": false,
        "Category": "Breakfast",
        "CategoryId": 2
    },
    {
        "id": 3021,
        "Barcode": "86900000120",
        "ProductName": "Çilek reçeli",
        "Description": "Ev yapımı çilek reçeli",
        "Price": 8.99,
        "Stock": 65,
        "imageUrl": "https://suntat.de/wp-content/uploads/2019/12/6804500-400x400.jpg",
        "imageName": "",
        "Weighable": false,
        "Campaign1": true,
        "Campaign2": false,
        "Category": "Breakfast",
        "CategoryId": 2
    },
    {
        "id": 3022,
        "Barcode": "86900000121",
        "ProductName": "Vişne reçeli",
        "Description": "Vişne reçeli",
        "Price": 10.5,
        "Stock": 75,
        "imageUrl": "https://suntat.de/wp-content/uploads/2019/12/6804500-400x400.jpg",
        "imageName": "",
        "Weighable": false,
        "Campaign1": false,
        "Campaign2": false,
        "Category": "Breakfast",
        "CategoryId": 2
    },
    {
        "id": 3023,
        "Barcode": "86900000122",
        "ProductName": "Yulaflı bisküvi",
        "Description": "Yulaflı sağlıklı bisküvi",
        "Price": 4.75,
        "Stock": 85,
        "imageUrl": "https://static.ticimax.cloud/62343/uploads/urunresimleri/thumb/eti-yulafli-biskuvi-125gr-0-2261.jpg",
        "imageName": "",
        "Weighable": false,
        "Campaign1": true,
        "Campaign2": false,
        "Category": "Breakfast",
        "CategoryId": 2
    },
    {
        "id": 3024,
        "Barcode": "86900000123",
        "ProductName": "Kızarmış simit",
        "Description": "Taze kızarmış simit",
        "Price": 1.99,
        "Stock": 120,
        "imageUrl": "https://yunusb2c.b-cdn.net/Image/Stock/400/f373d651-9b55-4e9d-b869-370de34a66e0.jpg",
        "imageName": "",
        "Weighable": false,
        "Campaign1": false,
        "Campaign2": false,
        "Category": "Breakfast",
        "CategoryId": 2
    },
    {
        "id": 3025,
        "Barcode": "86900000124",
        "ProductName": "Kek",
        "Description": "Ev yapımı kek",
        "Price": 5.25,
        "Stock": 55,
        "imageUrl": "https://www.glutensiznokta.com.tr/wp-content/uploads/2022/10/Dr.-Oetker-Kakaolu-Kek-Karisimi-400-gr-400x400.png",
        "imageName": "",
        "Weighable": false,
        "Campaign1": true,
        "Campaign2": false,
        "Category": "Breakfast",
        "CategoryId": 2
    },
    {
        "id": 3026,
        "Barcode": "86900000125",
        "ProductName": "Kuru üzüm",
        "Description": "Doğal kuru üzüm",
        "Price": 6.99,
        "Stock": 65,
        "imageUrl": "https://static.ticimax.cloud/cdn-cgi/image/width=-,quality=85/33684/uploads/urunresimleri/buyuk/cekirdeksiz-kuru-izmir-uzumu-1-kg--dogal-1d04.jpg",
        "imageName": "",
        "Weighable": false,
        "Campaign1": false,
        "Campaign2": false,
        "Category": "Breakfast",
        "CategoryId": 2
    },
    {
        "id": 3027,
        "Barcode": "86900000126",
        "ProductName": "Taze portakal suyu",
        "Description": "Taze sıkılmış portakal suyu",
        "Price": 7.5,
        "Stock": 80,
        "imageUrl": "https://www.aftamarket.com.tr/icecek-454-meyve-suyu-dimes-26921-29-O.jpg",
        "imageName": "",
        "Weighable": false,
        "Campaign1": true,
        "Campaign2": false,
        "Category": "Breakfast",
        "CategoryId": 2
    },
    {
        "id": 3028,
        "Barcode": "86900000127",
        "ProductName": "Kahvaltılık zeytin",
        "Description": "Özel kahvaltılık zeytin",
        "Price": 10.75,
        "Stock": 70,
        "imageUrl": "https://www.germencikciftligi.com.tr/image/cache/catalog/Urunler/Zeytin%20ve%20Zeytinyagi/Zeytin/gemlik-sele-siy-zeytin-400x400.jpg.webp",
        "imageName": "",
        "Weighable": false,
        "Campaign1": false,
        "Campaign2": false,
        "Category": "Breakfast",
        "CategoryId": 2
    },
    {
        "id": 3029,
        "Barcode": "86900000128",
        "ProductName": "Organik bal",
        "Description": "Doğal organik bal",
        "Price": 15.99,
        "Stock": 90,
        "imageUrl": "https://rizebalsepeti.com.tr/storage/urunler/cahmas-cicek-bali-400x400.png",
        "imageName": "",
        "Weighable": false,
        "Campaign1": true,
        "Campaign2": false,
        "Category": "Breakfast",
        "CategoryId": 2
    },
    {
        "id": 3030,
        "Barcode": "86900000129",
        "ProductName": "Ev yapımı reçel",
        "Description": "Ev yapımı meyve reçeli",
        "Price": 11.25,
        "Stock": 75,
        "imageUrl": "https://suntat.de/wp-content/uploads/2019/12/6804500-400x400.jpg",
        "imageName": "",
        "Weighable": false,
        "Campaign1": false,
        "Campaign2": false,
        "Category": "Breakfast",
        "CategoryId": 2
    },
    {
        "id": 3031,
        "Barcode": "86900000130",
        "ProductName": "Kahvaltılık peynir",
        "Description": "Özel kahvaltılık peynir",
        "Price": 13.5,
        "Stock": 70,
        "imageUrl": "https://aristegelse.com/wp-content/uploads/2023/06/ariste-kusakli-inek-peyniri-450-gr-993-400x400.jpg",
        "imageName": "",
        "Weighable": false,
        "Campaign1": false,
        "Campaign2": false,
        "Category": "Breakfast",
        "CategoryId": 2
    },
    {
        "id": 3032,
        "Barcode": "86900000131",
        "ProductName": "Taze sıkılmış portakal suyu",
        "Description": "Doğal portakal suyu",
        "Price": 5.99,
        "Stock": 90,
        "imageUrl": "https://www.aftamarket.com.tr/icecek-454-meyve-suyu-dimes-26921-29-O.jpg",
        "imageName": "",
        "Weighable": false,
        "Campaign1": true,
        "Campaign2": false,
        "Category": "Breakfast",
        "CategoryId": 2
    },
    {
        "id": 3033,
        "Barcode": "86900000132",
        "ProductName": "Kuşburnu reçeli",
        "Description": "Doğal kuşburnu reçeli",
        "Price": 9.25,
        "Stock": 55,
        "imageUrl": "https://suntat.de/wp-content/uploads/2019/12/6804500-400x400.jpg",
        "imageName": "",
        "Weighable": false,
        "Campaign1": false,
        "Campaign2": false,
        "Category": "Breakfast",
        "CategoryId": 2
    },
    {
        "id": 3034,
        "Barcode": "86900000133",
        "ProductName": "Taze kaşar peyniri",
        "Description": "Taze kaşar peyniri",
        "Price": 11.25,
        "Stock": 80,
        "imageUrl": "https://img-bizimtoptan.mncdn.com/mnresize/400/400/Content/Images/Originals/2863655_0.jpeg",
        "imageName": "",
        "Weighable": false,
        "Campaign1": true,
        "Campaign2": false,
        "Category": "Breakfast",
        "CategoryId": 2
    },
    {
        "id": 3035,
        "Barcode": "86900000134",
        "ProductName": "Beyaz peynir",
        "Description": "Taze beyaz peynir",
        "Price": 7.5,
        "Stock": 95,
        "imageUrl": "https://aristegelse.com/wp-content/uploads/2023/06/ariste-kusakli-inek-peyniri-450-gr-993-400x400.jpg",
        "imageName": "",
        "Weighable": false,
        "Campaign1": false,
        "Campaign2": false,
        "Category": "Breakfast",
        "CategoryId": 2
    },
    {
        "id": 3036,
        "Barcode": "86900000135",
        "ProductName": "Çilek reçeli",
        "Description": "Ev yapımı çilek reçeli",
        "Price": 8.99,
        "Stock": 65,
        "imageUrl": "https://suntat.de/wp-content/uploads/2019/12/6804500-400x400.jpg",
        "imageName": "",
        "Weighable": false,
        "Campaign1": true,
        "Campaign2": false,
        "Category": "Breakfast",
        "CategoryId": 2
    },
    {
        "id": 3037,
        "Barcode": "86900000136",
        "ProductName": "Vişne reçeli",
        "Description": "Vişne reçeli",
        "Price": 10.5,
        "Stock": 75,
        "imageUrl": "https://suntat.de/wp-content/uploads/2019/12/6804500-400x400.jpg",
        "imageName": "",
        "Weighable": false,
        "Campaign1": false,
        "Campaign2": false,
        "Category": "Breakfast",
        "CategoryId": 2
    },
    {
        "id": 3038,
        "Barcode": "86900000137",
        "ProductName": "Yulaflı bisküvi",
        "Description": "Yulaflı sağlıklı bisküvi",
        "Price": 4.75,
        "Stock": 85,
        "imageUrl": "https://static.ticimax.cloud/62343/uploads/urunresimleri/thumb/eti-yulafli-biskuvi-125gr-0-2261.jpg",
        "imageName": "",
        "Weighable": false,
        "Campaign1": true,
        "Campaign2": false,
        "Category": "Breakfast",
        "CategoryId": 2
    },
    {
        "id": 3039,
        "Barcode": "86900000138",
        "ProductName": "Kızarmış simit",
        "Description": "Taze kızarmış simit",
        "Price": 1.99,
        "Stock": 120,
        "imageUrl": "https://yunusb2c.b-cdn.net/Image/Stock/400/f373d651-9b55-4e9d-b869-370de34a66e0.jpg",
        "imageName": "",
        "Weighable": false,
        "Campaign1": false,
        "Campaign2": false,
        "Category": "Breakfast",
        "CategoryId": 2
    },
    {
        "id": 3040,
        "Barcode": "86900000139",
        "ProductName": "Kek",
        "Description": "Ev yapımı kek",
        "Price": 5.25,
        "Stock": 55,
        "imageUrl": "https://www.glutensiznokta.com.tr/wp-content/uploads/2022/10/Dr.-Oetker-Kakaolu-Kek-Karisimi-400-gr-400x400.png",
        "imageName": "",
        "Weighable": false,
        "Campaign1": true,
        "Campaign2": false,
        "Category": "Breakfast",
        "CategoryId": 2
    },
    {
        "id": 3041,
        "Barcode": "86900000140",
        "ProductName": "Kuru üzüm",
        "Description": "Doğal kuru üzüm",
        "Price": 6.99,
        "Stock": 65,
        "imageUrl": "https://static.ticimax.cloud/cdn-cgi/image/width=-,quality=85/33684/uploads/urunresimleri/buyuk/cekirdeksiz-kuru-izmir-uzumu-1-kg--dogal-1d04.jpg",
        "imageName": "",
        "Weighable": false,
        "Campaign1": false,
        "Campaign2": false,
        "Category": "Breakfast",
        "CategoryId": 2
    },
    {
        "id": 3042,
        "Barcode": "86900000141",
        "ProductName": "Taze portakal suyu",
        "Description": "Taze sıkılmış portakal suyu",
        "Price": 7.5,
        "Stock": 80,
        "imageUrl": "https://www.aftamarket.com.tr/icecek-454-meyve-suyu-dimes-26921-29-O.jpg",
        "imageName": "",
        "Weighable": false,
        "Campaign1": true,
        "Campaign2": false,
        "Category": "Breakfast",
        "CategoryId": 2
    },
    {
        "id": 3043,
        "Barcode": "86900000142",
        "ProductName": "Kahvaltılık zeytin",
        "Description": "Özel kahvaltılık zeytin",
        "Price": 10.75,
        "Stock": 70,
        "imageUrl": "https://www.germencikciftligi.com.tr/image/cache/catalog/Urunler/Zeytin%20ve%20Zeytinyagi/Zeytin/gemlik-sele-siy-zeytin-400x400.jpg.webp",
        "imageName": "",
        "Weighable": false,
        "Campaign1": false,
        "Campaign2": false,
        "Category": "Breakfast",
        "CategoryId": 2
    },
    {
        "id": 3044,
        "Barcode": "86900000143",
        "ProductName": "Organik bal",
        "Description": "Doğal organik bal",
        "Price": 15.99,
        "Stock": 90,
        "imageUrl": "https://rizebalsepeti.com.tr/storage/urunler/cahmas-cicek-bali-400x400.png",
        "imageName": "",
        "Weighable": false,
        "Campaign1": true,
        "Campaign2": false,
        "Category": "Breakfast",
        "CategoryId": 2
    },
    {
        "id": 3045,
        "Barcode": "86900000144",
        "ProductName": "Ev yapımı reçel",
        "Description": "Ev yapımı meyve reçeli",
        "Price": 11.25,
        "Stock": 75,
        "imageUrl": "https://suntat.de/wp-content/uploads/2019/12/6804500-400x400.jpg",
        "imageName": "",
        "Weighable": false,
        "Campaign1": false,
        "Campaign2": false,
        "Category": "Breakfast",
        "CategoryId": 2
    },
    {
        "id": 3046,
        "Barcode": "86900000146",
        "ProductName": "Beyaz peynir",
        "Description": "Taze beyaz peynir",
        "Price": 7.5,
        "Stock": 95,
        "imageUrl": "https://aristegelse.com/wp-content/uploads/2023/06/ariste-kusakli-inek-peyniri-450-gr-993-400x400.jpg",
        "imageName": "",
        "Weighable": false,
        "Campaign1": false,
        "Campaign2": false,
        "Category": "Breakfast",
        "CategoryId": 2
    },
    {
        "id": 3047,
        "Barcode": "86900000147",
        "ProductName": "Çilek reçeli",
        "Description": "Ev yapımı çilek reçeli",
        "Price": 8.99,
        "Stock": 65,
        "imageUrl": "https://suntat.de/wp-content/uploads/2019/12/6804500-400x400.jpg",
        "imageName": "",
        "Weighable": false,
        "Campaign1": true,
        "Campaign2": false,
        "Category": "Breakfast",
        "CategoryId": 2
    },
    {
        "id": 3048,
        "Barcode": "86900000148",
        "ProductName": "Vişne reçeli",
        "Description": "Vişne reçeli",
        "Price": 10.5,
        "Stock": 75,
        "imageUrl": "https://suntat.de/wp-content/uploads/2019/12/6804500-400x400.jpg",
        "imageName": "",
        "Weighable": false,
        "Campaign1": false,
        "Campaign2": false,
        "Category": "Breakfast",
        "CategoryId": 2
    },
    {
        "id": 3049,
        "Barcode": "86900000149",
        "ProductName": "Yulaflı bisküvi",
        "Description": "Yulaflı sağlıklı bisküvi",
        "Price": 4.75,
        "Stock": 85,
        "imageUrl": "https://static.ticimax.cloud/62343/uploads/urunresimleri/thumb/eti-yulafli-biskuvi-125gr-0-2261.jpg",
        "imageName": "",
        "Weighable": false,
        "Campaign1": true,
        "Campaign2": false,
        "Category": "Breakfast",
        "CategoryId": 2
    },
    {
        "id": 3050,
        "Barcode": "86900000150",
        "ProductName": "Kızarmış simit",
        "Description": "Taze kızarmış simit",
        "Price": 1.99,
        "Stock": 120,
        "imageUrl": "https://yunusb2c.b-cdn.net/Image/Stock/400/f373d651-9b55-4e9d-b869-370de34a66e0.jpg",
        "imageName": "",
        "Weighable": false,
        "Campaign1": false,
        "Campaign2": false,
        "Category": "Breakfast",
        "CategoryId": 2
    },
    {
        "id": 3051,
        "Barcode": "86900000151",
        "ProductName": "Kek",
        "Description": "Ev yapımı kek",
        "Price": 5.25,
        "Stock": 55,
        "imageUrl": "https://www.glutensiznokta.com.tr/wp-content/uploads/2022/10/Dr.-Oetker-Kakaolu-Kek-Karisimi-400-gr-400x400.png",
        "imageName": "",
        "Weighable": false,
        "Campaign1": true,
        "Campaign2": false,
        "Category": "Breakfast",
        "CategoryId": 2
    },
    {
        "id": 3052,
        "Barcode": "86900000152",
        "ProductName": "Kuru üzüm",
        "Description": "Doğal kuru üzüm",
        "Price": 6.99,
        "Stock": 65,
        "imageUrl": "https://static.ticimax.cloud/cdn-cgi/image/width=-,quality=85/33684/uploads/urunresimleri/buyuk/cekirdeksiz-kuru-izmir-uzumu-1-kg--dogal-1d04.jpg",
        "imageName": "",
        "Weighable": false,
        "Campaign1": false,
        "Campaign2": false,
        "Category": "Breakfast",
        "CategoryId": 2
    },
    {
        "id": 3053,
        "Barcode": "86900000153",
        "ProductName": "Taze portakal suyu",
        "Description": "Taze sıkılmış portakal suyu",
        "Price": 7.5,
        "Stock": 80,
        "imageUrl": "https://www.aftamarket.com.tr/icecek-454-meyve-suyu-dimes-26921-29-O.jpg",
        "imageName": "",
        "Weighable": false,
        "Campaign1": true,
        "Campaign2": false,
        "Category": "Breakfast",
        "CategoryId": 2
    },
    {
        "id": 3054,
        "Barcode": "86900000154",
        "ProductName": "Kahvaltılık zeytin",
        "Description": "Özel kahvaltılık zeytin",
        "Price": 10.75,
        "Stock": 70,
        "imageUrl": "https://www.germencikciftligi.com.tr/image/cache/catalog/Urunler/Zeytin%20ve%20Zeytinyagi/Zeytin/gemlik-sele-siy-zeytin-400x400.jpg.webp",
        "imageName": "",
        "Weighable": false,
        "Campaign1": false,
        "Campaign2": false,
        "Category": "Breakfast",
        "CategoryId": 2
    },
    {
        "id": 3055,
        "Barcode": "86900000155",
        "ProductName": "Organik bal",
        "Description": "Doğal organik bal",
        "Price": 15.99,
        "Stock": 90,
        "imageUrl": "https://rizebalsepeti.com.tr/storage/urunler/cahmas-cicek-bali-400x400.png",
        "imageName": "",
        "Weighable": false,
        "Campaign1": true,
        "Campaign2": false,
        "Category": "Breakfast",
        "CategoryId": 2
    },
    {
        "id": 3056,
        "Barcode": "86900000156",
        "ProductName": "Ev yapımı reçel",
        "Description": "Ev yapımı meyve reçeli",
        "Price": 11.25,
        "Stock": 75,
        "imageUrl": "https://suntat.de/wp-content/uploads/2019/12/6804500-400x400.jpg",
        "imageName": "",
        "Weighable": false,
        "Campaign1": false,
        "Campaign2": false,
        "Category": "Breakfast",
        "CategoryId": 2
    },
    {
        "id": 3057,
        "Barcode": "86900000157",
        "ProductName": "Ekmek",
        "Description": "Tam buğday ekmeği",
        "Price": 2.5,
        "Stock": 100,
        "imageUrl": "https://static.ticimax.cloud/cdn-cgi/image/width=-,quality=85/32584/uploads/urunresimleri/buyuk/mayali-hane-glutensiz-baget-ekmek-2x100--76c7.jpg",
        "imageName": "",
        "Weighable": false,
        "Campaign1": true,
        "Campaign2": false,
        "Category": "Breakfast",
        "CategoryId": 2
    },
    {
        "id": 3058,
        "Barcode": "86900000158",
        "ProductName": "Peynir",
        "Description": "Kaşar peyniri",
        "Price": 12.9,
        "Stock": 75,
        "imageUrl": "https://img-bizimtoptan.mncdn.com/mnresize/400/400/Content/Images/Originals/2863655_0.jpeg",
        "imageName": "",
        "Weighable": false,
        "Campaign1": false,
        "Campaign2": false,
        "Category": "Breakfast",
        "CategoryId": 2
    },
    {
        "id": 3059,
        "Barcode": "86900000159",
        "ProductName": "Zeytin",
        "Description": "Yeşil zeytin",
        "Price": 8.75,
        "Stock": 50,
        "imageUrl": "https://www.germencikciftligi.com.tr/image/cache/catalog/Urunler/Zeytin%20ve%20Zeytinyagi/Zeytin/gemlik-sele-siy-zeytin-400x400.jpg.webp",
        "imageName": "",
        "Weighable": false,
        "Campaign1": true,
        "Campaign2": false,
        "Category": "Breakfast",
        "CategoryId": 2
    },
    {
        "id": 3060,
        "Barcode": "86900000160",
        "ProductName": "Taze sıkılmış portakal suyu",
        "Description": "Doğal portakal suyu",
        "Price": 5.99,
        "Stock": 90,
        "imageUrl": "https://www.aftamarket.com.tr/icecek-454-meyve-suyu-dimes-26921-29-O.jpg",
        "imageName": "",
        "Weighable": false,
        "Campaign1": true,
        "Campaign2": false,
        "Category": "Breakfast",
        "CategoryId": 2
    },
    {
        "id": 3061,
        "Barcode": "86900000161",
        "ProductName": "Kuşburnu reçeli",
        "Description": "Doğal kuşburnu reçeli",
        "Price": 9.25,
        "Stock": 55,
        "imageUrl": "https://suntat.de/wp-content/uploads/2019/12/6804500-400x400.jpg",
        "imageName": "",
        "Weighable": false,
        "Campaign1": false,
        "Campaign2": false,
        "Category": "Breakfast",
        "CategoryId": 2
    },
    {
        "id": 3062,
        "Barcode": "86900000162",
        "ProductName": "Taze kaşar peyniri",
        "Description": "Taze kaşar peyniri",
        "Price": 11.25,
        "Stock": 80,
        "imageUrl": "https://img-bizimtoptan.mncdn.com/mnresize/400/400/Content/Images/Originals/2863655_0.jpeg",
        "imageName": "",
        "Weighable": false,
        "Campaign1": true,
        "Campaign2": false,
        "Category": "Breakfast",
        "CategoryId": 2
    },
    {
        "id": 3063,
        "Barcode": "86900000163",
        "ProductName": "Beyaz peynir",
        "Description": "Taze beyaz peynir",
        "Price": 7.5,
        "Stock": 95,
        "imageUrl": "https://img-bizimtoptan.mncdn.com/mnresize/400/400/Content/Images/Originals/2863655_0.jpeg",
        "imageName": "",
        "Weighable": false,
        "Campaign1": false,
        "Campaign2": false,
        "Category": "Breakfast",
        "CategoryId": 2
    },
    {
        "id": 3064,
        "Barcode": "86900000164",
        "ProductName": "Çilek reçeli",
        "Description": "Ev yapımı çilek reçeli",
        "Price": 8.99,
        "Stock": 65,
        "imageUrl": "https://suntat.de/wp-content/uploads/2019/12/6804500-400x400.jpg",
        "imageName": "",
        "Weighable": false,
        "Campaign1": true,
        "Campaign2": false,
        "Category": "Breakfast",
        "CategoryId": 2
    },
    {
        "id": 3065,
        "Barcode": "86900000165",
        "ProductName": "Vişne reçeli",
        "Description": "Vişne reçeli",
        "Price": 10.5,
        "Stock": 75,
        "imageUrl": "https://suntat.de/wp-content/uploads/2019/12/6804500-400x400.jpg",
        "imageName": "",
        "Weighable": false,
        "Campaign1": false,
        "Campaign2": false,
        "Category": "Breakfast",
        "CategoryId": 2
    },
    {
        "id": 3066,
        "Barcode": "86900000166",
        "ProductName": "Yulaflı bisküvi",
        "Description": "Yulaflı sağlıklı bisküvi",
        "Price": 4.75,
        "Stock": 85,
        "imageUrl": "https://static.ticimax.cloud/62343/uploads/urunresimleri/thumb/eti-yulafli-biskuvi-125gr-0-2261.jpg",
        "imageName": "",
        "Weighable": false,
        "Campaign1": true,
        "Campaign2": false,
        "Category": "Breakfast",
        "CategoryId": 2
    },
    {
        "id": 3067,
        "Barcode": "86900000167",
        "ProductName": "Kızarmış simit",
        "Description": "Taze kızarmış simit",
        "Price": 1.99,
        "Stock": 120,
        "imageUrl": "https://yunusb2c.b-cdn.net/Image/Stock/400/f373d651-9b55-4e9d-b869-370de34a66e0.jpg",
        "imageName": "",
        "Weighable": false,
        "Campaign1": false,
        "Campaign2": false,
        "Category": "Breakfast",
        "CategoryId": 2
    },
    {
        "id": 3068,
        "Barcode": "86900000168",
        "ProductName": "Kek",
        "Description": "Ev yapımı kek",
        "Price": 5.25,
        "Stock": 55,
        "imageUrl": "https://www.glutensiznokta.com.tr/wp-content/uploads/2022/10/Dr.-Oetker-Kakaolu-Kek-Karisimi-400-gr-400x400.png",
        "imageName": "",
        "Weighable": false,
        "Campaign1": true,
        "Campaign2": false,
        "Category": "Breakfast",
        "CategoryId": 2
    },
    {
        "id": 3069,
        "Barcode": "86900000169",
        "ProductName": "Kuru üzüm",
        "Description": "Doğal kuru üzüm",
        "Price": 6.99,
        "Stock": 65,
        "imageUrl": "https://static.ticimax.cloud/cdn-cgi/image/width=-,quality=85/33684/uploads/urunresimleri/buyuk/cekirdeksiz-kuru-izmir-uzumu-1-kg--dogal-1d04.jpg",
        "imageName": "",
        "Weighable": false,
        "Campaign1": false,
        "Campaign2": false,
        "Category": "Breakfast",
        "CategoryId": 2
    },
    {
        "id": 3070,
        "Barcode": "86900000170",
        "ProductName": "Taze portakal suyu",
        "Description": "Taze sıkılmış portakal suyu",
        "Price": 7.5,
        "Stock": 80,
        "imageUrl": "https://www.aftamarket.com.tr/icecek-454-meyve-suyu-dimes-26921-29-O.jpg",
        "imageName": "",
        "Weighable": false,
        "Campaign1": true,
        "Campaign2": false,
        "Category": "Breakfast",
        "CategoryId": 2
    },
    {
        "id": 3071,
        "Barcode": "86900000171",
        "ProductName": "Kahvaltılık zeytin",
        "Description": "Özel kahvaltılık zeytin",
        "Price": 10.75,
        "Stock": 70,
        "imageUrl": "https://www.germencikciftligi.com.tr/image/cache/catalog/Urunler/Zeytin%20ve%20Zeytinyagi/Zeytin/gemlik-sele-siy-zeytin-400x400.jpg.webp",
        "imageName": "",
        "Weighable": false,
        "Campaign1": false,
        "Campaign2": false,
        "Category": "Breakfast",
        "CategoryId": 2
    },
    {
        "id": 3072,
        "Barcode": "86900000172",
        "ProductName": "Organik bal",
        "Description": "Doğal organik bal",
        "Price": 15.99,
        "Stock": 90,
        "imageUrl": "https://rizebalsepeti.com.tr/storage/urunler/cahmas-cicek-bali-400x400.png",
        "imageName": "",
        "Weighable": false,
        "Campaign1": true,
        "Campaign2": false,
        "Category": "Breakfast",
        "CategoryId": 2
    },
    {
        "id": 3073,
        "Barcode": "86900000173",
        "ProductName": "Ev yapımı reçel",
        "Description": "Ev yapımı meyve reçeli",
        "Price": 11.25,
        "Stock": 75,
        "imageUrl": "https://suntat.de/wp-content/uploads/2019/12/6804500-400x400.jpg",
        "imageName": "",
        "Weighable": false,
        "Campaign1": false,
        "Campaign2": false,
        "Category": "Breakfast",
        "CategoryId": 2
    },
    {
        "id": 3074,
        "Barcode": "86900000174",
        "ProductName": "Ekmek",
        "Description": "Tam buğday ekmeği",
        "Price": 2.5,
        "Stock": 100,
        "imageUrl": "https://static.ticimax.cloud/cdn-cgi/image/width=-,quality=85/32584/uploads/urunresimleri/buyuk/mayali-hane-glutensiz-baget-ekmek-2x100--76c7.jpg",
        "imageName": "",
        "Weighable": false,
        "Campaign1": true,
        "Campaign2": false,
        "Category": "Breakfast",
        "CategoryId": 2
    }
]