[
    {
        "id": 3501,
        "Barcode": "86900000175",
        "ProductName": "Süt",
        "Description": "Taze inek sütü",
        "Price": 81.9,
        "Stock": 54,
        "imageUrl": "https://img-bizimtoptan.mncdn.com/mnresize/400/400/Content/Images/Originals/2805221_0.jpeg",
        "imageName": "",
        "Weighable": false,
        "Campaign1": false,
        "Campaign2": false,
        "Category": "Dairy",
        "CategoryId": 3
    },
    {
        "id": 3502,
        "Barcode": "86900000181",
        "ProductName": "Mascarpone",
        "Description": "İtalyan mascarpone",
        "Price": 81.9,
        "Stock": 54,
        "imageUrl": "https://www.eurohorecana.lt/image/cache/data/pieno-produktai/suris/GALBANI%20mascarpone-400x400.jpg",
        "imageName": "",
        "Weighable": false,
        "Campaign1": true,
        "Campaign2": false,
        "Category": "Dairy",
        "CategoryId": 3
    },
    {
        "id": 3503,
        "Barcode": "86900000177",
        "ProductName": "Peynir",
        "Description": "Örgü peynir",
        "Price": 81.9,
        "Stock": 54,
        "imageUrl": "https://aristegelse.com/wp-content/uploads/2023/06/ariste-kusakli-inek-peyniri-450-gr-993-400x400.jpg",
        "imageName": "",
        "Weighable": false,
        "Campaign1": false,
        "Campaign2": false,
        "Category": "Dairy",
        "CategoryId": 3
    },
    {
        "id": 3504,
        "Barcode": "86900000176",
        "ProductName": "Yoğurt",
        "Description": "Doğal yoğurt",
        "Price": 81.9,
        "Stock": 54,
        "imageUrl": "https://yunusb2c.b-cdn.net/Image/Stock/400/0dd20a17-bf3b-4b04-9387-b4bd41c109b8.jpg",
        "imageName": "",
        "Weighable": false,
        "Campaign1": true,
        "Campaign2": false,
        "Category": "Dairy",
        "CategoryId": 3
    },
    {
        "id": 3505,
        "Barcode": "86900000182",
        "ProductName": "Labne",
        "Description": "Doğal labne",
        "Price": 81.9,
        "Stock": 54,
        "imageUrl": "https://yunusb2c.b-cdn.net/Image/Stock/400/a0ba9ed8-11e4-47f1-a3c0-97ac1e30c3ed.jpg",
        "imageName": "",
        "Weighable": false,
        "Campaign1": true,
        "Campaign2": false,
        "Category": "Dairy",
        "CategoryId": 3
    },
    {
        "id": 3506,
        "Barcode": "86900000180",
        "ProductName": "Tereyağı",
        "Description": "Doğal tereyağı",
        "Price": 81.9,
        "Stock": 54,
        "imageUrl": "https://troyasepeti.com/26-home_default/koy-tereyagi-1-kg.jpg",
        "imageName": "",
        "Weighable": false,
        "Campaign1": false,
        "Campaign2": false,
        "Category": "Dairy",
        "CategoryId": 3
    },
    {
        "id": 3507,
        "Barcode": "86900000178",
        "ProductName": "Kaymak",
        "Description": "Yöresel kaymak",
        "Price": 81.9,
        "Stock": 54,
        "imageUrl": "https://yunusb2c.b-cdn.net/Image/Stock/400/ec407d97-1f70-49e8-8c8d-5bf2dc1a71fe.jpg",
        "imageName": "",
        "Weighable": false,
        "Campaign1": true,
        "Campaign2": false,
        "Category": "Dairy",
        "CategoryId": 3
    },
    {
        "id": 3508,
        "Barcode": "86900000179",
        "ProductName": "Krema",
        "Description": "Taze krema",
        "Price": 81.9,
        "Stock": 54,
        "imageUrl": "https://yunusb2c.b-cdn.net/Image/Stock/400/2311bbf7-4f6c-4ee3-a295-9cd3cfd947d5.jpg",
        "imageName": "",
        "Weighable": false,
        "Campaign1": false,
        "Campaign2": false,
        "Category": "Dairy",
        "CategoryId": 3
    },
    {
        "id": 3509,
        "Barcode": "86900000183",
        "ProductName": "Muhallebi",
        "Description": "Ev yapımı muhallebi",
        "Price": 81.9,
        "Stock": 54,
        "imageUrl": "https://www.aftamarket.com.tr/dr-oetker-muhallebi-210-gr-pasta-karisimlari-dr-oetker-22187-23-B.jpg",
        "imageName": "",
        "Weighable": false,
        "Campaign1": false,
        "Campaign2": false,
        "Category": "Dairy",
        "CategoryId": 3
    },
    {
        "id": 3510,
        "Barcode": "86900000184",
        "ProductName": "Kefir",
        "Description": "Doğal kefir",
        "Price": 81.9,
        "Stock": 54,
        "imageUrl": "https://img-bizimtoptan.mncdn.com/mnresize/400/400/Content/Images/Originals/2848042_0.jpeg",
        "imageName": "",
        "Weighable": false,
        "Campaign1": true,
        "Campaign2": false,
        "Category": "Dairy",
        "CategoryId": 3
    },
    {
        "id": 3511,
        "Barcode": "86900000185",
        "ProductName": "Süt",
        "Description": "Taze inek sütü",
        "Price": 81.9,
        "Stock": 54,
        "imageUrl": "https://img-bizimtoptan.mncdn.com/mnresize/400/400/Content/Images/Originals/2805221_0.jpeg",
        "imageName": "",
        "Weighable": false,
        "Campaign1": false,
        "Campaign2": false,
        "Category": "Dairy",
        "CategoryId": 3
    },
    {
        "id": 3512,
        "Barcode": "86900000186",
        "ProductName": "Yoğurt",
        "Description": "Doğal yoğurt",
        "Price": 81.9,
        "Stock": 54,
        "imageUrl": "https://yunusb2c.b-cdn.net/Image/Stock/400/0dd20a17-bf3b-4b04-9387-b4bd41c109b8.jpg",
        "imageName": "",
        "Weighable": false,
        "Campaign1": true,
        "Campaign2": false,
        "Category": "Dairy",
        "CategoryId": 3
    },
    {
        "id": 3513,
        "Barcode": "86900000187",
        "ProductName": "Peynir",
        "Description": "Örgü peynir",
        "Price": 81.9,
        "Stock": 54,
        "imageUrl": "https://aristegelse.com/wp-content/uploads/2023/06/ariste-kusakli-inek-peyniri-450-gr-993-400x400.jpg",
        "imageName": "",
        "Weighable": false,
        "Campaign1": false,
        "Campaign2": false,
        "Category": "Dairy",
        "CategoryId": 3
    },
    {
        "id": 3514,
        "Barcode": "86900000188",
        "ProductName": "Krema",
        "Description": "Taze krema",
        "Price": 81.9,
        "Stock": 54,
        "imageUrl": "https://yunusb2c.b-cdn.net/Image/Stock/400/2311bbf7-4f6c-4ee3-a295-9cd3cfd947d5.jpg",
        "imageName": "",
        "Weighable": false,
        "Campaign1": false,
        "Campaign2": false,
        "Category": "Dairy",
        "CategoryId": 3
    },
    {
        "id": 3515,
        "Barcode": "86900000189",
        "ProductName": "Labne",
        "Description": "Doğal labne",
        "Price": 81.9,
        "Stock": 54,
        "imageUrl": "https://yunusb2c.b-cdn.net/Image/Stock/400/a0ba9ed8-11e4-47f1-a3c0-97ac1e30c3ed.jpg",
        "imageName": "",
        "Weighable": false,
        "Campaign1": true,
        "Campaign2": false,
        "Category": "Dairy",
        "CategoryId": 3
    },
    {
        "id": 3516,
        "Barcode": "86900000190",
        "ProductName": "Tereyağı",
        "Description": "Doğal tereyağı",
        "Price": 81.9,
        "Stock": 54,
        "imageUrl": "https://troyasepeti.com/26-home_default/koy-tereyagi-1-kg.jpg",
        "imageName": "",
        "Weighable": false,
        "Campaign1": false,
        "Campaign2": false,
        "Category": "Dairy",
        "CategoryId": 3
    },
    {
        "id": 3517,
        "Barcode": "86900000191",
        "ProductName": "Kaymak",
        "Description": "Yöresel kaymak",
        "Price": 81.9,
        "Stock": 54,
        "imageUrl": "https://img-bizimtoptan.mncdn.com/mnresize/400/400/Content/Images/Originals/2805221_0.jpeg",
        "imageName": "",
        "Weighable": false,
        "Campaign1": true,
        "Campaign2": false,
        "Category": "Dairy",
        "CategoryId": 3
    },
    {
        "id": 3518,
        "Barcode": "86900000192",
        "ProductName": "Mascarpone",
        "Description": "İtalyan mascarpone",
        "Price": 81.9,
        "Stock": 54,
        "imageUrl": "https://www.eurohorecana.lt/image/cache/data/pieno-produktai/suris/GALBANI%20mascarpone-400x400.jpg",
        "imageName": "",
        "Weighable": false,
        "Campaign1": false,
        "Campaign2": false,
        "Category": "Dairy",
        "CategoryId": 3
    },
    {
        "id": 3519,
        "Barcode": "86900000193",
        "ProductName": "Muhallebi",
        "Description": "Ev yapımı muhallebi",
        "Price": 81.9,
        "Stock": 54,
        "imageUrl": "https://www.aftamarket.com.tr/dr-oetker-muhallebi-210-gr-pasta-karisimlari-dr-oetker-22187-23-B.jpg",
        "imageName": "",
        "Weighable": false,
        "Campaign1": true,
        "Campaign2": false,
        "Category": "Dairy",
        "CategoryId": 3
    },
    {
        "id": 3520,
        "Barcode": "86900000194",
        "ProductName": "Kefir",
        "Description": "Doğal kefir",
        "Price": 81.9,
        "Stock": 54,
        "imageUrl": "https://img-bizimtoptan.mncdn.com/mnresize/400/400/Content/Images/Originals/2848042_0.jpeg",
        "imageName": "",
        "Weighable": false,
        "Campaign1": false,
        "Campaign2": false,
        "Category": "Dairy",
        "CategoryId": 3
    },
    {
        "id": 3521,
        "Barcode": "86900000195",
        "ProductName": "Süt",
        "Description": "Taze inek sütü",
        "Price": 81.9,
        "Stock": 54,
        "imageUrl": "https://img-bizimtoptan.mncdn.com/mnresize/400/400/Content/Images/Originals/2805221_0.jpeg",
        "imageName": "",
        "Weighable": false,
        "Campaign1": true,
        "Campaign2": false,
        "Category": "Dairy",
        "CategoryId": 3
    },
    {
        "id": 3522,
        "Barcode": "86900000196",
        "ProductName": "Yoğurt",
        "Description": "Doğal yoğurt",
        "Price": 81.9,
        "Stock": 54,
        "imageUrl": "https://yunusb2c.b-cdn.net/Image/Stock/400/0dd20a17-bf3b-4b04-9387-b4bd41c109b8.jpg",
        "imageName": "",
        "Weighable": false,
        "Campaign1": false,
        "Campaign2": false,
        "Category": "Dairy",
        "CategoryId": 3
    },
    {
        "id": 3523,
        "Barcode": "86900000197",
        "ProductName": "Peynir",
        "Description": "Örgü peynir",
        "Price": 81.9,
        "Stock": 54,
        "imageUrl": "https://aristegelse.com/wp-content/uploads/2023/06/ariste-kusakli-inek-peyniri-450-gr-993-400x400.jpg",
        "imageName": "",
        "Weighable": false,
        "Campaign1": true,
        "Campaign2": false,
        "Category": "Dairy",
        "CategoryId": 3
    },
    {
        "id": 3524,
        "Barcode": "86900000198",
        "ProductName": "Labne",
        "Description": "Doğal labne",
        "Price": 81.9,
        "Stock": 54,
        "imageUrl": "https://yunusb2c.b-cdn.net/Image/Stock/400/a0ba9ed8-11e4-47f1-a3c0-97ac1e30c3ed.jpg",
        "imageName": "",
        "Weighable": false,
        "Campaign1": false,
        "Campaign2": false,
        "Category": "Dairy",
        "CategoryId": 3
    },
    {
        "id": 3525,
        "Barcode": "86900000199",
        "ProductName": "Krema",
        "Description": "Taze krema",
        "Price": 81.9,
        "Stock": 54,
        "imageUrl": "https://yunusb2c.b-cdn.net/Image/Stock/400/2311bbf7-4f6c-4ee3-a295-9cd3cfd947d5.jpg",
        "imageName": "",
        "Weighable": false,
        "Campaign1": true,
        "Campaign2": false,
        "Category": "Dairy",
        "CategoryId": 3
    },
    {
        "id": 3526,
        "Barcode": "86900000200",
        "ProductName": "Tereyağı",
        "Description": "Doğal tereyağı",
        "Price": 81.9,
        "Stock": 54,
        "imageUrl": "https://troyasepeti.com/26-home_default/koy-tereyagi-1-kg.jpg",
        "imageName": "",
        "Weighable": false,
        "Campaign1": false,
        "Campaign2": false,
        "Category": "Dairy",
        "CategoryId": 3
    },
    {
        "id": 3527,
        "Barcode": "86900000201",
        "ProductName": "Kaymak",
        "Description": "Yöresel kaymak",
        "Price": 81.9,
        "Stock": 54,
        "imageUrl": "https://yunusb2c.b-cdn.net/Image/Stock/400/ec407d97-1f70-49e8-8c8d-5bf2dc1a71fe.jpg",
        "imageName": "",
        "Weighable": false,
        "Campaign1": true,
        "Campaign2": false,
        "Category": "Dairy",
        "CategoryId": 3
    },
    {
        "id": 3528,
        "Barcode": "86900000202",
        "ProductName": "Mascarpone",
        "Description": "İtalyan mascarpone",
        "Price": 81.9,
        "Stock": 54,
        "imageUrl": "https://www.eurohorecana.lt/image/cache/data/pieno-produktai/suris/GALBANI%20mascarpone-400x400.jpg",
        "imageName": "",
        "Weighable": false,
        "Campaign1": false,
        "Campaign2": false,
        "Category": "Dairy",
        "CategoryId": 3
    },
    {
        "id": 3529,
        "Barcode": "86900000203",
        "ProductName": "Muhallebi",
        "Description": "Ev yapımı muhallebi",
        "Price": 81.9,
        "Stock": 54,
        "imageUrl": "https://www.aftamarket.com.tr/dr-oetker-muhallebi-210-gr-pasta-karisimlari-dr-oetker-22187-23-B.jpg",
        "imageName": "",
        "Weighable": false,
        "Campaign1": true,


        "Campaign2": false,
        "Category": "Dairy",
        "CategoryId": 3
    },
    {
        "id": 3530,
        "Barcode": "86900000204",
        "ProductName": "Kefir",
        "Description": "Doğal kefir",
        "Price": 81.9,
        "Stock": 54,
        "imageUrl": "https://img-bizimtoptan.mncdn.com/mnresize/400/400/Content/Images/Originals/2848042_0.jpeg",
        "imageName": "",
        "Weighable": false,
        "Campaign1": false,
        "Campaign2": false,
        "Category": "Dairy",
        "CategoryId": 3
    }
]