[
    {
        "id": 4001,
        "Barcode": "86900000205",
        "ProductName": "Ekmek",
        "Description": "Taze Günlük Ekmek",
        "Price": 81.9,
        "Stock": 54,
        "imageUrl": "https://static.ticimax.cloud/cdn-cgi/image/width=-,quality=85/32584/uploads/urunresimleri/buyuk/mayali-hane-dusuk-proteinli-baget-ekmek--c514.jpg",
        "imageName": "",
        "Weighable": false,
        "Campaign1": false,
        "Campaign2": false,
        "Category": "Bakery",
        "CategoryId": 4
    },
    {
        "id": 4002,
        "Barcode": "86900000206",
        "ProductName": "Poğaça",
        "Description": "Taze Fırın Poğaça",
        "Price": 59.99,
        "Stock": 35,
        "imageUrl": "https://encrypted-tbn0.gstatic.com/images?q=tbn:ANd9GcRJk5Wy4D7WwiUX_XyqPGsAi2V1QQanGiF6fA&s",
        "imageName": "",
        "Weighable": false,
        "Campaign1": false,
        "Campaign2": true,
        "Category": "Bakery",
        "CategoryId": 4
    },
    {
        "id": 4003,
        "Barcode": "86900000207",
        "ProductName": "Simit",
        "Description": "Taze Simit",
        "Price": 49.9,
        "Stock": 42,
        "imageUrl": "https://yunusb2c.b-cdn.net/Image/Stock/400/f373d651-9b55-4e9d-b869-370de34a66e0.jpg",
        "imageName": "",
        "Weighable": false,
        "Campaign1": true,
        "Campaign2": false,
        "Category": "Bakery",
        "CategoryId": 4
    },
    {
        "id": 4004,
        "Barcode": "86900000208",
        "ProductName": "Açma",
        "Description": "Taze Açma",
        "Price": 65.5,
        "Stock": 28,
        "imageUrl": "https://encrypted-tbn0.gstatic.com/images?q=tbn:ANd9GcRJk5Wy4D7WwiUX_XyqPGsAi2V1QQanGiF6fA&s",
        "imageName": "",
        "Weighable": false,
        "Campaign1": true,
        "Campaign2": false,
        "Category": "Bakery",
        "CategoryId": 4
    },
    {
        "id": 4005,
        "Barcode": "86900000209",
        "ProductName": "Kruvasan",
        "Description": "Taze Kruvasan",
        "Price": 74.25,
        "Stock": 21,
        "imageUrl": "https://www.fastbakery.com.tr/Webkontrol/IcerikYonetimi/GaleriResim/KucukResim/sade-kruvasan_urunler_g384_k_Kn5msqji.jpg",
        "imageName": "",
        "Weighable": false,
        "Campaign1": false,
        "Campaign2": false,
        "Category": "Bakery",
        "CategoryId": 4
    },
    {
        "id": 4006,
        "Barcode": "86900000210",
        "ProductName": "Pide",
        "Description": "Taze Pide",
        "Price": 90.0,
        "Stock": 17,
        "imageUrl": "https://static.ticimax.cloud/cdn-cgi/image/width=-,quality=85/32584/uploads/urunresimleri/buyuk/mayali-hane-dusuk-proteinli-baget-ekmek--c514.jpg",
        "imageName": "",
        "Weighable": false,
        "Campaign1": true,
        "Campaign2": false,
        "Category": "Bakery",
        "CategoryId": 4
    },
    {
        "id": 4007,
        "Barcode": "86900000211",
        "ProductName": "Lavaş",
        "Description": "Taze Lavaş",
        "Price": 55.75,
        "Stock": 29,
        "imageUrl": "https://static.ticimax.cloud/cdn-cgi/image/width=-,quality=85/32584/uploads/urunresimleri/buyuk/mayali-hane-dusuk-proteinli-baget-ekmek--c514.jpg",
        "imageName": "",
        "Weighable": false,
        "Campaign1": true,
        "Campaign2": false,
        "Category": "Bakery",
        "CategoryId": 4
    },
    {
        "id": 4008,
        "Barcode": "86900000212",
        "ProductName": "Sütlü Çörek",
        "Description": "Taze Sütlü Çörek",
        "Price": 68.4,
        "Stock": 33,
        "imageUrl": "https://encrypted-tbn0.gstatic.com/images?q=tbn:ANd9GcRJk5Wy4D7WwiUX_XyqPGsAi2V1QQanGiF6fA&s",
        "imageName": "",
        "Weighable": false,
        "Campaign1": false,
        "Campaign2": false,
        "Category": "Bakery",
        "CategoryId": 4
    },
    {
        "id": 4009,
        "Barcode": "86900000213",
        "ProductName": "Köy Ekmeği",
        "Description": "Taze Köy Ekmeği",
        "Price": 42.8,
        "Stock": 46,
        "imageUrl": "https://static.ticimax.cloud/cdn-cgi/image/width=-,quality=85/32584/uploads/urunresimleri/buyuk/mayali-hane-dusuk-proteinli-baget-ekmek--c514.jpg",
        "imageName": "",
        "Weighable": false,
        "Campaign1": true,
        "Campaign2": false,
        "Category": "Bakery",
        "CategoryId": 4
    },
    {
        "id": 4010,
        "Barcode": "86900000214",
        "ProductName": "Börek",
        "Description": "Taze Börek",
        "Price": 77.6,
        "Stock": 24,
        "imageUrl": "https://static.ticimax.cloud/cdn-cgi/image/width=-,quality=85/32584/uploads/urunresimleri/buyuk/mayali-hane-dusuk-proteinli-baget-ekmek--c514.jpg",
        "imageName": "",
        "Weighable": false,
        "Campaign1": false,
        "Campaign2": false,
        "Category": "Bakery",
        "CategoryId": 4
    },
    {
        "id": 4011,
        "Barcode": "86900000215",
        "ProductName": "Ekmek",
        "Description": "Taze Günlük Ekmek",
        "Price": 81.9,
        "Stock": 54,
        "imageUrl": "https://static.ticimax.cloud/cdn-cgi/image/width=-,quality=85/32584/uploads/urunresimleri/buyuk/mayali-hane-dusuk-proteinli-baget-ekmek--c514.jpg",
        "imageName": "",
        "Weighable": false,
        "Campaign1": false,
        "Campaign2": false,
        "Category": "Bakery",
        "CategoryId": 4
    },
    {
        "id": 4012,
        "Barcode": "86900000216",
        "ProductName": "Poğaça",
        "Description": "Taze Fırın Poğaça",
        "Price": 59.99,
        "Stock": 35,
        "imageUrl": "https://encrypted-tbn0.gstatic.com/images?q=tbn:ANd9GcRJk5Wy4D7WwiUX_XyqPGsAi2V1QQanGiF6fA&s",
        "imageName": "",
        "Weighable": false,
        "Campaign1": false,
        "Campaign2": true,
        "Category": "Bakery",
        "CategoryId": 4
    },
    {
        "id": 4013,
        "Barcode": "86900000217",
        "ProductName": "Simit",
        "Description": "Taze Simit",
        "Price": 49.9,
        "Stock": 42,
        "imageUrl": "https://yunusb2c.b-cdn.net/Image/Stock/400/f373d651-9b55-4e9d-b869-370de34a66e0.jpg",
        "imageName": "",
        "Weighable": false,
        "Campaign1": true,
        "Campaign2": false,
        "Category": "Bakery",
        "CategoryId": 4
    },
    {
        "id": 4014,
        "Barcode": "86900000218",
        "ProductName": "Açma",
        "Description": "Taze Açma",
        "Price": 65.5,
        "Stock": 28,
        "imageUrl": "https://encrypted-tbn0.gstatic.com/images?q=tbn:ANd9GcRJk5Wy4D7WwiUX_XyqPGsAi2V1QQanGiF6fA&s",
        "imageName": "",
        "Weighable": false,
        "Campaign1": true,
        "Campaign2": false,
        "Category": "Bakery",
        "CategoryId": 4
    },
    {
        "id": 4015,
        "Barcode": "86900000219",
        "ProductName": "Kruvasan",
        "Description": "Taze Kruvasan",
        "Price": 74.25,
        "Stock": 21,
        "imageUrl": "https://www.fastbakery.com.tr/Webkontrol/IcerikYonetimi/GaleriResim/KucukResim/sade-kruvasan_urunler_g384_k_Kn5msqji.jpg",
        "imageName": "",
        "Weighable": false,
        "Campaign1": false,
        "Campaign2": false,
        "Category": "Bakery",
        "CategoryId": 4
    },
    {
        "id": 4016,
        "Barcode": "86900000220",
        "ProductName": "Pide",
        "Description": "Taze Pide",
        "Price": 90.0,
        "Stock": 17,
        "imageUrl": "https://static.ticimax.cloud/cdn-cgi/image/width=-,quality=85/32584/uploads/urunresimleri/buyuk/mayali-hane-dusuk-proteinli-baget-ekmek--c514.jpg",
        "imageName": "",
        "Weighable": false,
        "Campaign1": true,
        "Campaign2": false,
        "Category": "Bakery",
        "CategoryId": 4
    },
    {
        "id": 4017,
        "Barcode": "86900000221",
        "ProductName": "Lavaş",
        "Description": "Taze Lavaş",
        "Price": 55.75,
        "Stock": 29,
        "imageUrl": "https://encrypted-tbn0.gstatic.com/images?q=tbn:ANd9GcRJk5Wy4D7WwiUX_XyqPGsAi2V1QQanGiF6fA&s",
        "imageName": "",
        "Weighable": false,
        "Campaign1": true,
        "Campaign2": false,
        "Category": "Bakery",
        "CategoryId": 4
    },
    {
        "id": 4018,
        "Barcode": "86900000222",
        "ProductName": "Sütlü Çörek",
        "Description": "Taze Sütlü Çörek",
        "Price": 68.4,
        "Stock": 33,
        "imageUrl": "https://encrypted-tbn0.gstatic.com/images?q=tbn:ANd9GcRJk5Wy4D7WwiUX_XyqPGsAi2V1QQanGiF6fA&s",
        "imageName": "",
        "Weighable": false,
        "Campaign1": false,
        "Campaign2": false,
        "Category": "Bakery",
        "CategoryId": 4
    },
    {
        "id": 4019,
        "Barcode": "86900000223",
        "ProductName": "Köy Ekmeği",
        "Description": "Taze Köy Ekmeği",
        "Price": 42.8,
        "Stock": 46,
        "imageUrl": "https://static.ticimax.cloud/cdn-cgi/image/width=-,quality=85/32584/uploads/urunresimleri/buyuk/mayali-hane-dusuk-proteinli-baget-ekmek--c514.jpg",
        "imageName": "",
        "Weighable": false,
        "Campaign1": true,
        "Campaign2": false,
        "Category": "Bakery",
        "CategoryId": 4
    },
    {
        "id": 4020,
        "Barcode": "86900000224",
        "ProductName": "Börek",
        "Description": "Taze Börek",
        "Price": 77.6,
        "Stock": 24,
        "imageUrl": "https://encrypted-tbn0.gstatic.com/images?q=tbn:ANd9GcRJk5Wy4D7WwiUX_XyqPGsAi2V1QQanGiF6fA&s",
        "imageName": "",
        "Weighable": false,
        "Campaign1": false,
        "Campaign2": false,
        "Category": "Bakery",
        "CategoryId": 4
    }
]