[
    {
        "id": 225,
        "Barcode": "86900000225",
        "ProductName": "Pirinç",
        "Description": "1 kg Pirinç",
        "Price": 10.5,
        "Stock": 100,
        "imageUrl": "https://bakkalim.co.uk/image/catalog/0-category/rice.jpg",
        "imageName": "",
        "Weighable": false,
        "Campaign1": true,
        "Campaign2": false,
        "Category": "StapleFood",
        "CategoryId": 5
    },
    {
        "id": 226,
        "Barcode": "86900000226",
        "ProductName": "Bulgur",
        "Description": "1 kg Bulgur",
        "Price": 8.75,
        "Stock": 120,
        "imageUrl": "https://bakkalim.co.uk/image/catalog/0-category/rice.jpg",
        "imageName": "",
        "Weighable": false,
        "Campaign1": false,
        "Campaign2": false,
        "Category": "StapleFood",
        "CategoryId": 5
    },
    {
        "id": 227,
        "Barcode": "86900000227",
        "ProductName": "Makarna",
        "Description": "500 gr Makarna",
        "Price": 4.5,
        "Stock": 200,
        "imageUrl": "https://yunusb2c.b-cdn.net/Image/Stock/400/1d077198-df98-4082-aec6-0964214273cb.jpg",
        "imageName": "",
        "Weighable": false,
        "Campaign1": true,
        "Campaign2": false,
        "Category": "StapleFood",
        "CategoryId": 5
    },
    {
        "id": 228,
        "Barcode": "86900000228",
        "ProductName": "Mercimek",
        "Description": "1 kg Mercimek",
        "Price": 12.0,
        "Stock": 80,
        "imageUrl": "https://www.turkilleri.com/wp-content/uploads/2017/12/nohut.png",
        "imageName": "",
        "Weighable": false,
        "Campaign1": false,
        "Campaign2": false,
        "Category": "StapleFood",
        "CategoryId": 5
    },
    {
        "id": 229,
        "Barcode": "86900000229",
        "ProductName": "Nohut",
        "Description": "1 kg Nohut",
        "Price": 14.25,
        "Stock": 90,
        "imageUrl": "https://www.turkilleri.com/wp-content/uploads/2017/12/nohut.png",
        "imageName": "",
        "Weighable": false,
        "Campaign1": true,
        "Campaign2": false,
        "Category": "StapleFood",
        "CategoryId": 5
    },
    {
        "id": 230,
        "Barcode": "86900000230",
        "ProductName": "Un",
        "Description": "2 kg Un",
        "Price": 7.0,
        "Stock": 110,
        "imageUrl": "https://img-bizimtoptan.mncdn.com/mnresize/400/400/Content/Images/Originals/2781194_0.jpeg",
        "imageName": "",
        "Weighable": false,
        "Campaign1": false,
        "Campaign2": false,
        "Category": "StapleFood",
        "CategoryId": 5
    },
    {
        "id": 231,
        "Barcode": "86900000231",
        "ProductName": "Şeker",
        "Description": "1 kg Şeker",
        "Price": 6.5,
        "Stock": 150,
        "imageUrl": "https://img-bizimtoptan.mncdn.com/mnresize/400/400/Content/Images/Originals/2781194_0.jpeg",
        "imageName": "",
        "Weighable": false,
        "Campaign1": true,
        "Campaign2": false,
        "Category": "StapleFood",
        "CategoryId": 5
    },
    {
        "id": 232,
        "Barcode": "86900000232",
        "ProductName": "Tuz",
        "Description": "750 gr Tuz",
        "Price": 1.5,
        "Stock": 300,
        "imageUrl": "https://img-bizimtoptan.mncdn.com/mnresize/400/400/Content/Images/Originals/2781194_0.jpeg",
        "imageName": "",
        "Weighable": false,
        "Campaign1": false,
        "Campaign2": false,
        "Category": "StapleFood",
        "CategoryId": 5
    },
    {
        "id": 233,
        "Barcode": "86900000233",
        "ProductName": "Ayçiçek Yağı",
        "Description": "1 L Ayçiçek Yağı",
        "Price": 25.0,
        "Stock": 60,
        "imageUrl": "https://troyasepeti.com/26-home_default/koy-tereyagi-1-kg.jpg",
        "imageName": "",
        "Weighable": false,
        "Campaign1": true,
        "Campaign2": false,
        "Category": "StapleFood",
        "CategoryId": 5
    },
    {
        "id": 234,
        "Barcode": "86900000234",
        "ProductName": "Zeytinyağı",
        "Description": "1 L Zeytinyağı",
        "Price": 35.0,
        "Stock": 50,
        "imageUrl": "https://troyasepeti.com/26-home_default/koy-tereyagi-1-kg.jpg",
        "imageName": "",
        "Weighable": false,
        "Campaign1": false,
        "Campaign2": false,
        "Category": "StapleFood",
        "CategoryId": 5
    },
    {
        "id": 235,
        "Barcode": "86900000235",
        "ProductName": "Yoğurt",
        "Description": "1 kg Yoğurt",
        "Price": 7.5,
        "Stock": 200,
        "imageUrl": "https://img-bizimtoptan.mncdn.com/mnresize/400/400/Content/Images/Originals/2805221_0.jpeg",
        "imageName": "",
        "Weighable": false,
        "Campaign1": true,
        "Campaign2": false,
        "Category": "StapleFood",
        "CategoryId": 5
    },
    {
        "id": 236,
        "Barcode": "86900000236",
        "ProductName": "Süt",
        "Description": "1 L Süt",
        "Price": 4.0,
        "Stock": 250,
        "imageUrl": "https://img-bizimtoptan.mncdn.com/mnresize/400/400/Content/Images/Originals/2805221_0.jpeg",
        "imageName": "",
        "Weighable": false,
        "Campaign1": false,
        "Campaign2": false,
        "Category": "StapleFood",
        "CategoryId": 5
    },
    {
        "id": 237,
        "Barcode": "86900000237",
        "ProductName": "Peynir",
        "Description": "500 gr Beyaz Peynir",
        "Price": 18.5,
        "Stock": 70,
        "imageUrl": "https://img-bizimtoptan.mncdn.com/mnresize/400/400/Content/Images/Originals/1806644_0.jpeg",
        "imageName": "",
        "Weighable": false,
        "Campaign1": true,
        "Campaign2": false,
        "Category": "StapleFood",
        "CategoryId": 5
    },
    {
        "id": 238,
        "Barcode": "86900000238",
        "ProductName": "Yumurta",
        "Description": "10'lu Yumurta",
        "Price": 12.0,
        "Stock": 100,
        "imageUrl": "https://img-bizimtoptan.mncdn.com/mnresize/400/400/Content/Images/Originals/1806644_0.jpeg",
        "imageName": "",
        "Weighable": false,
        "Campaign1": false,
        "Campaign2": false,
        "Category": "StapleFood",
        "CategoryId": 5
    },
    {
        "id": 239,
        "Barcode": "86900000239",
        "ProductName": "Ekmek",
        "Description": "1 Adet Ekmek",
        "Price": 2.0,
        "Stock": 500,
        "imageUrl": "https://static.ticimax.cloud/cdn-cgi/image/width=-,quality=85/32584/uploads/urunresimleri/buyuk/mayali-hane-glutensiz-baget-ekmek-2x100--76c7.jpg",
        "imageName": "",
        "Weighable": false,
        "Campaign1": true,
        "Campaign2": false,
        "Category": "StapleFood",
        "CategoryId": 5
    },
    {
        "id": 240,
        "Barcode": "86900000240",
        "ProductName": "Çay",
        "Description": "500 gr Çay",
        "Price": 22.5,
        "Stock": 130,
        "imageUrl": "https://yunusb2c.b-cdn.net/Image/Stock/400/1b4ea043-0318-4f3e-9443-a0354d9b4df9.jpg",
        "imageName": "",
        "Weighable": false,
        "Campaign1": false,
        "Campaign2": false,
        "Category": "StapleFood",
        "CategoryId": 5
    },
    {
        "id": 241,
        "Barcode": "86900000241",
        "ProductName": "Kahve",
        "Description": "200 gr Türk Kahvesi",
        "Price": 18.0,
        "Stock": 90,
        "imageUrl": "https://www.germencikciftligi.com.tr/image/cache/catalog/Urunler/Zeytin%20ve%20Zeytinyagi/Zeytin/gemlik-sele-siy-zeytin-400x400.jpg.webp",
        "imageName": "",
        "Weighable": false,
        "Campaign1": true,
        "Campaign2": false,
        "Category": "StapleFood",
        "CategoryId": 5
    },
    {
        "id": 242,
        "Barcode": "86900000242",
        "ProductName": "Mısır Gevreği",
        "Description": "300 gr Mısır Gevreği",
        "Price": 15.0,
        "Stock": 70,
        "imageUrl": "https://www.yudumtoptan.com/yudum-aycicek-yagi-profesyonel-18-lt-teneke-sivi-yaglar-yudum-teneke-841-55-O.jpg",
        "imageName": "",
        "Weighable": false,
        "Campaign1": false,
        "Campaign2": false,
        "Category": "StapleFood",
        "CategoryId": 5
    },
    {
        "id": 243,
        "Barcode": "86900000243",
        "ProductName": "Zeytin",
        "Description": "500 gr Siyah Zeytin",
        "Price": 20.0,
        "Stock": 60,
        "imageUrl": "https://www.germencikciftligi.com.tr/image/cache/catalog/Urunler/Zeytin%20ve%20Zeytinyagi/Zeytin/gemlik-sele-siy-zeytin-400x400.jpg.webp",
        "imageName": "",
        "Weighable": false,
        "Campaign1": true,
        "Campaign2": false,
        "Category": "StapleFood",
        "CategoryId": 5
    },
    {
        "id": 244,
        "Barcode": "86900000244",
        "ProductName": "Salça",
        "Description": "1 kg Domates Salçası",
        "Price": 10.0,
        "Stock": 100,
        "imageUrl": "https://www.germencikciftligi.com.tr/image/cache/catalog/Urunler/Yoresel%20Dogal%20Tatlar/domates-salcasi-1-400x400.jpg.webp",
        "imageName": "",
        "Weighable": false,
        "Campaign1": false,
        "Campaign2": false,
        "Category": "StapleFood",
        "CategoryId": 5
    },
    {
        "id": 245,
        "Barcode": "86900000245",
        "ProductName": "Reçel",
        "Description": "800 gr Çilek Reçeli",
        "Price": 14.0,
        "Stock": 80,
        "imageUrl": "https://static.ticimax.cloud/33684/uploads/urunresimleri/buyuk/kara-dut-pekmezi-ev-yapimi-1-kg--100-kat-fba2.jpg",
        "imageName": "",
        "Weighable": false,
        "Campaign1": true,
        "Campaign2": false,
        "Category": "StapleFood",
        "CategoryId": 5
    },
    {
        "id": 246,
        "Barcode": "86900000246",
        "ProductName": "Bal",
        "Description": "500 gr Bal",
        "Price": 30.0,
        "Stock": 60,
        "imageUrl": "https://static.ticimax.cloud/33684/uploads/urunresimleri/buyuk/kara-dut-pekmezi-ev-yapimi-1-kg--100-kat-fba2.jpg",
        "imageName": "",
        "Weighable": false,
        "Campaign1": false,
        "Campaign2": false,
        "Category": "StapleFood",
        "CategoryId": 5
    },
    {
        "id": 247,
        "Barcode": "86900000247",
        "ProductName": "Pekmez",
        "Description": "800 gr Üzüm Pekmezi",
        "Price": 20.0,
        "Stock": 50,
        "imageUrl": "https://static.ticimax.cloud/33684/uploads/urunresimleri/buyuk/kara-dut-pekmezi-ev-yapimi-1-kg--100-kat-fba2.jpg",
        "imageName": "",
        "Weighable": false,
        "Campaign1": true,
        "Campaign2": false,
        "Category": "StapleFood",
        "CategoryId": 5
    },
    {
        "id": 248,
        "Barcode": "86900000248",
        "ProductName": "Kuru Fasulye",
        "Description": "1 kg Kuru Fasulye",
        "Price": 18.0,
        "Stock": 90,
        "imageUrl": "https://www.germencikciftligi.com.tr/image/cache/catalog/Urunler/incir/kuru-incir-suzme-420-400x400.jpg.webp",
        "imageName": "",
        "Weighable": false,
        "Campaign1": false,
        "Campaign2": false,
        "Category": "StapleFood",
        "CategoryId": 5
    },
    {
        "id": 249,
        "Barcode": "86900000249",
        "ProductName": "Kuru Üzüm",
        "Description": "500 gr Kuru Üzüm",
        "Price": 12.0,
        "Stock": 110,
        "imageUrl": "https://www.germencikciftligi.com.tr/image/cache/catalog/Urunler/incir/kuru-incir-suzme-420-400x400.jpg.webp",
        "imageName": "",
        "Weighable": false,
        "Campaign1": true,
        "Campaign2": false,
        "Category": "StapleFood",
        "CategoryId": 5
    },
    {
        "id": 250,
        "Barcode": "86900000250",
        "ProductName": "Kuru Kayısı",
        "Description": "500 gr Kuru Kayısı",
        "Price": 15.0,
        "Stock": 80,
        "imageUrl": "https://static.ticimax.cloud/33684/uploads/urunresimleri/buyuk/sari-kuru-kayisi-1-kg--meshur-dogal-mala-56bc.jpg",
        "imageName": "",
        "Weighable": false,
        "Campaign1": false,
        "Campaign2": false,
        "Category": "StapleFood",
        "CategoryId": 5
    },
    {
        "id": 251,
        "Barcode": "86900000251",
        "ProductName": "Fındık",
        "Description": "200 gr Kavrulmuş Fındık",
        "Price": 25.0,
        "Stock": 50,
        "imageUrl": "https://www.taze7.com/kelebek-ceviz-ici-1000-gr-ceviz-taze7-423-28-K.jpg",
        "imageName": "",
        "Weighable": false,
        "Campaign1": true,
        "Campaign2": false,
        "Category": "StapleFood",
        "CategoryId": 5
    },
    {
        "id": 252,
        "Barcode": "86900000252",
        "ProductName": "Ceviz",
        "Description": "200 gr İç Ceviz",
        "Price": 28.0,
        "Stock": 40,
        "imageUrl": "https://www.taze7.com/kelebek-ceviz-ici-1000-gr-ceviz-taze7-423-28-K.jpg",
        "imageName": "",
        "Weighable": false,
        "Campaign1": false,
        "Campaign2": false,
        "Category": "StapleFood",
        "CategoryId": 5
    },
    {
        "id": 253,
        "Barcode": "86900000253",
        "ProductName": "Fıstık",
        "Description": "200 gr Kavrulmuş Fıstık",
        "Price": 22.0,
        "Stock": 60,
        "imageUrl": "https://www.germencikciftligi.com.tr/image/cache/catalog/Urunler/incir/kuru-incir-suzme-420-400x400.jpg.webp",
        "imageName": "",
        "Weighable": false,
        "Campaign1": true,
        "Campaign2": false,
        "Category": "StapleFood",
        "CategoryId": 5
    },
    {
        "id": 254,
        "Barcode": "86900000254",
        "ProductName": "Leblebi",
        "Description": "200 gr Beyaz Leblebi",
        "Price": 10.0,
        "Stock": 70,
        "imageUrl": "https://www.taze7.com/kelebek-ceviz-ici-1000-gr-ceviz-taze7-423-28-K.jpg",
        "imageName": "",
        "Weighable": false,
        "Campaign1": false,
        "Campaign2": false,
        "Category": "StapleFood",
        "CategoryId": 5
    },
    {
        "id": 255,
        "Barcode": "86900000255",
        "ProductName": "Kuru İncir",
        "Description": "500 gr Kuru İncir",
        "Price": 20.0,
        "Stock": 50,
        "imageUrl": "https://www.germencikciftligi.com.tr/image/cache/catalog/Urunler/incir/kuru-incir-suzme-420-400x400.jpg.webp",
        "imageName": "",
        "Weighable": false,
        "Campaign1": true,
        "Campaign2": false,
        "Category": "StapleFood",
        "CategoryId": 5
    },
    {
        "id": 256,
        "Barcode": "86900000256",
        "ProductName": "Fıstık Ezmesi",
        "Description": "300 gr Fıstık Ezmesi",
        "Price": 30.0,
        "Stock": 40,
        "imageUrl": "https://rizebalsepeti.com.tr/storage/urunler/cahmas-cicek-bali-400x400.png",
        "imageName": "",
        "Weighable": false,
        "Campaign1": false,
        "Campaign2": false,
        "Category": "StapleFood",
        "CategoryId": 5
    },
    {
        "id": 257,
        "Barcode": "86900000257",
        "ProductName": "Helva",
        "Description": "500 gr Tahin Helvası",
        "Price": 18.0,
        "Stock": 60,
        "imageUrl": "https://rizebalsepeti.com.tr/storage/urunler/cahmas-cicek-bali-400x400.png",
        "imageName": "",
        "Weighable": false,
        "Campaign1": true,
        "Campaign2": false,
        "Category": "StapleFood",
        "CategoryId": 5
    },
    {
        "id": 258,
        "Barcode": "86900000258",
        "ProductName": "Tahin",
        "Description": "300 gr Tahin",
        "Price": 12.0,
        "Stock": 80,
        "imageUrl": "https://rizebalsepeti.com.tr/storage/urunler/cahmas-cicek-bali-400x400.png",
        "imageName": "",
        "Weighable": false,
        "Campaign1": false,
        "Campaign2": false,
        "Category": "StapleFood",
        "CategoryId": 5
    },
    {
        "id": 259,
        "Barcode": "86900000259",
        "ProductName": "Pekmez",
        "Description": "300 gr Pekmez",
        "Price": 10.0,
        "Stock": 90,
        "imageUrl": "https://img-bizimtoptan.mncdn.com/mnresize/400/400/Content/Images/Originals/2238471_0.jpeg",
        "imageName": "",
        "Weighable": false,
        "Campaign1": true,
        "Campaign2": false,
        "Category": "StapleFood",
        "CategoryId": 5
    },
    {
        "id": 260,
        "Barcode": "86900000260",
        "ProductName": "Çikolata",
        "Description": "100 gr Bitter Çikolata",
        "Price": 8.0,
        "Stock": 100,
        "imageUrl": "https://img-bizimtoptan.mncdn.com/mnresize/400/400/Content/Images/Originals/2238471_0.jpeg",
        "imageName": "",
        "Weighable": false,
        "Campaign1": false,
        "Campaign2": false,
        "Category": "StapleFood",
        "CategoryId": 5
    },
    {
        "id": 261,
        "Barcode": "86900000261",
        "ProductName": "Kekik",
        "Description": "50 gr Kekik",
        "Price": 6.0,
        "Stock": 120,
        "imageUrl": "https://www.enginarsepetim.com/image/cache/catalog/ipekyolbaharat/karabiber_enginar_sepetim-400x400.jpg",
        "imageName": "",
        "Weighable": false,
        "Campaign1": true,
        "Campaign2": false,
        "Category": "StapleFood",
        "CategoryId": 5
    },
    {
        "id": 262,
        "Barcode": "86900000262",
        "ProductName": "Karabiber",
        "Description": "50 gr Karabiber",
        "Price": 7.0,
        "Stock": 110,
        "imageUrl": "https://www.enginarsepetim.com/image/cache/catalog/ipekyolbaharat/karabiber_enginar_sepetim-400x400.jpg",
        "imageName": "",
        "Weighable": false,
        "Campaign1": false,
        "Campaign2": false,
        "Category": "StapleFood",
        "CategoryId": 5
    },
    {
        "id": 263,
        "Barcode": "86900000263",
        "ProductName": "Kimyon",
        "Description": "50 gr Kimyon",
        "Price": 6.5,
        "Stock": 90,
        "imageUrl": "https://gurmeyogurt.com/wp-content/uploads/2021/02/217.jpg",
        "imageName": "",
        "Weighable": false,
        "Campaign1": true,
        "Campaign2": false,
        "Category": "StapleFood",
        "CategoryId": 5
    },
    {
        "id": 264,
        "Barcode": "86900000264",
        "ProductName": "Pul Biber",
        "Description": "50 gr Pul Biber",
        "Price": 5.0,
        "Stock": 100,
        "imageUrl": "https://gurmeyogurt.com/wp-content/uploads/2021/02/217.jpg",
        "imageName": "",
        "Weighable": false,
        "Campaign1": false,
        "Campaign2": false,
        "Category": "StapleFood",
        "CategoryId": 5
    },
    {
        "id": 265,
        "Barcode": "86900000265",
        "ProductName": "Toz Biber",
        "Description": "50 gr Toz Biber",
        "Price": 5.5,
        "Stock": 100,
        "imageUrl": "https://gurmeyogurt.com/wp-content/uploads/2021/02/217.jpg",
        "imageName": "",
        "Weighable": false,
        "Campaign1": true,
        "Campaign2": false,
        "Category": "StapleFood",
        "CategoryId": 5
    },
    {
        "id": 266,
        "Barcode": "86900000266",
        "ProductName": "Tereyağı",
        "Description": "250 gr Tereyağı",
        "Price": 15.0,
        "Stock": 80,
        "imageUrl": "https://yunusb2c.b-cdn.net/Image/Stock/400/a45ef251-1c31-48da-8e0a-df4399d815f7.jpg",
        "imageName": "",
        "Weighable": false,
        "Campaign1": false,
        "Campaign2": false,
        "Category": "StapleFood",
        "CategoryId": 5
    },
    {
        "id": 267,
        "Barcode": "86900000267",
        "ProductName": "Margarin",
        "Description": "250 gr Margarin",
        "Price": 5.0,
        "Stock": 150,
        "imageUrl": "https://yunusb2c.b-cdn.net/Image/Stock/400/a45ef251-1c31-48da-8e0a-df4399d815f7.jpg",
        "imageName": "",
        "Weighable": false,
        "Campaign1": true,
        "Campaign2": false,
        "Category": "StapleFood",
        "CategoryId": 5
    },
    {
        "id": 268,
        "Barcode": "86900000268",
        "ProductName": "Yulaf",
        "Description": "500 gr Yulaf Ezmesi",
        "Price": 12.0,
        "Stock": 90,
        "imageUrl": "https://www.komsu.com/altin-misir-unu-500-g-altin-urunaciklama-altin-4231-11-O.jpg",
        "imageName": "",
        "Weighable": false,
        "Campaign1": false,
        "Campaign2": false,
        "Category": "StapleFood",
        "CategoryId": 5
    },
    {
        "id": 269,
        "Barcode": "86900000269",
        "ProductName": "Çavdar Unu",
        "Description": "1 kg Çavdar Unu",
        "Price": 8.0,
        "Stock": 110,
        "imageUrl": "https://www.komsu.com/altin-misir-unu-500-g-altin-urunaciklama-altin-4231-11-O.jpg",
        "imageName": "",
        "Weighable": false,
        "Campaign1": true,
        "Campaign2": false,
        "Category": "StapleFood",
        "CategoryId": 5
    },
    {
        "id": 270,
        "Barcode": "86900000270",
        "ProductName": "Tam Buğday Unu",
        "Description": "1 kg Tam Buğday Unu",
        "Price": 9.0,
        "Stock": 100,
        "imageUrl": "https://www.komsu.com/altin-misir-unu-500-g-altin-urunaciklama-altin-4231-11-O.jpg",
        "imageName": "",
        "Weighable": false,
        "Campaign1": false,
        "Campaign2": false,
        "Category": "StapleFood",
        "CategoryId": 5
    },
    {
        "id": 271,
        "Barcode": "86900000271",
        "ProductName": "Mısır Unu",
        "Description": "1 kg Mısır Unu",
        "Price": 8.5,
        "Stock": 90,
        "imageUrl": "https://www.komsu.com/altin-misir-unu-500-g-altin-urunaciklama-altin-4231-11-O.jpg",
        "imageName": "",
        "Weighable": false,
        "Campaign1": true,
        "Campaign2": false,
        "Category": "StapleFood",
        "CategoryId": 5
    },
    {
        "id": 272,
        "Barcode": "86900000272",
        "ProductName": "Pirinç Unu",
        "Description": "500 gr Pirinç Unu",
        "Price": 6.0,
        "Stock": 120,
        "imageUrl": "https://www.komsu.com/altin-misir-unu-500-g-altin-urunaciklama-altin-4231-11-O.jpg",
        "imageName": "",
        "Weighable": false,
        "Campaign1": false,
        "Campaign2": false,
        "Category": "StapleFood",
        "CategoryId": 5
    },
    {
        "id": 273,
        "Barcode": "86900000273",
        "ProductName": "Buğday Nişastası",
        "Description": "200 gr Buğday Nişastası",
        "Price": 5.0,
        "Stock": 140,
        "imageUrl": "https://www.glutensiznokta.com.tr/wp-content/uploads/2022/10/Dr.-Oetker-Instant-Kuru-Maya-3x10-gr-400x400.png",
        "imageName": "",
        "Weighable": false,
        "Campaign1": true,
        "Campaign2": false,
        "Category": "StapleFood",
        "CategoryId": 5
    },
    {
        "id": 274,
        "Barcode": "86900000274",
        "ProductName": "Mısır Nişastası",
        "Description": "200 gr Mısır Nişastası",
        "Price": 4.5,
        "Stock": 150,
        "imageUrl": "https://www.glutensiznokta.com.tr/wp-content/uploads/2022/10/Dr.-Oetker-Instant-Kuru-Maya-3x10-gr-400x400.png",
        "imageName": "",
        "Weighable": false,
        "Campaign1": false,
        "Campaign2": false,
        "Category": "StapleFood",
        "CategoryId": 5
    },
    {
        "id": 275,
        "Barcode": "86900000275",
        "ProductName": "Kabartma Tozu",
        "Description": "10 gr Kabartma Tozu",
        "Price": 1.0,
        "Stock": 300,
        "imageUrl": "https://www.glutensiznokta.com.tr/wp-content/uploads/2022/10/Dr.-Oetker-Instant-Kuru-Maya-3x10-gr-400x400.png",
        "imageName": "",
        "Weighable": false,
        "Campaign1": true,
        "Campaign2": false,
        "Category": "StapleFood",
        "CategoryId": 5
    },
    {
        "id": 276,
        "Barcode": "86900000276",
        "ProductName": "Vanilin",
        "Description": "10 gr Vanilin",
        "Price": 1.5,
        "Stock": 250,
        "imageUrl": "https://www.glutensiznokta.com.tr/wp-content/uploads/2022/10/Dr.-Oetker-Instant-Kuru-Maya-3x10-gr-400x400.png",
        "imageName": "",
        "Weighable": false,
        "Campaign1": false,
        "Campaign2": false,
        "Category": "StapleFood",
        "CategoryId": 5
    },
    {
        "id": 277,
        "Barcode": "86900000277",
        "ProductName": "Maya",
        "Description": "10 gr Kuru Maya",
        "Price": 2.0,
        "Stock": 200,
        "imageUrl": "https://www.glutensiznokta.com.tr/wp-content/uploads/2022/10/Dr.-Oetker-Instant-Kuru-Maya-3x10-gr-400x400.png",
        "imageName": "",
        "Weighable": false,
        "Campaign1": true,
        "Campaign2": false,
        "Category": "StapleFood",
        "CategoryId": 5
    },
    {
        "id": 278,
        "Barcode": "86900000278",
        "ProductName": "Sirke",
        "Description": "500 ml Üzüm Sirkesi",
        "Price": 7.0,
        "Stock": 80,
        "imageUrl": "https://www.ozkoyum.com/image/cache/catalog/urunler/P480/ikili-sirke-400x400.jpg",
        "imageName": "",
        "Weighable": false,
        "Campaign1": false,
        "Campaign2": false,
        "Category": "StapleFood",
        "CategoryId": 5
    },
    {
        "id": 279,
        "Barcode": "86900000279",
        "ProductName": "Limon Tuz",
        "Description": "100 gr Limon Tuzu",
        "Price": 3.5,
        "Stock": 130,
        "imageUrl": "https://www.ozkoyum.com/image/cache/catalog/urunler/P480/ikili-sirke-400x400.jpg",
        "imageName": "",
        "Weighable": false,
        "Campaign1": true,
        "Campaign2": false,
        "Category": "StapleFood",
        "CategoryId": 5
    },
    {
        "id": 280,
        "Barcode": "86900000280",
        "ProductName": "Salamura Yaprağı",
        "Description": "500 gr Salamura Yaprağı",
        "Price": 18.0,
        "Stock": 60,
        "imageUrl": "https://yurtkonserve.com.tr/image/cache/catalog/hy017-yaprak-sarma-400gr-400x400.jpg",
        "imageName": "",
        "Weighable": false,
        "Campaign1": false,
        "Campaign2": false,
        "Category": "StapleFood",
        "CategoryId": 5
    },
    {
        "id": 281,
        "Barcode": "86900000281",
        "ProductName": "Konserve Bezelye",
        "Description": "400 gr Konserve Bezelye",
        "Price": 8.0,
        "Stock": 120,
        "imageUrl": "https://yunusb2c.b-cdn.net/Image/Stock/400/c46afe47-a1ac-4914-a8db-bee743b3b4bf.jpg",
        "imageName": "",
        "Weighable": false,
        "Campaign1": true,
        "Campaign2": false,
        "Category": "StapleFood",
        "CategoryId": 5
    },
    {
        "id": 282,
        "Barcode": "86900000282",
        "ProductName": "Konserve Mısır",
        "Description": "400 gr Konserve Mısır",
        "Price": 7.0,
        "Stock": 110,
        "imageUrl": "https://yunusb2c.b-cdn.net/Image/Stock/400/c46afe47-a1ac-4914-a8db-bee743b3b4bf.jpg",
        "imageName": "",
        "Weighable": false,
        "Campaign1": false,
        "Campaign2": false,
        "Category": "StapleFood",
        "CategoryId": 5
    },
    {
        "id": 283,
        "Barcode": "86900000283",
        "ProductName": "Turşu",
        "Description": "1 kg Karışık Turşu",
        "Price": 15.0,
        "Stock": 80,
        "imageUrl": "https://yunusb2c.b-cdn.net/Image/Stock/400/dbb1427e-a539-49a4-8672-6e6fcbbb96c7.jpg",
        "imageName": "",
        "Weighable": false,
        "Campaign1": true,
        "Campaign2": false,
        "Category": "StapleFood",
        "CategoryId": 5
    },
    {
        "id": 284,
        "Barcode": "86900000284",
        "ProductName": "Zeytinyağlı Yaprak Sarma",
        "Description": "400 gr Zeytinyağlı Yaprak Sarma",
        "Price": 20.0,
        "Stock": 50,
        "imageUrl": "https://yurtkonserve.com.tr/image/cache/catalog/hy017-yaprak-sarma-400gr-400x400.jpg",
        "imageName": "",
        "Weighable": false,
        "Campaign1": false,
        "Campaign2": false,
        "Category": "StapleFood",
        "CategoryId": 5
    },
    {
        "id": 285,
        "Barcode": "86900000285",
        "ProductName": "Ton Balığı",
        "Description": "160 gr Ton Balığı",
        "Price": 18.0,
        "Stock": 90,
        "imageUrl": "https://market.sakipaga.com.tr/storage/product/December2020/pFNodApgRZOBMFcumBl2.jpg",
        "imageName": "",
        "Weighable": false,
        "Campaign1": true,
        "Campaign2": false,
        "Category": "StapleFood",
        "CategoryId": 5
    },
    {
        "id": 286,
        "Barcode": "86900000286",
        "ProductName": "Salam",
        "Description": "200 gr Dana Salam",
        "Price": 12.0,
        "Stock": 80,
        "imageUrl": "https://yurtkonserve.com.tr/image/cache/catalog/hy017-yaprak-sarma-400gr-400x400.jpg",
        "imageName": "",
        "Weighable": false,
        "Campaign1": false,
        "Campaign2": false,
        "Category": "StapleFood",
        "CategoryId": 5
    },
    {
        "id": 287,
        "Barcode": "86900000287",
        "ProductName": "Sosis",
        "Description": "300 gr Tavuk Sosis",
        "Price": 10.0,
        "Stock": 70,
        "imageUrl": "https://market.sakipaga.com.tr/storage/product/December2020/pFNodApgRZOBMFcumBl2.jpg",
        "imageName": "",
        "Weighable": false,
        "Campaign1": true,
        "Campaign2": false,
        "Category": "StapleFood",
        "CategoryId": 5
    },
    {
        "id": 288,
        "Barcode": "86900000288",
        "ProductName": "Sucuk",
        "Description": "250 gr Dana Sucuk",
        "Price": 20.0,
        "Stock": 60,
        "imageUrl": "https://market.sakipaga.com.tr/storage/product/December2020/pFNodApgRZOBMFcumBl2.jpg",
        "imageName": "",
        "Weighable": false,
        "Campaign1": false,
        "Campaign2": false,
        "Category": "StapleFood",
        "CategoryId": 5
    },
    {
        "id": 289,
        "Barcode": "86900000289",
        "ProductName": "Pastırma",
        "Description": "100 gr Pastırma",
        "Price": 35.0,
        "Stock": 40,
        "imageUrl": "https://market.sakipaga.com.tr/storage/product/December2020/pFNodApgRZOBMFcumBl2.jpg",
        "imageName": "",
        "Weighable": false,
        "Campaign1": true,
        "Campaign2": false,
        "Category": "StapleFood",
        "CategoryId": 5
    },
    {
        "id": 290,
        "Barcode": "86900000290",
        "ProductName": "Jambon",
        "Description": "150 gr Hindi Jambon",
        "Price": 15.0,
        "Stock": 50,
        "imageUrl": "https://market.sakipaga.com.tr/storage/product/December2020/pFNodApgRZOBMFcumBl2.jpg",
        "imageName": "",
        "Weighable": false,
        "Campaign1": false,
        "Campaign2": false,
        "Category": "StapleFood",
        "CategoryId": 5
    },
    {
        "id": 291,
        "Barcode": "86900000291",
        "ProductName": "Kurutulmuş Domates",
        "Description": "100 gr Kurutulmuş Domates",
        "Price": 8.0,
        "Stock": 70,
        "imageUrl": "https://www.germencikciftligi.com.tr/image/cache/catalog/Urunler/Yoresel%20Dogal%20Tatlar/domates-salcasi-1-400x400.jpg.webp",
        "imageName": "",
        "Weighable": false,
        "Campaign1": true,
        "Campaign2": false,
        "Category": "StapleFood",
        "CategoryId": 5
    },
    {
        "id": 292,
        "Barcode": "86900000292",
        "ProductName": "Biber Salçası",
        "Description": "500 gr Biber Salçası",
        "Price": 12.0,
        "Stock": 90,
        "imageUrl": "https://www.germencikciftligi.com.tr/image/cache/catalog/Urunler/Yoresel%20Dogal%20Tatlar/domates-salcasi-1-400x400.jpg.webp",
        "imageName": "",
        "Weighable": false,
        "Campaign1": false,
        "Campaign2": false,
        "Category": "StapleFood",
        "CategoryId": 5
    },
    {
        "id": 293,
        "Barcode": "86900000293",
        "ProductName": "Domates Salçası",
        "Description": "500 gr Domates Salçası",
        "Price": 10.0,
        "Stock": 100,
        "imageUrl": "https://www.germencikciftligi.com.tr/image/cache/catalog/Urunler/Yoresel%20Dogal%20Tatlar/domates-salcasi-1-400x400.jpg.webp",
        "imageName": "",
        "Weighable": false,
        "Campaign1": true,
        "Campaign2": false,
        "Category": "StapleFood",
        "CategoryId": 5
    },
    {
        "id": 294,
        "Barcode": "86900000294",
        "ProductName": "Nar Ekşisi",
        "Description": "250 ml Nar Ekşisi",
        "Price": 20.0,
        "Stock": 50,
        "imageUrl": "https://www.starikslimited.com/images/product/3112401001580-228-sarimsak.jpg",
        "imageName": "",
        "Weighable": false,
        "Campaign1": false,
        "Campaign2": false,
        "Category": "StapleFood",
        "CategoryId": 5
    },
    {
        "id": 295,
        "Barcode": "86900000295",
        "ProductName": "Tuzlu Su",
        "Description": "500 ml Tuzlu Su",
        "Price": 4.0,
        "Stock": 120,
        "imageUrl": "https://yunusb2c.b-cdn.net/Image/Stock/400/dbb1427e-a539-49a4-8672-6e6fcbbb96c7.jpg",
        "imageName": "",
        "Weighable": false,
        "Campaign1": true,
        "Campaign2": false,
        "Category": "StapleFood",
        "CategoryId": 5
    },
    {
        "id": 296,
        "Barcode": "86900000296",
        "ProductName": "Sarımsak",
        "Description": "100 gr Sarımsak",
        "Price": 10.0,
        "Stock": 80,
        "imageUrl": "https://www.starikslimited.com/images/product/3112401001580-228-sarimsak.jpg",
        "imageName": "",
        "Weighable": false,
        "Campaign1": false,
        "Campaign2": false,
        "Category": "StapleFood",
        "CategoryId": 5
    },
    {
        "id": 297,
        "Barcode": "86900000297",
        "ProductName": "Sarımsak Tozu",
        "Description": "50 gr Sarımsak Tozu",
        "Price": 8.0,
        "Stock": 70,
        "imageUrl": "https://yunusb2c.b-cdn.net/Image/Stock/400/10fc1eec-5901-4eea-840a-386ac8319819.jpg",
        "imageName": "",
        "Weighable": false,
        "Campaign1": true,
        "Campaign2": false,
        "Category": "StapleFood",
        "CategoryId": 5
    },
    {
        "id": 298,
        "Barcode": "86900000298",
        "ProductName": "Soğan Tozu",
        "Description": "50 gr Soğan Tozu",
        "Price": 6.0,
        "Stock": 90,
        "imageUrl": "https://yunusb2c.b-cdn.net/Image/Stock/400/10fc1eec-5901-4eea-840a-386ac8319819.jpg",
        "imageName": "",
        "Weighable": false,
        "Campaign1": false,
        "Campaign2": false,
        "Category": "StapleFood",
        "CategoryId": 5
    },
    {
        "id": 299,
        "Barcode": "86900000299",
        "ProductName": "Hardal",
        "Description": "200 gr Hardal",
        "Price": 12.0,
        "Stock": 60,
        "imageUrl": "https://yunusb2c.b-cdn.net/Image/Stock/400/10fc1eec-5901-4eea-840a-386ac8319819.jpg",
        "imageName": "",
        "Weighable": false,
        "Campaign1": true,
        "Campaign2": false,
        "Category": "StapleFood",
        "CategoryId": 5
    },
    {
        "id": 300,
        "Barcode": "86900000300",
        "ProductName": "Un",
        "Description": "500 gr",
        "Price": 3.5,
        "Stock": 100,
        "imageUrl": "https://img-bizimtoptan.mncdn.com/mnresize/400/400/Content/Images/Originals/2781194_0.jpeg",
        "imageName": "",
        "Weighable": false,
        "Campaign1": true,
        "Campaign2": false,
        "Category": "StapleFood",
        "CategoryId": 5
    },
    {
        "id": 301,
        "Barcode": "86900000301",
        "ProductName": "Şeker",
        "Description": "1 kg",
        "Price": 5.25,
        "Stock": 100,
        "imageUrl": "https://img-bizimtoptan.mncdn.com/mnresize/400/400/Content/Images/Originals/2781194_0.jpeg",
        "imageName": "",
        "Weighable": false,
        "Campaign1": false,
        "Campaign2": false,
        "Category": "StapleFood",
        "CategoryId": 5
    },
    {
        "id": 302,
        "Barcode": "86900000302",
        "ProductName": "Yağ",
        "Description": "1 lt",
        "Price": 12.75,
        "Stock": 100,
        "imageUrl": "https://www.germencikciftligi.com.tr/image/cache/catalog/Urunler/Zeytin%20ve%20Zeytinyagi/Zeytin%20Yagi/naturelzeytinyagi1-400x400.jpg.webp",
        "imageName": "",
        "Weighable": false,
        "Campaign1": true,
        "Campaign2": false,
        "Category": "StapleFood",
        "CategoryId": 5
    },
    {
        "id": 303,
        "Barcode": "86900000303",
        "ProductName": "Pirinç",
        "Description": "1 kg",
        "Price": 9.9,
        "Stock": 100,
        "imageUrl": "https://bakkalim.co.uk/image/catalog/0-category/rice.jpg",
        "imageName": "",
        "Weighable": false,
        "Campaign1": true,
        "Campaign2": false,
        "Category": "StapleFood",
        "CategoryId": 5
    },
    {
        "id": 304,
        "Barcode": "86900000304",
        "ProductName": "Makarna",
        "Description": "500 gr",
        "Price": 2.75,
        "Stock": 100,
        "imageUrl": "https://bakkalim.co.uk/image/catalog/0-category/rice.jpg",
        "imageName": "",
        "Weighable": false,
        "Campaign1": false,
        "Campaign2": false,
        "Category": "StapleFood",
        "CategoryId": 5
    },
    {
        "id": 305,
        "Barcode": "86900000305",
        "ProductName": "Tuz",
        "Description": "1 kg",
        "Price": 1.5,
        "Stock": 100,
        "imageUrl": "https://img-bizimtoptan.mncdn.com/mnresize/400/400/Content/Images/Originals/2781194_0.jpeg",
        "imageName": "",
        "Weighable": false,
        "Campaign1": false,
        "Campaign2": false,
        "Category": "StapleFood",
        "CategoryId": 5
    },
    {
        "id": 306,
        "Barcode": "86900000306",
        "ProductName": "Bulgur",
        "Description": "1 kg",
        "Price": 6.25,
        "Stock": 100,
        "imageUrl": "https://www.turkilleri.com/wp-content/uploads/2017/12/nohut.png",
        "imageName": "",
        "Weighable": false,
        "Campaign1": true,
        "Campaign2": false,
        "Category": "StapleFood",
        "CategoryId": 5
    },
    {
        "id": 307,
        "Barcode": "86900000307",
        "ProductName": "Mercimek",
        "Description": "1 kg",
        "Price": 4.75,
        "Stock": 100,
        "imageUrl": "https://www.turkilleri.com/wp-content/uploads/2017/12/nohut.png",
        "imageName": "",
        "Weighable": false,
        "Campaign1": false,
        "Campaign2": false,
        "Category": "StapleFood",
        "CategoryId": 5
    },
    {
        "id": 308,
        "Barcode": "86900000308",
        "ProductName": "Salça",
        "Description": "720 gr",
        "Price": 8.9,
        "Stock": 100,
        "imageUrl": "https://www.germencikciftligi.com.tr/image/cache/catalog/Urunler/Yoresel%20Dogal%20Tatlar/domates-salcasi-1-400x400.jpg.webp",
        "imageName": "",
        "Weighable": false,
        "Campaign1": true,
        "Campaign2": false,
        "Category": "StapleFood",
        "CategoryId": 5
    },
    {
        "id": 309,
        "Barcode": "86900000309",
        "ProductName": "Kuru Fasulye",
        "Description": "1 kg",
        "Price": 7.25,
        "Stock": 100,
        "imageUrl": "https://www.turkilleri.com/wp-content/uploads/2017/12/kirmizi-mercimek.png",
        "imageName": "",
        "Weighable": false,
        "Campaign1": false,
        "Campaign2": false,
        "Category": "StapleFood",
        "CategoryId": 5
    },
    {
        "id": 310,
        "Barcode": "86900000310",
        "ProductName": "Kırmızı Mercimek",
        "Description": "1 kg",
        "Price": 6.5,
        "Stock": 100,
        "imageUrl": "https://www.turkilleri.com/wp-content/uploads/2017/12/kirmizi-mercimek.png",
        "imageName": "",
        "Weighable": false,
        "Campaign1": true,
        "Campaign2": false,
        "Category": "StapleFood",
        "CategoryId": 5
    },
    {
        "id": 311,
        "Barcode": "86900000311",
        "ProductName": "Beyaz Peynir",
        "Description": "500 gr",
        "Price": 15.9,
        "Stock": 100,
        "imageUrl": "https://yunusb2c.b-cdn.net/Image/Stock/400/0dd20a17-bf3b-4b04-9387-b4bd41c109b8.jpg",
        "imageName": "",
        "Weighable": false,
        "Campaign1": false,
        "Campaign2": false,
        "Category": "StapleFood",
        "CategoryId": 5
    },
    {
        "id": 312,
        "Barcode": "86900000312",
        "ProductName": "Yoğurt",
        "Description": "1 kg",
        "Price": 4.75,
        "Stock": 100,
        "imageUrl": "https://yunusb2c.b-cdn.net/Image/Stock/400/0dd20a17-bf3b-4b04-9387-b4bd41c109b8.jpg",
        "imageName": "",
        "Weighable": false,
        "Campaign1": true,
        "Campaign2": false,
        "Category": "StapleFood",
        "CategoryId": 5
    },
    {
        "id": 313,
        "Barcode": "86900000313",
        "ProductName": "Çay",
        "Description": "100 gr",
        "Price": 7.9,
        "Stock": 100,
        "imageUrl": "https://yunusb2c.b-cdn.net/Image/Stock/400/055729b5-ea65-4f27-9e79-0cca138af335.jpg",
        "imageName": "",
        "Weighable": false,
        "Campaign1": false,
        "Campaign2": false,
        "Category": "StapleFood",
        "CategoryId": 5
    },
    {
        "id": 314,
        "Barcode": "86900000314",
        "ProductName": "Kahve",
        "Description": "250 gr",
        "Price": 18.5,
        "Stock": 100,
        "imageUrl": "https://yunusb2c.b-cdn.net/Image/Stock/400/055729b5-ea65-4f27-9e79-0cca138af335.jpg",
        "imageName": "",
        "Weighable": false,
        "Campaign1": true,
        "Campaign2": false,
        "Category": "StapleFood",
        "CategoryId": 5
    },
    {
        "id": 315,
        "Barcode": "86900000315",
        "ProductName": "Bal",
        "Description": "500 gr",
        "Price": 25.75,
        "Stock": 100,
        "imageUrl": "https://rizebalsepeti.com.tr/storage/urunler/cahmas-cicek-bali-400x400.png",
        "imageName": "",
        "Weighable": false,
        "Campaign1": true,
        "Campaign2": false,
        "Category": "StapleFood",
        "CategoryId": 5
    },
    {
        "id": 316,
        "Barcode": "86900000316",
        "ProductName": "Zeytin Yağı",
        "Description": "1 lt",
        "Price": 28.9,
        "Stock": 100,
        "imageUrl": "https://troyasepeti.com/26-home_default/koy-tereyagi-1-kg.jpg",
        "imageName": "",
        "Weighable": false,
        "Campaign1": false,
        "Campaign2": false,
        "Category": "StapleFood",
        "CategoryId": 5
    },
    {
        "id": 317,
        "Barcode": "86900000317",
        "ProductName": "Biber Salçası",
        "Description": "720 gr",
        "Price": 10.25,
        "Stock": 100,
        "imageUrl": "https://www.germencikciftligi.com.tr/image/cache/catalog/Urunler/Yoresel%20Dogal%20Tatlar/domates-salcasi-1-400x400.jpg.webp",
        "imageName": "",
        "Weighable": false,
        "Campaign1": true,
        "Campaign2": false,
        "Category": "StapleFood",
        "CategoryId": 5
    },
    {
        "id": 318,
        "Barcode": "86900000318",
        "ProductName": "Domates Salçası",
        "Description": "720 gr",
        "Price": 6.75,
        "Stock": 100,
        "imageUrl": "https://www.germencikciftligi.com.tr/image/cache/catalog/Urunler/Yoresel%20Dogal%20Tatlar/domates-salcasi-1-400x400.jpg.webp",
        "imageName": "",
        "Weighable": false,
        "Campaign1": false,
        "Campaign2": false,
        "Category": "StapleFood",
        "CategoryId": 5
    },
    {
        "id": 319,
        "Barcode": "86900000319",
        "ProductName": "Sıvı Yağ",
        "Description": "1 lt",
        "Price": 11.9,
        "Stock": 100,
        "imageUrl": "https://www.germencikciftligi.com.tr/image/cache/catalog/Urunler/Zeytin%20ve%20Zeytinyagi/Zeytin%20Yagi/naturelzeytinyagi1-400x400.jpg.webp",
        "imageName": "",
        "Weighable": false,
        "Campaign1": true,
        "Campaign2": false,
        "Category": "StapleFood",
        "CategoryId": 5
    },
    {
        "id": 320,
        "Barcode": "86900000320",
        "ProductName": "Kırmızı Biber",
        "Description": "1 kg",
        "Price": 7.5,
        "Stock": 100,
        "imageUrl": "https://gurmeyogurt.com/wp-content/uploads/2021/02/217.jpg",
        "imageName": "",
        "Weighable": false,
        "Campaign1": true,
        "Campaign2": false,
        "Category": "StapleFood",
        "CategoryId": 5
    },
    {
        "id": 323,
        "Barcode": "86900000323",
        "ProductName": "Nane",
        "Description": "100 gr",
        "Price": 1.25,
        "Stock": 100,
        "imageUrl": "https://gurmeyogurt.com/wp-content/uploads/2021/02/217.jpg",
        "imageName": "",
        "Weighable": false,
        "Campaign1": true,
        "Campaign2": false,
        "Category": "StapleFood",
        "CategoryId": 5
    },
    {
        "id": 324,
        "Barcode": "86900000324",
        "ProductName": "Karabiber",
        "Description": "100 gr",
        "Price": 2.5,
        "Stock": 100,
        "imageUrl": "https://gurmeyogurt.com/wp-content/uploads/2021/02/217.jpg",
        "imageName": "",
        "Weighable": false,
        "Campaign1": false,
        "Campaign2": false,
        "Category": "StapleFood",
        "CategoryId": 5
    },
    {
        "id": 325,
        "Barcode": "86900000325",
        "ProductName": "Kırmızı Toz Biber",
        "Description": "100 gr",
        "Price": 2.25,
        "Stock": 100,
        "imageUrl": "https://gurmeyogurt.com/wp-content/uploads/2021/02/217.jpg",
        "imageName": "",
        "Weighable": false,
        "Campaign1": true,
        "Campaign2": false,
        "Category": "StapleFood",
        "CategoryId": 5
    },
    {
        "id": 326,
        "Barcode": "86900000326",
        "ProductName": "Çörek Otu",
        "Description": "100 gr",
        "Price": 3.75,
        "Stock": 100,
        "imageUrl": "https://gurmeyogurt.com/wp-content/uploads/2021/02/217.jpg",
        "imageName": "",
        "Weighable": false,
        "Campaign1": false,
        "Campaign2": false,
        "Category": "StapleFood",
        "CategoryId": 5
    },
    {
        "id": 327,
        "Barcode": "86900000327",
        "ProductName": "Kekik",
        "Description": "100 gr",
        "Price": 2.0,
        "Stock": 100,
        "imageUrl": "https://gurmeyogurt.com/wp-content/uploads/2021/02/217.jpg",
        "imageName": "",
        "Weighable": false,
        "Campaign1": true,
        "Campaign2": false,
        "Category": "StapleFood",
        "CategoryId": 5
    },
    {
        "id": 329,
        "Barcode": "86900000329",
        "ProductName": "Sarımsak",
        "Description": "100 gr",
        "Price": 4.5,
        "Stock": 100,
        "imageUrl": "https://www.starikslimited.com/images/product/3112401001580-228-sarimsak.jpg",
        "imageName": "",
        "Weighable": false,
        "Campaign1": false,
        "Campaign2": false,
        "Category": "StapleFood",
        "CategoryId": 5
    },
    {
        "id": 330,
        "Barcode": "86900000330",
        "ProductName": "Kurutulmuş Soğan",
        "Description": "100 gr",
        "Price": 3.5,
        "Stock": 100,
        "imageUrl": "https://www.germencikciftligi.com.tr/image/cache/catalog/Urunler/incir/kuru-incir-suzme-420-400x400.jpg.webp",
        "imageName": "",
        "Weighable": false,
        "Campaign1": true,
        "Campaign2": false,
        "Category": "StapleFood",
        "CategoryId": 5
    },
    {
        "id": 332,
        "Barcode": "86900000332",
        "ProductName": "Hardal 2",
        "Description": "100 gr",
        "Price": 3.0,
        "Stock": 100,
        "imageUrl": "https://yunusb2c.b-cdn.net/Image/Stock/400/252dbaa2-bae2-469e-9e06-2027d0b5e278.jpg",
        "imageName": "",
        "Weighable": false,
        "Campaign1": false,
        "Campaign2": false,
        "Category": "StapleFood",
        "CategoryId": 5
    },
    {
        "id": 333,
        "Barcode": "86900000333",
        "ProductName": "Ketçap",
        "Description": "500 gr",
        "Price": 6.9,
        "Stock": 100,
        "imageUrl": "https://yunusb2c.b-cdn.net/Image/Stock/400/252dbaa2-bae2-469e-9e06-2027d0b5e278.jpg",
        "imageName": "",
        "Weighable": false,
        "Campaign1": true,
        "Campaign2": false,
        "Category": "StapleFood",
        "CategoryId": 5
    },
    {
        "id": 334,
        "Barcode": "86900000334",
        "ProductName": "Mayonez",
        "Description": "500 gr",
        "Price": 8.25,
        "Stock": 100,
        "imageUrl": "https://yunusb2c.b-cdn.net/Image/Stock/400/252dbaa2-bae2-469e-9e06-2027d0b5e278.jpg",
        "imageName": "",
        "Weighable": false,
        "Campaign1": false,
        "Campaign2": false,
        "Category": "StapleFood",
        "CategoryId": 5
    },
    {
        "id": 335,
        "Barcode": "86900000335",
        "ProductName": "Sos Ranch",
        "Description": "350 gr",
        "Price": 7.5,
        "Stock": 100,
        "imageUrl": "https://yunusb2c.b-cdn.net/Image/Stock/400/252dbaa2-bae2-469e-9e06-2027d0b5e278.jpg",
        "imageName": "",
        "Weighable": false,
        "Campaign1": true,
        "Campaign2": false,
        "Category": "StapleFood",
        "CategoryId": 5
    },
    {
        "id": 336,
        "Barcode": "86900000336",
        "ProductName": "Kuru İncir",
        "Description": "250 gr",
        "Price": 10.9,
        "Stock": 100,
        "imageUrl": "https://www.germencikciftligi.com.tr/image/cache/catalog/Urunler/incir/kuru-incir-suzme-420-400x400.jpg.webp",
        "imageName": "",
        "Weighable": false,
        "Campaign1": true,
        "Campaign2": false,
        "Category": "StapleFood",
        "CategoryId": 5
    },
    {
        "id": 337,
        "Barcode": "86900000337",
        "ProductName": "Kuru Üzüm",
        "Description": "250 gr",
        "Price": 8.75,
        "Stock": 100,
        "imageUrl": "https://www.germencikciftligi.com.tr/image/cache/catalog/Urunler/incir/kuru-incir-suzme-420-400x400.jpg.webp",
        "imageName": "",
        "Weighable": false,
        "Campaign1": false,
        "Campaign2": false,
        "Category": "StapleFood",
        "CategoryId": 5
    },
    {
        "id": 338,
        "Barcode": "86900000338",
        "ProductName": "Kuru Kayısı",
        "Description": "250 gr",
        "Price": 9.5,
        "Stock": 100,
        "imageUrl": "https://www.germencikciftligi.com.tr/image/cache/catalog/Urunler/incir/kuru-incir-suzme-420-400x400.jpg.webp",
        "imageName": "",
        "Weighable": false,
        "Campaign1": true,
        "Campaign2": false,
        "Category": "StapleFood",
        "CategoryId": 5
    },
    {
        "id": 339,
        "Barcode": "86900000339",
        "ProductName": "Kuru İncir 2",
        "Description": "500 gr",
        "Price": 19.9,
        "Stock": 100,
       "imageUrl":"https://www.germencikciftligi.com.tr/image/cache/catalog/Urunler/incir/kuru-incir-suzme-420-400x400.jpg.webp",
        "imageName": "",
        "Weighable": false,
        "Campaign1": true,
        "Campaign2": false,
        "Category": "StapleFood",
        "CategoryId": 5
    },
    {
        "id": 340,
        "Barcode": "86900000340",
        "ProductName": "Ceviz",
        "Description": "250 gr",
        "Price": 12.75,
        "Stock": 100,
        "imageUrl": "https://encrypted-tbn0.gstatic.com/images?q=tbn:ANd9GcR2f8l5HlJz4pmHSz9bTsAMpLD6NthAr04_eA&s",
        "imageName": "",
        "Weighable": false,
        "Campaign1": false,
        "Campaign2": false,
        "Category": "StapleFood",
        "CategoryId": 5
    },
    {
        "id": 341,
        "Barcode": "86900000341",
        "ProductName": "Fındık 2",
        "Description": "250 gr",
        "Price": 14.5,
        "Stock": 100,
        "imageUrl": "https://encrypted-tbn0.gstatic.com/images?q=tbn:ANd9GcR2f8l5HlJz4pmHSz9bTsAMpLD6NthAr04_eA&s",
        "imageName": "",
        "Weighable": false,
        "Campaign1": true,
        "Campaign2": false,
        "Category": "StapleFood",
        "CategoryId": 5
    },
    {
        "id": 342,
        "Barcode": "86900000342",
        "ProductName": "Badem",
        "Description": "250 gr",
        "Price": 16.75,
        "Stock": 100,
        "imageUrl": "https://encrypted-tbn0.gstatic.com/images?q=tbn:ANd9GcR2f8l5HlJz4pmHSz9bTsAMpLD6NthAr04_eA&s",
        "imageName": "",
        "Weighable": false,
        "Campaign1": false,
        "Campaign2": false,
        "Category": "StapleFood",
        "CategoryId": 5
    },
    {
        "id": 343,
        "Barcode": "86900000343",
        "ProductName": "Antep Fıstığı",
        "Description": "250 gr",
        "Price": 18.9,
        "Stock": 100,
        "imageUrl": "https://www.tadim.com.tr/antep-fistigi-kuruyemis-kuruyemis-926-19-K.jpg",
        "imageName": "",
        "Weighable": false,
        "Campaign1": true,
        "Campaign2": false,
        "Category": "StapleFood",
        "CategoryId": 5
    },
    {
        "id": 344,
        "Barcode": "86900000344",
        "ProductName": "Susam",
        "Description": "250 gr",
        "Price": 5.25,
        "Stock": 100,
        "imageUrl": "https://gurmeyogurt.com/wp-content/uploads/2021/02/217.jpg",
        "imageName": "",
        "Weighable": false,
        "Campaign1": true,
        "Campaign2": false,
        "Category": "StapleFood",
        "CategoryId": 5
    },
    {
        "id": 348,
        "Barcode": "86900000348",
        "ProductName": "Kurutulmuş İncir",
        "Description": "250 gr",
        "Price": 9.9,
        "Stock": 100,
        "imageUrl": "https://www.germencikciftligi.com.tr/image/cache/catalog/Urunler/incir/kuru-incir-suzme-420-400x400.jpg.webp",
        "imageName": "",
        "Weighable": false,
        "Campaign1": false,
        "Campaign2": false,
        "Category": "StapleFood",
        "CategoryId": 5
    },
    {
        "id": 349,
        "Barcode": "86900000349",
        "ProductName": "Hurma",
        "Description": "250 gr",
        "Price": 11.75,
        "Stock": 100,
        "imageUrl": "https://www.germencikciftligi.com.tr/image/cache/catalog/Urunler/incir/kuru-incir-suzme-420-400x400.jpg.webp",
        "imageName": "",
        "Weighable": false,
        "Campaign1": true,
        "Campaign2": false,
        "Category": "StapleFood",
        "CategoryId": 5
    },
    {
        "id": 350,
        "Barcode": "86900000350",
        "ProductName": "Kuru İncir 3",
        "Description": "250 gr",
        "Price": 10.5,
        "Stock": 100,
        "imageUrl": "https://www.germencikciftligi.com.tr/image/cache/catalog/Urunler/incir/kuru-incir-suzme-420-400x400.jpg.webp",
        "imageName": "",
        "Weighable": false,
        "Campaign1": true,
        "Campaign2": false,
        "Category": "StapleFood",
        "CategoryId": 5
    },
    {
        "id": 352,
        "Barcode": "86900000352",
        "ProductName": "Kurutulmuş Kayısı",
        "Description": "250 gr",
        "Price": 7.75,
        "Stock": 100,
        "imageUrl": "https://www.germencikciftligi.com.tr/image/cache/catalog/Urunler/incir/kuru-incir-suzme-420-400x400.jpg.webp",
        "imageName": "",
        "Weighable": false,
        "Campaign1": false,
        "Campaign2": false,
        "Category": "StapleFood",
        "CategoryId": 5
    },
    {
        "id": 353,
        "Barcode": "86900000353",
        "ProductName": "Kurutulmuş Dut",
        "Description": "250 gr",
        "Price": 6.5,
        "Stock": 100,
        "imageUrl": "https://www.germencikciftligi.com.tr/image/cache/catalog/Urunler/incir/kuru-incir-suzme-420-400x400.jpg.webp",
        "imageName": "",
        "Weighable": false,
        "Campaign1": true,
        "Campaign2": false,
        "Category": "StapleFood",
        "CategoryId": 5
    },
    {
        "id": 356,
        "Barcode": "86900000356",
        "ProductName": "Kurutulmuş Üzüm",
        "Description": "250 gr",
        "Price": 7.5,
        "Stock": 100,
        "imageUrl": "https://www.germencikciftligi.com.tr/image/cache/catalog/Urunler/incir/kuru-incir-suzme-420-400x400.jpg.webp",
        "imageName": "",
        "Weighable": false,
        "Campaign1": true,
        "Campaign2": false,
        "Category": "StapleFood",
        "CategoryId": 5
    },
    {
        "id": 360,
        "Barcode": "86900000360",
        "ProductName": "Kurutulmuş İncir",
        "Description": "250 gr",
        "Price": 9.5,
        "Stock": 100,
        "imageUrl": "https://www.germencikciftligi.com.tr/image/cache/catalog/Urunler/incir/kuru-incir-suzme-420-400x400.jpg.webp",
        "imageName": "",
        "Weighable": false,
        "Campaign1": true,
        "Campaign2": false,
        "Category": "StapleFood",
        "CategoryId": 5
    },
    {
        "id": 361,
        "Barcode": "86900000361",
        "ProductName": "Kurutulmuş Kayısı",
        "Description": "250 gr",
        "Price": 8.25,
        "Stock": 100,
        "imageUrl": "https://www.germencikciftligi.com.tr/image/cache/catalog/Urunler/incir/kuru-incir-suzme-420-400x400.jpg.webp",
        "imageName": "",
        "Weighable": false,
        "Campaign1": true,
        "Campaign2": false,
        "Category": "StapleFood",
        "CategoryId": 5
    },
    {
        "id": 362,
        "Barcode": "86900000362",
        "ProductName": "Kurutulmuş Dut",
        "Description": "250 gr",
        "Price": 7.0,
        "Stock": 100,
        "imageUrl": "https://www.germencikciftligi.com.tr/image/cache/catalog/Urunler/incir/kuru-incir-suzme-420-400x400.jpg.webp",
        "imageName": "",
        "Weighable": false,
        "Campaign1": false,
        "Campaign2": false,
        "Category": "StapleFood",
        "CategoryId": 5
    },
    {
        "id": 365,
        "Barcode": "86900000365",
        "ProductName": "Kurutulmuş Üzüm",
        "Description": "250 gr",
        "Price": 8.9,
        "Stock": 100,
        "imageUrl": "https://www.germencikciftligi.com.tr/image/cache/catalog/Urunler/incir/kuru-incir-suzme-420-400x400.jpg.webp",
        "imageName": "",
        "Weighable": false,
        "Campaign1": false,
        "Campaign2": false,
        "Category": "StapleFood",
        "CategoryId": 5
    },
    {
        "id": 369,
        "Barcode": "86900000369",
        "ProductName": "Kurutulmuş İncir",
        "Description": "250 gr",
        "Price": 10.5,
        "Stock": 100,
        "imageUrl": "https://www.germencikciftligi.com.tr/image/cache/catalog/Urunler/incir/kuru-incir-suzme-420-400x400.jpg.webp",
        "imageName": "",
        "Weighable": false,
        "Campaign1": true,
        "Campaign2": false,
        "Category": "StapleFood",
        "CategoryId": 5
    },
    {
        "id": 370,
        "Barcode": "86900000370",
        "ProductName": "Kurutulmuş Kayısı",
        "Description": "250 gr",
        "Price": 9.25,
        "Stock": 100,
        "imageUrl": "https://www.germencikciftligi.com.tr/image/cache/catalog/Urunler/incir/kuru-incir-suzme-420-400x400.jpg.webp",
        "imageName": "",
        "Weighable": false,
        "Campaign1": true,
        "Campaign2": false,
        "Category": "StapleFood",
        "CategoryId": 5
    },
    {
        "id": 371,
        "Barcode": "86900000371",
        "ProductName": "Kurutulmuş Dut",
        "Description": "250 gr",
        "Price": 8.0,
        "Stock": 100,
        "imageUrl": "https://www.germencikciftligi.com.tr/image/cache/catalog/Urunler/incir/kuru-incir-suzme-420-400x400.jpg.webp",
        "imageName": "",
        "Weighable": false,
        "Campaign1": false,
        "Campaign2": false,
        "Category": "StapleFood",
        "CategoryId": 5
    },
    {
        "id": 374,
        "Barcode": "86900000374",
        "ProductName": "Kurutulmuş Üzüm",
        "Description": "250 gr",
        "Price": 9.9,
        "Stock": 100,
        "imageUrl": "https://www.germencikciftligi.com.tr/image/cache/catalog/Urunler/incir/kuru-incir-suzme-420-400x400.jpg.webp",
        "imageName": "",
        "Weighable": false,
        "Campaign1": false,
        "Campaign2": false,
        "Category": "StapleFood",
        "CategoryId": 5
    }
]