[
    {
        "id": 375,
        "Barcode": "86900000375",
        "ProductName": "Puf Bisküvi",
        "Description": "Hafif lezzetli bisküvi",
        "Price": 2.5,
        "Stock": 100,
        "imageUrl": "https://static.ticimax.cloud/62343/uploads/urunresimleri/thumb/eti-puf-hindistan-cevizli-16gr-2a4e5e.jpg",
        "imageName": "",
        "Weighable": false,
        "Campaign1": true,
        "Campaign2": false,
        "Category": "Snacks",
        "CategoryId": 6
    },
    {
        "id": 376,
        "Barcode": "86900000376",
        "ProductName": "Kraker Çubuklar",
        "Description": "Çıtır çıtır lezzet",
        "Price": 3.75,
        "Stock": 80,
        "imageUrl": "https://img-bizimtoptan.mncdn.com/mnresize/400/400/Content/Images/Originals/1806643_0.jpeg",
        "imageName": "",
        "Weighable": false,
        "Campaign1": false,
        "Campaign2": false,
        "Category": "Snacks",
        "CategoryId": 6
    },
    {
        "id": 377,
        "Barcode": "86900000377",
        "ProductName": "Patates Cipsi",
        "Description": "Tuzlu ve gevrek atıştırmalık",
        "Price": 4.99,
        "Stock": 120,
        "imageUrl": "https://img-bizimtoptan.mncdn.com/mnresize/400/400/Content/Images/Originals/2876047_0.jpeg",
        "imageName": "",
        "Weighable": false,
        "Campaign1": true,
        "Campaign2": false,
        "Category": "Snacks",
        "CategoryId": 6
    },
    {
        "id": 378,
        "Barcode": "86900000378",
        "ProductName": "Mısır Cips",
        "Description": "Çıtır çıtır mısır lezzeti",
        "Price": 3.25,
        "Stock": 90,
        "imageUrl": "https://img-bizimtoptan.mncdn.com/mnresize/400/400/Content/Images/Originals/2876047_0.jpeg",
        "imageName": "",
        "Weighable": false,
        "Campaign1": false,
        "Campaign2": false,
        "Category": "Snacks",
        "CategoryId": 6
    },
    {
        "id": 379,
        "Barcode": "86900000379",
        "ProductName": "Kurutulmuş Üzüm",
        "Description": "Sağlıklı ve lezzetli atıştırmalık",
        "Price": 5.5,
        "Stock": 60,
        "imageUrl": "https://static.ticimax.cloud/33684/uploads/urunresimleri/buyuk/sari-kuru-kayisi-1-kg--meshur-dogal-mala-56bc.jpg",
        "imageName": "",
        "Weighable": false,
        "Campaign1": true,
        "Campaign2": false,
        "Category": "Snacks",
        "CategoryId": 6
    },
    {
        "id": 380,
        "Barcode": "86900000380",
        "ProductName": "Sütlu Karamel Çikolata",
        "Description": "Lezzetli sütlu karamel çikolata",
        "Price": 2.99,
        "Stock": 75,
        "imageUrl": "https://img-bizimtoptan.mncdn.com/mnresize/400/400/Content/Images/Originals/1880333_0.jpeg",
        "imageName": "",
        "Weighable": false,
        "Campaign1": false,
        "Campaign2": false,
        "Category": "Snacks",
        "CategoryId": 6
    },
    {
        "id": 381,
        "Barcode": "86900000381",
        "ProductName": "Kurabiye",
        "Description": "Taze ve nefis kurabiye",
        "Price": 4.25,
        "Stock": 110,
        "imageUrl": "https://turkishonlinemarket.co.uk/image/cache/catalog/0-category/cookie-400x400.jpg",
        "imageName": "",
        "Weighable": false,
        "Campaign1": true,
        "Campaign2": false,
        "Category": "Snacks",
        "CategoryId": 6
    },
    {
        "id": 382,
        "Barcode": "86900000382",
        "ProductName": "Ceviz İçi",
        "Description": "Sağlıklı atıştırmalık ceviz içi",
        "Price": 6.75,
        "Stock": 45,
        "imageUrl": "https://www.taze7.com/kelebek-ceviz-ici-1000-gr-ceviz-taze7-423-28-K.jpg",
        "imageName": "",
        "Weighable": false,
        "Campaign1": false,
        "Campaign2": false,
        "Category": "Snacks",
        "CategoryId": 6
    },
    {
        "id": 383,
        "Barcode": "86900000383",
        "ProductName": "Sosisli Sandviç",
        "Description": "Lezzetli sosisli sandviç",
        "Price": 7.99,
        "Stock": 65,
        "imageUrl": "https://market.sakipaga.com.tr/storage/product/December2020/pFNodApgRZOBMFcumBl2.jpg",
        "imageName": "",
        "Weighable": false,
        "Campaign1": true,
        "Campaign2": false,
        "Category": "Snacks",
        "CategoryId": 6
    },
    {
        "id": 384,
        "Barcode": "86900000384",
        "ProductName": "Dondurma",
        "Description": "Serinletici dondurma",
        "Price": 3.49,
        "Stock": 85,
        "imageUrl": "https://www.glutensiznokta.com.tr/wp-content/uploads/2022/07/Kechy-Sade-Dondurma-100-ml-400x400.png",
        "imageName": "",
        "Weighable": false,
        "Campaign1": false,
        "Campaign2": false,
        "Category": "Snacks",
        "CategoryId": 6
    },
    {
        "id": 385,
        "Barcode": "86900000385",
        "ProductName": "Siyah Zeytin",
        "Description": "Doğal ve lezzetli siyah zeytin",
        "Price": 8.5,
        "Stock": 55,
        "imageUrl": "https://www.germencikciftligi.com.tr/image/cache/catalog/Urunler/Zeytin%20ve%20Zeytinyagi/Zeytin/gemlik-sele-siy-zeytin-400x400.jpg.webp",
        "imageName": "",
        "Weighable": false,
        "Campaign1": true,
        "Campaign2": false,
        "Category": "Snacks",
        "CategoryId": 6
    },
    {
        "id": 386,
        "Barcode": "86900000386",
        "ProductName": "Kurutulmuş Kayısı",
        "Description": "Sağlıklı ve tatlı kurutulmuş kayısı",
        "Price": 6.25,
        "Stock": 70,
        "imageUrl": "https://static.ticimax.cloud/33684/uploads/urunresimleri/buyuk/sari-kuru-kayisi-1-kg--meshur-dogal-mala-56bc.jpg",
        "imageName": "",
        "Weighable": false,
        "Campaign1": false,
        "Campaign2": false,
        "Category": "Snacks",
        "CategoryId": 6
    },
    {
        "id": 387,
        "Barcode": "86900000387",
        "ProductName": "Patlamış Mısır",
        "Description": "Lezzetli ve hafif patlamış mısır",
        "Price": 2.99,
        "Stock": 95,
        "imageUrl": "https://partidukkanim.com/image/cache//tahtakeleden/azizden-alinanlar/ugur-bocegi-misir-kutusu-400x400.jpg",
        "imageName": "",
        "Weighable": false,
        "Campaign1": true,
        "Campaign2": false,
        "Category": "Snacks",
        "CategoryId": 6
    },
    {
        "id": 388,
        "Barcode": "86900000388",
        "ProductName": "Kurutulmuş Mango",
        "Description": "Sağlıklı ve tropikal kurutulmuş mango",
        "Price": 7.99,
        "Stock": 40,
        "imageUrl": "https://static.ticimax.cloud/33684/uploads/urunresimleri/buyuk/sari-kuru-kayisi-1-kg--meshur-dogal-mala-56bc.jpg",
        "imageName": "",
        "Weighable": false,
        "Campaign1": false,
        "Campaign2": false,
        "Category": "Snacks",
        "CategoryId": 6
    },
    {
        "id": 389,
        "Barcode": "86900000389",
        "ProductName": "Bisküvi",
        "Description": "Çayın yanına lezzetli bisküvi",
        "Price": 3.25,
        "Stock": 85,
        "imageUrl": "https://img-bizimtoptan.mncdn.com/mnresize/400/400/Content/Images/Originals/1629788_0.jpeg",
        "imageName": "",
        "Weighable": false,
        "Campaign1": true,
        "Campaign2": false,
        "Category": "Snacks",
        "CategoryId": 6
    },
    {
        "id": 390,
        "Barcode": "86900000390",
        "ProductName": "Sarımsaklı Leblebi",
        "Description": "Aromatik ve lezzetli leblebi",
        "Price": 4.75,
        "Stock": 75,
        "imageUrl": "https://www.tadim.com.tr/cifte-kavrulmus-sari-leblebi-kuruyemis-kuruyemis-658-27-B.jpg",
        "imageName": "",
        "Weighable": false,
        "Campaign1": false,
        "Campaign2": false,
        "Category": "Snacks",
        "CategoryId": 6
    },
    {
        "id": 391,
        "Barcode": "86900000391",
        "ProductName": "Kurutulmuş Erik",
        "Description": "Tatlı ve sağlıklı kurutulmuş erik",
        "Price": 5.99,
        "Stock": 65,
        "imageUrl": "https://static.ticimax.cloud/33684/uploads/urunresimleri/buyuk/sari-kuru-kayisi-1-kg--meshur-dogal-mala-56bc.jpg",
        "imageName": "",
        "Weighable": false,
        "Campaign1": true,
        "Campaign2": false,
        "Category": "Snacks",
        "CategoryId": 6
    },
    {
        "id": 392,
        "Barcode": "86900000392",
        "ProductName": "Fındık",
        "Description": "Sağlıklı ve doyurucu fındık",
        "Price": 9.5,
        "Stock": 50,
        "imageUrl": "https://www.taze7.com/kelebek-ceviz-ici-1000-gr-ceviz-taze7-423-28-K.jpg",
        "imageName": "",
        "Weighable": false,
        "Campaign1": false,
        "Campaign2": false,
        "Category": "Snacks",
        "CategoryId": 6
    },
    {
        "id": 393,
        "Barcode": "86900000393",
        "ProductName": "Çikolatalı Kek",
        "Description": "Lezzetli çikolatalı kek",
        "Price": 6.25,
        "Stock": 70,
        "imageUrl": "https://www.glutensiznokta.com.tr/wp-content/uploads/2022/10/Dr.-Oetker-Kakaolu-Kek-Karisimi-400-gr-400x400.png",
        "imageName": "",
        "Weighable": false,
        "Campaign1": true,
        "Campaign2": false,
        "Category": "Snacks",
        "CategoryId": 6
    },
    {
        "id": 394,
        "Barcode": "86900000394",
        "ProductName": "Popcorn",
        "Description": "Sinema keyfi için mükemmel popcorn",
        "Price": 3.99,
        "Stock": 90,
        "imageUrl": "https://partidukkanim.com/image/cache//tahtakeleden/azizden-alinanlar/ugur-bocegi-misir-kutusu-400x400.jpg",
        "imageName": "",
        "Weighable": false,
        "Campaign1": false,
        "Campaign2": false,
        "Category": "Snacks",
        "CategoryId": 6
    },
    {
        "id": 395,
        "Barcode": "86900000395",
        "ProductName": "Badem",
        "Description": "Sağlıklı ve lezzetli badem",
        "Price": 8.75,
        "Stock": 55,
        "imageUrl": "https://www.tadim.com.tr/kavrulmus-badem-ici-kuruyemis-kuruyemis-927-20-K.jpg",
        "imageName": "",
        "Weighable": false,
        "Campaign1": true,
        "Campaign2": false,
        "Category": "Snacks",
        "CategoryId": 6
    },
    {
        "id": 396,
        "Barcode": "86900000396",
        "ProductName": "Kurutulmuş Üzüm",
        "Description": "Sağlıklı ve tatlı kurutulmuş üzüm",
        "Price": 4.99,
        "Stock": 80,
        "imageUrl": "https://static.ticimax.cloud/33684/uploads/urunresimleri/buyuk/sari-kuru-kayisi-1-kg--meshur-dogal-mala-56bc.jpg",
        "imageName": "",
        "Weighable": false,
        "Campaign1": false,
        "Campaign2": false,
        "Category": "Snacks",
        "CategoryId": 6
    },
    {
        "id": 397,
        "Barcode": "86900000397",
        "ProductName": "Waffle",
        "Description": "Lezzetli ve gevrek waffle",
        "Price": 5.49,
        "Stock": 65,
        "imageUrl": "https://www.californiastrawberries.com/wp-content/uploads/2021/11/lavender-pancakes-400x400.jpg",
        "imageName": "",
        "Weighable": false,
        "Campaign1": true,
        "Campaign2": false,
        "Category": "Snacks",
        "CategoryId": 6
    },
    {
        "id": 398,
        "Barcode": "86900000398",
        "ProductName": "Çikolatalı Fındık",
        "Description": "Lezzetli çikolatalı fındık",
        "Price": 6.99,
        "Stock": 70,
        "imageUrl": "https://www.tadim.com.tr/kavrulmus-findik-ici-kuruyemis-kuruyemis-931-22-B.jpg",
        "imageName": "",
        "Weighable": false,
        "Campaign1": false,
        "Campaign2": false,
        "Category": "Snacks",
        "CategoryId": 6
    },
    {
        "id": 399,
        "Barcode": "86900000399",
        "ProductName": "Kaju",
        "Description": "Doyurucu ve sağlıklı kaju",
        "Price": 10.25,
        "Stock": 45,
        "imageUrl": "https://www.tadim.com.tr/kavrulmus-findik-ici-kuruyemis-kuruyemis-931-22-B.jpg",
        "imageName": "",
        "Weighable": false,
        "Campaign1": true,
        "Campaign2": false,
        "Category": "Snacks",
        "CategoryId": 6
    },
    {
        "id": 400,
        "Barcode": "86900000400",
        "ProductName": "Kurutulmuş Elma",
        "Description": "Sağlıklı ve tatlı kurutulmuş elma",
        "Price": 4.5,
        "Stock": 85,
        "imageUrl": "https://static.ticimax.cloud/33684/uploads/urunresimleri/buyuk/elma-kurusu-1-kg-yeni-mahsul--dogal-mala-a79c.jpg",
        "imageName": "",
        "Weighable": false,
        "Campaign1": false,
        "Campaign2": false,
        "Category": "Snacks",
        "CategoryId": 6
    },
    {
        "id": 401,
        "Barcode": "86900000401",
        "ProductName": "Kurutulmuş Çilek",
        "Description": "Sağlıklı ve tatlı kurutulmuş çilek",
        "Price": 6.75,
        "Stock": 60,
        "imageUrl": "https://static.ticimax.cloud/33684/uploads/urunresimleri/buyuk/elma-kurusu-1-kg-yeni-mahsul--dogal-mala-a79c.jpg",
        "imageName": "",
        "Weighable": false,
        "Campaign1": true,
        "Campaign2": false,
        "Category": "Snacks",
        "CategoryId": 6
    },
    {
        "id": 402,
        "Barcode": "86900000402",
        "ProductName": "Granola Bar",
        "Description": "Sağlıklı ve enerji verici granola bar",
        "Price": 3.99,
        "Stock": 95,
        "imageUrl": "https://yunusb2c.b-cdn.net/Image/Stock/400/03e7739b-21d9-4dc9-8387-e943a6134d70.jpg",
        "imageName": "",
        "Weighable": false,
        "Campaign1": false,
        "Campaign2": false,
        "Category": "Snacks",
        "CategoryId": 6
    },
    {
        "id": 403,
        "Barcode": "86900000403",
        "ProductName": "Kurutulmuş Hurma",
        "Description": "Doğal ve tatlı kurutulmuş hurma",
        "Price": 5.25,
        "Stock": 75,
        "imageUrl": "https://static.ticimax.cloud/33684/uploads/urunresimleri/buyuk/elma-kurusu-1-kg-yeni-mahsul--dogal-mala-a79c.jpg",
        "imageName": "",
        "Weighable": false,
        "Campaign1": true,
        "Campaign2": false,
        "Category": "Snacks",
        "CategoryId": 6
    },
    {
        "id": 404,
        "Barcode": "86900000404",
        "ProductName": "Sütlü Karamelli Kuruyemiş",
        "Description": "Lezzetli ve besleyici sütlü karamelli kuruyemiş",
        "Price": 4.49,
        "Stock": 85,
        "imageUrl": "https://www.tadim.com.tr/kavrulmus-badem-ici-kuruyemis-kuruyemis-927-20-K.jpg",
        "imageName": "",
        "Weighable": false,
        "Campaign1": false,
        "Campaign2": false,
        "Category": "Snacks",
        "CategoryId": 6
    },
    {
        "id": 405,
        "Barcode": "86900000405",
        "ProductName": "Kurutulmuş Ananas",
        "Description": "Tropikal ve lezzetli kurutulmuş ananas",
        "Price": 7.75,
        "Stock": 65,
        "imageUrl": "https://static.ticimax.cloud/33684/uploads/urunresimleri/buyuk/sari-kuru-kayisi-1-kg--meshur-dogal-mala-56bc.jpg",
        "imageName": "",
        "Weighable": false,
        "Campaign1": true,
        "Campaign2": false,
        "Category": "Snacks",
        "CategoryId": 6
    },
    {
        "id": 406,
        "Barcode": "86900000406",
        "ProductName": "Fıstık Ezmesi",
        "Description": "Lezzetli ve besleyici fıstık ezmesi",
        "Price": 6.99,
        "Stock": 50,
        "imageUrl": "https://www.glutensiznokta.com.tr/wp-content/uploads/2022/07/Mistik-Fistik-Ezmesi-400x400.png",
        "imageName": "",
        "Weighable": false,
        "Campaign1": false,
        "Campaign2": false,
        "Category": "Snacks",
        "CategoryId": 6
    },
    {
        "id": 407,
        "Barcode": "86900000407",
        "ProductName": "Sütlü Çikolata",
        "Description": "Lezzetli ve kremsi sütlü çikolata",
        "Price": 2.99,
        "Stock": 100,
        "imageUrl": "https://img-bizimtoptan.mncdn.com/mnresize/400/400/Content/Images/Originals/1880333_0.jpeg",
        "imageName": "",
        "Weighable": false,
        "Campaign1": false,
        "Campaign2": false,
        "Category": "Snacks",
        "CategoryId": 6
    },
    {
        "id": 408,
        "Barcode": "86900000408",
        "ProductName": "Kurutulmuş İncir",
        "Description": "Doğal ve lezzetli kurutulmuş incir",
        "Price": 5.49,
        "Stock": 80,
        "imageUrl": "https://static.ticimax.cloud/33684/uploads/urunresimleri/buyuk/elma-kurusu-1-kg-yeni-mahsul--dogal-mala-a79c.jpg",
        "imageName": "",
        "Weighable": false,
        "Campaign1": true,
        "Campaign2": false,
        "Category": "Snacks",
        "CategoryId": 6
    },
    {
        "id": 409,
        "Barcode": "86900000409",
        "ProductName": "Mandalina Dilimleri",
        "Description": "Taze ve tatlı mandalina dilimleri",
        "Price": 4.25,
        "Stock": 90,
        "imageUrl": "https://pazarciismail.com/assets/img/cart/mandalina.jpg",
        "imageName": "",
        "Weighable": false,
        "Campaign1": false,
        "Campaign2": false,
        "Category": "Snacks",
        "CategoryId": 6
    },
    {
        "id": 410,
        "Barcode": "86900000410",
        "ProductName": "Kurutulmuş Kayısı",
        "Description": "Lezzetli ve sağlıklı kurutulmuş kayısı",
        "Price": 6.99,
        "Stock": 70,
        "imageUrl": "https://static.ticimax.cloud/33684/uploads/urunresimleri/buyuk/elma-kurusu-1-kg-yeni-mahsul--dogal-mala-a79c.jpg",
        "imageName": "",
        "Weighable": false,
        "Campaign1": true,
        "Campaign2": false,
        "Category": "Snacks",
        "CategoryId": 6
    },
    {
        "id": 411,
        "Barcode": "86900000411",
        "ProductName": "Kurutulmuş Portakal",
        "Description": "Tropikal ve tatlı kurutulmuş portakal",
        "Price": 8.25,
        "Stock": 60,
        "imageUrl": "https://static.ticimax.cloud/33684/uploads/urunresimleri/buyuk/elma-kurusu-1-kg-yeni-mahsul--dogal-mala-a79c.jpg",
        "imageName": "",
        "Weighable": false,
        "Campaign1": false,
        "Campaign2": false,
        "Category": "Snacks",
        "CategoryId": 6
    },
    {
        "id": 412,
        "Barcode": "86900000412",
        "ProductName": "Fıstık",
        "Description": "Lezzetli ve besleyici fıstık",
        "Price": 9.99,
        "Stock": 50,
        "imageUrl": "https://www.tadim.com.tr/kavrulmus-findik-ici-kuruyemis-kuruyemis-931-22-B.jpg",
        "imageName": "",
        "Weighable": false,
        "Campaign1": true,
        "Campaign2": false,
        "Category": "Snacks",
        "CategoryId": 6
    },
    {
        "id": 413,
        "Barcode": "86900000413",
        "ProductName": "Sarımsaklı Fındık",
        "Description": "Baharatlı ve lezzetli sarımsaklı fındık",
        "Price": 5.49,
        "Stock": 80,
        "imageUrl": "https://pazarciismail.com/assets/img/cart/mandalina.jpg",
        "imageName": "",
        "Weighable": false,
        "Campaign1": false,
        "Campaign2": false,
        "Category": "Snacks",
        "CategoryId": 6
    },
    {
        "id": 414,
        "Barcode": "86900000414",
        "ProductName": "Kurutulmuş Mango",
        "Description": "Tropikal ve lezzetli kurutulmuş mango",
        "Price": 7.75,
        "Stock": 70,
        "imageUrl": "https://static.ticimax.cloud/33684/uploads/urunresimleri/buyuk/sari-kuru-kayisi-1-kg--meshur-dogal-mala-56bc.jpg",
        "imageName": "",
        "Weighable": false,
        "Campaign1": true,
        "Campaign2": false,
        "Category": "Snacks",
        "CategoryId": 6
    },
    {
        "id": 415,
        "Barcode": "86900000415",
        "ProductName": "Mandalina",
        "Description": "Taze ve sağlıklı mandalina",
        "Price": 4.25,
        "Stock": 90,
        "imageUrl": "https://pazarciismail.com/assets/img/cart/mandalina.jpg",
        "imageName": "",
        "Weighable": false,
        "Campaign1": false,
        "Campaign2": false,
        "Category": "Snacks",
        "CategoryId": 6
    },
    {
        "id": 416,
        "Barcode": "86900000416",
        "ProductName": "Kurutulmuş İncir",
        "Description": "Tatlı ve sağlıklı kurutulmuş incir",
        "Price": 5.99,
        "Stock": 80,
        "imageUrl": "https://static.ticimax.cloud/33684/uploads/urunresimleri/buyuk/sari-kuru-kayisi-1-kg--meshur-dogal-mala-56bc.jpg",
        "imageName": "",
        "Weighable": false,
        "Campaign1": true,
        "Campaign2": false,
        "Category": "Snacks",
        "CategoryId": 6
    },
    {
        "id": 417,
        "Barcode": "86900000417",
        "ProductName": "Kurutulmuş Elma",
        "Description": "Tatlı ve sağlıklı kurutulmuş elma",
        "Price": 4.49,
        "Stock": 85,
        "imageUrl": "https://static.ticimax.cloud/33684/uploads/urunresimleri/buyuk/sari-kuru-kayisi-1-kg--meshur-dogal-mala-56bc.jpg",
        "imageName": "",
        "Weighable": false,
        "Campaign1": false,
        "Campaign2": false,
        "Category": "Snacks",
        "CategoryId": 6
    },
    {
        "id": 418,
        "Barcode": "86900000418",
        "ProductName": "Kurutulmuş Kayısı",
        "Description": "Tatlı ve sağlıklı kurutulmuş kayısı",
        "Price": 6.25,
        "Stock": 75,
        "imageUrl": "https://static.ticimax.cloud/33684/uploads/urunresimleri/buyuk/sari-kuru-kayisi-1-kg--meshur-dogal-mala-56bc.jpg",
        "imageName": "",
        "Weighable": false,
        "Campaign1": true,
        "Campaign2": false,
        "Category": "Snacks",
        "CategoryId": 6
    },
    {
        "id": 419,
        "Barcode": "86900000419",
        "ProductName": "Kurutulmuş Erik",
        "Description": "Tatlı ve sağlıklı kurutulmuş erik",
        "Price": 5.99,
        "Stock": 65,
        "imageUrl": "https://static.ticimax.cloud/33684/uploads/urunresimleri/buyuk/sari-kuru-kayisi-1-kg--meshur-dogal-mala-56bc.jpg",
        "imageName": "",
        "Weighable": false,
        "Campaign1": false,
        "Campaign2": false,
        "Category": "Snacks",
        "CategoryId": 6
    },
    {
        "id": 420,
        "Barcode": "86900000420",
        "ProductName": "Fındık Kreması",
        "Description": "Lezzetli ve besleyici fındık kreması",
        "Price": 7.99,
        "Stock": 60,
        "imageUrl": "https://www.glutensiznokta.com.tr/wp-content/uploads/2022/07/Mistik-Fistik-Ezmesi-400x400.png",
        "imageName": "",
        "Weighable": false,
        "Campaign1": true,
        "Campaign2": false,
        "Category": "Snacks",
        "CategoryId": 6
    },
    {
        "id": 421,
        "Barcode": "86900000421",
        "ProductName": "Siyah Zeytin",
        "Description": "Doğal ve lezzetli siyah zeytin",
        "Price": 8.5,
        "Stock": 55,
        "imageUrl": "https://www.germencikciftligi.com.tr/image/cache/catalog/Urunler/Zeytin%20ve%20Zeytinyagi/Zeytin/gemlik-sele-siy-zeytin-400x400.jpg.webp",
        "imageName": "",
        "Weighable": false,
        "Campaign1": false,
        "Campaign2": false,
        "Category": "Snacks",
        "CategoryId": 6
    },
    {
        "id": 422,
        "Barcode": "86900000422",
        "ProductName": "Kuru Üzüm",
        "Description": "Lezzetli ve sağlıklı kuru üzüm",
        "Price": 3.99,
        "Stock": 95,
        "imageUrl": "https://www.turkilleri.com/wp-content/uploads/2017/12/nohut.png",
        "imageName": "",
        "Weighable": false,
        "Campaign1": true,
        "Campaign2": false,
        "Category": "Snacks",
        "CategoryId": 6
    },
    {
        "id": 423,
        "Barcode": "86900000423",
        "ProductName": "Patates Cipsi",
        "Description": "Tuzlu ve gevrek patates cipsi",
        "Price": 4.99,
        "Stock": 120,
        "imageUrl": "https://img-bizimtoptan.mncdn.com/mnresize/400/400/Content/Images/Originals/2876047_0.jpeg",
        "imageName": "",
        "Weighable": false,
        "Campaign1": false,
        "Campaign2": false,
        "Category": "Snacks",
        "CategoryId": 6
    },
    {
        "id": 424,
        "Barcode": "86900000424",
        "ProductName": "Kurutulmuş Kayısı",
        "Description": "Sağlıklı ve lezzetli kurutulmuş kayısı",
        "Price": 6.99,
        "Stock": 70,
        "imageUrl": "https://static.ticimax.cloud/33684/uploads/urunresimleri/buyuk/sari-kuru-kayisi-1-kg--meshur-dogal-mala-56bc.jpg",
        "imageName": "",
        "Weighable": false,
        "Campaign1": true,
        "Campaign2": false,
        "Category": "Snacks",
        "CategoryId": 6
    },
    {
        "id": 425,
        "Barcode": "86900000425",
        "ProductName": "Badem",
        "Description": "Sağlıklı ve lezzetli badem",
        "Price": 8.75,
        "Stock": 55,
        "imageUrl": "https://www.tadim.com.tr/kavrulmus-badem-ici-kuruyemis-kuruyemis-927-20-K.jpg",
        "imageName": "",
        "Weighable": false,
        "Campaign1": false,
        "Campaign2": false,
        "Category": "Snacks",
        "CategoryId": 6
    },
    {
        "id": 426,
        "Barcode": "86900000426",
        "ProductName": "Mandalina",
        "Description": "Taze ve sağlıklı mandalina",
        "Price": 4.25,
        "Stock": 90,
        "imageUrl": "https://pazarciismail.com/assets/img/cart/mandalina.jpg",
        "imageName": "",
        "Weighable": false,
        "Campaign1": true,
        "Campaign2": false,
        "Category": "Snacks",
        "CategoryId": 6
    },
    {
        "id": 427,
        "Barcode": "86900000427",
        "ProductName": "Kurutulmuş İncir",
        "Description": "Lezzetli ve tatlı kurutulmuş incir",
        "Price": 5.99,
        "Stock": 80,
        "imageUrl": "https://static.ticimax.cloud/33684/uploads/urunresimleri/buyuk/elma-kurusu-1-kg-yeni-mahsul--dogal-mala-a79c.jpg",
        "imageName": "",
        "Weighable": false,
        "Campaign1": false,
        "Campaign2": false,
        "Category": "Snacks",
        "CategoryId": 6
    },
    {
        "id": 428,
        "Barcode": "86900000428",
        "ProductName": "Kurutulmuş Kayısı",
        "Description": "Tatlı ve sağlıklı kurutulmuş kayısı",
        "Price": 6.25,
        "Stock": 75,
        "imageUrl": "https://static.ticimax.cloud/33684/uploads/urunresimleri/buyuk/elma-kurusu-1-kg-yeni-mahsul--dogal-mala-a79c.jpg",
        "imageName": "",
        "Weighable": false,
        "Campaign1": true,
        "Campaign2": false,
        "Category": "Snacks",
        "CategoryId": 6
    },
    {
        "id": 429,
        "Barcode": "86900000429",
        "ProductName": "Fındık",
        "Description": "Sağlıklı ve doyurucu fındık",
        "Price": 9.5,
        "Stock": 50,
        "imageUrl": "https://static.ticimax.cloud/33684/uploads/urunresimleri/buyuk/elma-kurusu-1-kg-yeni-mahsul--dogal-mala-a79c.jpg",
        "imageName": "",
        "Weighable": false,
        "Campaign1": false,
        "Campaign2": false,
        "Category": "Snacks",
        "CategoryId": 6
    },
    {
        "id": 430,
        "Barcode": "86900000430",
        "ProductName": "Kurutulmuş Çilek",
        "Description": "Tatlı ve sağlıklı kurutulmuş çilek",
        "Price": 6.75,
        "Stock": 60,
        "imageUrl": "https://static.ticimax.cloud/33684/uploads/urunresimleri/buyuk/sari-kuru-kayisi-1-kg--meshur-dogal-mala-56bc.jpg",
        "imageName": "",
        "Weighable": false,
        "Campaign1": true,
        "Campaign2": false,
        "Category": "Snacks",
        "CategoryId": 6
    },
    {
        "id": 431,
        "Barcode": "86900000431",
        "ProductName": "Kurutulmuş Üzüm",
        "Description": "Tatlı ve sağlıklı kurutulmuş üzüm",
        "Price": 4.99,
        "Stock": 70,
        "imageUrl": "https://static.ticimax.cloud/33684/uploads/urunresimleri/buyuk/sari-kuru-kayisi-1-kg--meshur-dogal-mala-56bc.jpg",
        "imageName": "",
        "Weighable": false,
        "Campaign1": false,
        "Campaign2": false,
        "Category": "Snacks",
        "CategoryId": 6
    },
    {
        "id": 432,
        "Barcode": "86900000432",
        "ProductName": "Fındık Ezmesi",
        "Description": "Lezzetli ve besleyici fındık ezmesi",
        "Price": 7.99,
        "Stock": 50,
        "imageUrl": "https://www.glutensiznokta.com.tr/wp-content/uploads/2022/07/Mistik-Fistik-Ezmesi-400x400.png",
        "imageName": "",
        "Weighable": false,
        "Campaign1": true,
        "Campaign2": false,
        "Category": "Snacks",
        "CategoryId": 6
    },
    {
        "id": 433,
        "Barcode": "86900000433",
        "ProductName": "Çikolatalı Kek",
        "Description": "Lezzetli çikolatalı kek",
        "Price": 6.25,
        "Stock": 70,
        "imageUrl": "https://www.fastbakery.com.tr/Webkontrol/IcerikYonetimi/GaleriResim/KucukResim/sade-kruvasan_urunler_g384_k_Kn5msqji.jpg",
        "imageName": "",
        "Weighable": false,
        "Campaign1": false,
        "Campaign2": false,
        "Category": "Snacks",
        "CategoryId": 6
    },
    {
        "id": 434,
        "Barcode": "86900000434",
        "ProductName": "Waffle",
        "Description": "Lezzetli ve gevrek waffle",
        "Price": 5.49,
        "Stock": 65,
        "imageUrl": "https://www.fastbakery.com.tr/Webkontrol/IcerikYonetimi/GaleriResim/KucukResim/sade-kruvasan_urunler_g384_k_Kn5msqji.jpg",
        "imageName": "",
        "Weighable": false,
        "Campaign1": true,
        "Campaign2": false,
        "Category": "Snacks",
        "CategoryId": 6
    },
    {
        "id": 435,
        "Barcode": "86900000435",
        "ProductName": "Çikolatalı Fındık",
        "Description": "Lezzetli çikolatalı fındık",
        "Price": 6.99,
        "Stock": 70,
        "imageUrl": "https://www.tadim.com.tr/kavrulmus-badem-ici-kuruyemis-kuruyemis-927-20-K.jpg",
        "imageName": "",
        "Weighable": false,
        "Campaign1": false,
        "Campaign2": false,
        "Category": "Snacks",
        "CategoryId": 6
    },
    {
        "id": 436,
        "Barcode": "86900000436",
        "ProductName": "Kaju",
        "Description": "Doyurucu ve sağlıklı kaju",
        "Price": 10.25,
        "Stock": 45,
        "imageUrl": "https://www.tadim.com.tr/kavrulmus-badem-ici-kuruyemis-kuruyemis-927-20-K.jpg",
        "imageName": "",
        "Weighable": false,
        "Campaign1": true,
        "Campaign2": false,
        "Category": "Snacks",
        "CategoryId": 6
    },
    {
        "id": 437,
        "Barcode": "86900000437",
        "ProductName": "Kurutulmuş Elma",
        "Description": "Sağlıklı ve tatlı kurutulmuş elma",
        "Price": 4.5,
        "Stock": 85,
        "imageUrl": "https://static.ticimax.cloud/33684/uploads/urunresimleri/buyuk/elma-kurusu-1-kg-yeni-mahsul--dogal-mala-a79c.jpg",
        "imageName": "",
        "Weighable": false,
        "Campaign1": false,
        "Campaign2": false,
        "Category": "Snacks",
        "CategoryId": 6
    },
    {
        "id": 438,
        "Barcode": "86900000438",
        "ProductName": "Kurutulmuş Çilek",
        "Description": "Tatlı ve sağlıklı kurutulmuş çilek",
        "Price": 6.75,
        "Stock": 60,
        "imageUrl": "https://static.ticimax.cloud/33684/uploads/urunresimleri/buyuk/elma-kurusu-1-kg-yeni-mahsul--dogal-mala-a79c.jpg",
        "imageName": "",
        "Weighable": false,
        "Campaign1": true,
        "Campaign2": false,
        "Category": "Snacks",
        "CategoryId": 6
    },
    {
        "id": 439,
        "Barcode": "86900000439",
        "ProductName": "Granola Bar",
        "Description": "Sağlıklı ve enerji verici granola bar",
        "Price": 3.99,
        "Stock": 95,
        "imageUrl": "https://yunusb2c.b-cdn.net/Image/Stock/400/03e7739b-21d9-4dc9-8387-e943a6134d70.jpg",
        "imageName": "",
        "Weighable": false,
        "Campaign1": false,
        "Campaign2": false,
        "Category": "Snacks",
        "CategoryId": 6
    },
    {
        "id": 440,
        "Barcode": "86900000440",
        "ProductName": "Kurutulmuş Hurma",
        "Description": "Doğal ve tatlı kurutulmuş hurma",
        "Price": 5.25,
        "Stock": 75,
        "imageUrl": "https://www.taze7.com/mebrum-medine-hurmasi-250-gr-hurma-cesitleri-taze7-502-15-K.jpg",
        "imageName": "",
        "Weighable": false,
        "Campaign1": true,
        "Campaign2": false,
        "Category": "Snacks",
        "CategoryId": 6
    },
    {
        "id": 441,
        "Barcode": "86900000441",
        "ProductName": "Sütlü Karamelli Kuruyemiş",
        "Description": "Lezzetli ve besleyici sütlü karamelli kuruyemiş",
        "Price": 4.49,
        "Stock": 85,
        "imageUrl": "https://www.tadim.com.tr/cifte-kavrulmus-sari-leblebi-kuruyemis-kuruyemis-658-27-B.jpg",
        "imageName": "",
        "Weighable": false,
        "Campaign1": false,
        "Campaign2": false,
        "Category": "Snacks",
        "CategoryId": 6
    },
    {
        "id": 442,
        "Barcode": "86900000442",
        "ProductName": "Kurutulmuş Ananas",
        "Description": "Tropikal ve lezzetli kurutulmuş ananas",
        "Price": 7.75,
        "Stock": 65,
        "imageUrl": "https://yunusb2c.b-cdn.net/Image/Stock/400/ab2cfae4-7832-4e00-949b-1cca5e581694.jpg",
        "imageName": "",
        "Weighable": false,
        "Campaign1": true,
        "Campaign2": false,
        "Category": "Snacks",
        "CategoryId": 6
    },
    {
        "id": 443,
        "Barcode": "86900000443",
        "ProductName": "Fıstık Ezmesi",
        "Description": "Lezzetli ve besleyici fıstık ezmesi",
        "Price": 6.99,
        "Stock": 50,
        "imageUrl": "https://www.glutensiznokta.com.tr/wp-content/uploads/2022/07/Mistik-Fistik-Ezmesi-400x400.png",
        "imageName": "",
        "Weighable": false,
        "Campaign1": false,
        "Campaign2": false,
        "Category": "Snacks",
        "CategoryId": 6
    },
    {
        "id": 444,
        "Barcode": "86900000444",
        "ProductName": "Sütlü Çikolata",
        "Description": "Lezzetli ve kremsi sütlü çikolata",
        "Price": 2.99,
        "Stock": 100,
        "imageUrl": "https://img-bizimtoptan.mncdn.com/mnresize/400/400/Content/Images/Originals/1880333_0.jpeg",
        "imageName": "",
        "Weighable": false,
        "Campaign1": true,
        "Campaign2": false,
        "Category": "Snacks",
        "CategoryId": 6
    },
    {
        "id": 445,
        "Barcode": "86900000445",
        "ProductName": "Kurutulmuş İncir",
        "Description": "Doğal ve lezzetli kurutulmuş incir",
        "Price": 5.49,
        "Stock": 80,
        "imageUrl": "https://static.ticimax.cloud/33684/uploads/urunresimleri/buyuk/sari-kuru-kayisi-1-kg--meshur-dogal-mala-56bc.jpg",
        "imageName": "",
        "Weighable": false,
        "Campaign1": false,
        "Campaign2": false,
        "Category": "Snacks",
        "CategoryId": 6
    },
    {
        "id": 446,
        "Barcode": "86900000446",
        "ProductName": "Mandalina Dilimleri",
        "Description": "Taze ve tatlı mandalina dilimleri",
        "Price": 4.25,
        "Stock": 90,
        "imageUrl": "https://pazarciismail.com/assets/img/cart/mandalina.jpg",
        "imageName": "",
        "Weighable": false,
        "Campaign1": true,
        "Campaign2": false,
        "Category": "Snacks",
        "CategoryId": 6
    },
    {
        "id": 447,
        "Barcode": "86900000447",
        "ProductName": "Kurutulmuş Kayısı",
        "Description": "Lezzetli ve sağlıklı kurutulmuş kayısı",
        "Price": 6.99,
        "Stock": 70,
        "imageUrl": "https://static.ticimax.cloud/33684/uploads/urunresimleri/buyuk/elma-kurusu-1-kg-yeni-mahsul--dogal-mala-a79c.jpg",
        "imageName": "",
        "Weighable": false,
        "Campaign1": false,
        "Campaign2": false,
        "Category": "Snacks",
        "CategoryId": 6
    },
    {
        "id": 448,
        "Barcode": "86900000448",
        "ProductName": "Badem",
        "Description": "Sağlıklı ve lezzetli badem",
        "Price": 8.75,
        "Stock": 55,
        "imageUrl": "https://www.tadim.com.tr/kavrulmus-badem-ici-kuruyemis-kuruyemis-927-20-K.jpg",
        "imageName": "",
        "Weighable": false,
        "Campaign1": true,
        "Campaign2": false,
        "Category": "Snacks",
        "CategoryId": 6
    },
    {
        "id": 449,
        "Barcode": "86900000449",
        "ProductName": "Mandalina",
        "Description": "Taze ve sağlıklı mandalina",
        "Price": 4.25,
        "Stock": 90,
        "imageUrl": "https://pazarciismail.com/assets/img/cart/mandalina.jpg",
        "imageName": "",
        "Weighable": false,
        "Campaign1": false,
        "Campaign2": false,
        "Category": "Snacks",
        "CategoryId": 6
    },
    {
        "id": 450,
        "Barcode": "86900000450",
        "ProductName": "Kurutulmuş İncir",
        "Description": "Tatlı ve sağlıklı kurutulmuş incir",
        "Price": 5.99,
        "Stock": 80,
        "imageUrl": "https://gurmeyogurt.com/wp-content/uploads/2021/02/78.jpg",
        "imageName": "",
        "Weighable": false,
        "Campaign1": true,
        "Campaign2": false,
        "Category": "Snacks",
        "CategoryId": 6
    },
    {
        "id": 451,
        "Barcode": "86900000451",
        "ProductName": "Kurutulmuş Kayısı",
        "Description": "Sağlıklı ve lezzetli kurutulmuş kayısı",
        "Price": 6.25,
        "Stock": 75,
        "imageUrl": "https://gurmeyogurt.com/wp-content/uploads/2021/02/78.jpg",
        "imageName": "",
        "Weighable": false,
        "Campaign1": false,
        "Campaign2": false,
        "Category": "Snacks",
        "CategoryId": 6
    },
    {
        "id": 452,
        "Barcode": "86900000452",
        "ProductName": "Kurutulmuş Erik",
        "Description": "Sağlıklı ve lezzetli kurutulmuş erik",
        "Price": 5.99,
        "Stock": 65,
        "imageUrl": "https://gurmeyogurt.com/wp-content/uploads/2021/02/78.jpg",
        "imageName": "",
        "Weighable": false,
        "Campaign1": true,
        "Campaign2": false,
        "Category": "Snacks",
        "CategoryId": 6
    },
    {
        "id": 453,
        "Barcode": "86900000453",
        "ProductName": "Fındık Kreması",
        "Description": "Lezzetli ve besleyici fındık kreması",
        "Price": 7.99,
        "Stock": 60,
        "imageUrl": "https://www.glutensiznokta.com.tr/wp-content/uploads/2022/07/Mistik-Fistik-Ezmesi-400x400.png",
        "imageName": "",
        "Weighable": false,
        "Campaign1": false,
        "Campaign2": false,
        "Category": "Snacks",
        "CategoryId": 6
    },
    {
        "id": 454,
        "Barcode": "86900000454",
        "ProductName": "Siyah Zeytin",
        "Description": "Doğal ve lezzetli siyah zeytin",
        "Price": 8.5,
        "Stock": 55,
        "imageUrl": "https://www.germencikciftligi.com.tr/image/cache/catalog/Urunler/Zeytin%20ve%20Zeytinyagi/Zeytin/gemlik-sele-siy-zeytin-400x400.jpg.webp",
        "imageName": "",
        "Weighable": false,
        "Campaign1": true,
        "Campaign2": false,
        "Category": "Snacks",
        "CategoryId": 6
    },
    {
        "id": 455,
        "Barcode": "86900000455",
        "ProductName": "Kuru Üzüm",
        "Description": "Lezzetli ve sağlıklı kuru üzüm",
        "Price": 3.99,
        "Stock": 95,
        "imageUrl": "https://gurmeyogurt.com/wp-content/uploads/2021/02/78.jpg",
        "imageName": "",
        "Weighable": false,
        "Campaign1": false,
        "Campaign2": false,
        "Category": "Snacks",
        "CategoryId": 6
    },
    {
        "id": 456,
        "Barcode": "86900000456",
        "ProductName": "Patates Cipsi",
        "Description": "Tuzlu ve gevrek patates cipsi",
        "Price": 4.99,
        "Stock": 120,
        "imageUrl": "https://img-bizimtoptan.mncdn.com/mnresize/400/400/Content/Images/Originals/2876047_0.jpeg",
        "imageName": "",
        "Weighable": false,
        "Campaign1": true,
        "Campaign2": false,
        "Category": "Snacks",
        "CategoryId": 6
    },
    {
        "id": 457,
        "Barcode": "86900000457",
        "ProductName": "Kurutulmuş Kayısı",
        "Description": "Sağlıklı ve lezzetli kurutulmuş kayısı",
        "Price": 6.99,
        "Stock": 70,
        "imageUrl": "https://static.ticimax.cloud/33684/uploads/urunresimleri/buyuk/sari-kuru-kayisi-1-kg--meshur-dogal-mala-56bc.jpg",
        "imageName": "",
        "Weighable": false,
        "Campaign1": false,
        "Campaign2": false,
        "Category": "Snacks",
        "CategoryId": 6
    },
    {
        "id": 458,
        "Barcode": "86900000458",
        "ProductName": "Badem",
        "Description": "Sağlıklı ve lezzetli badem",
        "Price": 8.75,
        "Stock": 55,
        "imageUrl": "https://www.tadim.com.tr/kavrulmus-badem-ici-kuruyemis-kuruyemis-927-20-K.jpg",
        "imageName": "",
        "Weighable": false,
        "Campaign1": true,
        "Campaign2": false,
        "Category": "Snacks",
        "CategoryId": 6
    },
    {
        "id": 459,
        "Barcode": "86900000459",
        "ProductName": "Mandalina",
        "Description": "Taze ve sağlıklı mandalina",
        "Price": 4.25,
        "Stock": 90,
        "imageUrl": "https://pazarciismail.com/assets/img/cart/mandalina.jpg",
        "imageName": "",
        "Weighable": false,
        "Campaign1": false,
        "Campaign2": false,
        "Category": "Snacks",
        "CategoryId": 6
    },
    {
        "id": 460,
        "Barcode": "86900000460",
        "ProductName": "Çikolata",
        "Description": "Lezzetli çikolata",
        "Price": 81.9,
        "Stock": 54,
        "imageUrl": "https://img-bizimtoptan.mncdn.com/mnresize/400/400/Content/Images/Originals/1880333_0.jpeg",
        "imageName": "chocolate.jpg",
        "Weighable": false,
        "Campaign1": true,
        "Campaign2": false,
        "Category": "Snacks",
        "CategoryId": 6
    },
    {
        "id": 461,
        "Barcode": "86900000461",
        "ProductName": "Patates Cipsi",
        "Description": "Tuzlu ve çıtır cips",
        "Price": 3.5,
        "Stock": 100,
        "imageUrl": "https://img-bizimtoptan.mncdn.com/mnresize/400/400/Content/Images/Originals/2876047_0.jpeg",
        "imageName": "chips.jpg",
        "Weighable": false,
        "Campaign1": false,
        "Campaign2": false,
        "Category": "Snacks",
        "CategoryId": 6
    },
    {
        "id": 462,
        "Barcode": "86900000462",
        "ProductName": "Mısır Gevreği",
        "Description": "Kahvaltı için sağlıklı gevrek",
        "Price": 12.99,
        "Stock": 80,
        "imageUrl": "https://yunusb2c.b-cdn.net/Image/Stock/400/03e7739b-21d9-4dc9-8387-e943a6134d70.jpg",
        "imageName": "cereal.jpg",
        "Weighable": false,
        "Campaign1": true,
        "Campaign2": false,
        "Category": "Snacks",
        "CategoryId": 6
    },
    {
        "id": 463,
        "Barcode": "86900000463",
        "ProductName": "Kraker",
        "Description": "Çıtır çıtır kraker",
        "Price": 4.75,
        "Stock": 70,
        "imageUrl": "https://img-bizimtoptan.mncdn.com/mnresize/400/400/Content/Images/Originals/1806643_0.jpeg",
        "imageName": "cracker.jpg",
        "Weighable": false,
        "Campaign1": false,
        "Campaign2": false,
        "Category": "Snacks",
        "CategoryId": 6
    },
    {
        "id": 464,
        "Barcode": "86900000464",
        "ProductName": "Bisküvi",
        "Description": "Lezzetli bisküvi",
        "Price": 2.25,
        "Stock": 120,
        "imageUrl": "https://turkishonlinemarket.co.uk/image/cache/catalog/0-category/cookie-400x400.jpg",
        "imageName": "biscuit.jpg",
        "Weighable": false,
        "Campaign1": true,
        "Campaign2": false,
        "Category": "Snacks",
        "CategoryId": 6
    },
    {
        "id": 465,
        "Barcode": "86900000465",
        "ProductName": "Kuruyemiş Karışımı",
        "Description": "Sağlıklı kuruyemiş karışımı",
        "Price": 15.5,
        "Stock": 50,
        "imageUrl": "https://gurmeyogurt.com/wp-content/uploads/2021/02/78.jpg",
        "imageName": "nuts.jpg",
        "Weighable": false,
        "Campaign1": false,
        "Campaign2": false,
        "Category": "Snacks",
        "CategoryId": 6
    },
    {
        "id": 466,
        "Barcode": "86900000466",
        "ProductName": "Brezilya Fıstığı",
        "Description": "Faydalı brezilya fıstığı",
        "Price": 6.99,
        "Stock": 40,
        "imageUrl": "https://www.glutensiznokta.com.tr/wp-content/uploads/2022/07/Mistik-Fistik-Ezmesi-400x400.png",
        "imageName": "brazilnut.jpg",
        "Weighable": false,
        "Campaign1": true,
        "Campaign2": false,
        "Category": "Snacks",
        "CategoryId": 6
    },
    {
        "id": 467,
        "Barcode": "86900000467",
        "ProductName": "Popcorn",
        "Description": "Sinema keyfi için mükemmel",
        "Price": 5.25,
        "Stock": 90,
        "imageUrl": "https://partidukkanim.com/image/cache//tahtakeleden/azizden-alinanlar/ugur-bocegi-misir-kutusu-400x400.jpg",
        "imageName": "popcorn.jpg",
        "Weighable": false,
        "Campaign1": false,
        "Campaign2": false,
        "Category": "Snacks",
        "CategoryId": 6
    },
    {
        "id": 468,
        "Barcode": "86900000468",
        "ProductName": "Kurabiye",
        "Description": "Ev yapımı lezzet",
        "Price": 3.75,
        "Stock": 60,
        "imageUrl": "https://turkishonlinemarket.co.uk/image/cache/catalog/0-category/cookie-400x400.jpg",
        "imageName": "cookie.jpg",
        "Weighable": false,
        "Campaign1": true,
        "Campaign2": false,
        "Category": "Snacks",
        "CategoryId": 6
    },
    {
        "id": 469,
        "Barcode": "86900000469",
        "ProductName": "Ceviz",
        "Description": "Beyin için iyi",
        "Price": 8.5,
        "Stock": 30,
        "imageUrl": "https://www.tadim.com.tr/kavrulmus-badem-ici-kuruyemis-kuruyemis-927-20-K.jpg",
        "imageName": "walnut.jpg",
        "Weighable": false,
        "Campaign1": false,
        "Campaign2": false,
        "Category": "Snacks",
        "CategoryId": 6
    },
    {
        "id": 470,
        "Barcode": "86900000470",
        "ProductName": "Pretzel",
        "Description": "Tuzlu ve gevrek",
        "Price": 2.99,
        "Stock": 80,
        "imageUrl": "https://www.tadim.com.tr/kavrulmus-badem-ici-kuruyemis-kuruyemis-927-20-K.jpg",
        "imageName": "pretzel.jpg",
        "Weighable": false,
        "Campaign1": true,
        "Campaign2": false,
        "Category": "Snacks",
        "CategoryId": 6
    },
    {
        "id": 471,
        "Barcode": "86900000471",
        "ProductName": "Kurutulmuş Mango Dilimleri",
        "Description": "Tatlı ve sağlıklı",
        "Price": 9.99,
        "Stock": 25,
        "imageUrl": "https://img-bizimtoptan.mncdn.com/mnresize/400/400/Content/Images/Originals/1806643_0.jpeg",
        "imageName": "driedmango.jpg",
        "Weighable": false,
        "Campaign1": false,
        "Campaign2": false,
        "Category": "Snacks",
        "CategoryId": 6
    },
    {
        "id": 472,
        "Barcode": "86900000472",
        "ProductName": "Karamel Mısır",
        "Description": "Tatlı ve çıtır",
        "Price": 12.5,
        "Stock": 35,
        "imageUrl": "https://turkishonlinemarket.co.uk/image/cache/catalog/0-category/cookie-400x400.jpg",
        "imageName": "caramelcorn.jpg",
        "Weighable": false,
        "Campaign1": true,
        "Campaign2": false,
        "Category": "Snacks",
        "CategoryId": 6
    },
    {
        "id": 473,
        "Barcode": "86900000473",
        "ProductName": "Badem",
        "Description": "Sağlıklı ve lezzetli",
        "Price": 7.75,
        "Stock": 45,
        "imageUrl": "https://www.tadim.com.tr/kavrulmus-badem-ici-kuruyemis-kuruyemis-927-20-K.jpg",
        "imageName": "almond.jpg",
        "Weighable": false,
        "Campaign1": false,
        "Campaign2": false,
        "Category": "Snacks",
        "CategoryId": 6
    },
    {
        "id": 474,
        "Barcode": "86900000474",
        "ProductName": "Çubuk Kraker",
        "Description": "Çıtır çıtır",
        "Price": 3.25,
        "Stock": 55,
        "imageUrl": "https://img-bizimtoptan.mncdn.com/mnresize/400/400/Content/Images/Originals/1806643_0.jpeg",
        "imageName": "stickcracker.jpg",
        "Weighable": false,
        "Campaign1": true,
        "Campaign2": false,
        "Category": "Snacks",
        "CategoryId": 6
    },
    {
        "id": 475,
        "Barcode": "86900000475",
        "ProductName": "Sarımsaklı Leblebi",
        "Description": "Eşsiz bir lezzet",
        "Price": 4.99,
        "Stock": 75,
        "imageUrl": "https://www.tadim.com.tr/cifte-kavrulmus-sari-leblebi-kuruyemis-kuruyemis-658-27-B.jpg",
        "imageName": "garlicpeanuts.jpg",
        "Weighable": false,
        "Campaign1": false,
        "Campaign2": false,
        "Category": "Snacks",
        "CategoryId": 6
    },
    {
        "id": 476,
        "Barcode": "86900000476",
        "ProductName": "Mini Kek",
        "Description": "Tatlı bir atıştırmalık",
        "Price": 1.99,
        "Stock": 95,
        "imageUrl": "https://www.tadim.com.tr/kavrulmus-badem-ici-kuruyemis-kuruyemis-927-20-K.jpg",
        "imageName": "minicakes.jpg",
        "Weighable": false,
        "Campaign1": true,
        "Campaign2": false,
        "Category": "Snacks",
        "CategoryId": 6
    },
    {
        "id": 477,
        "Barcode": "86900000477",
        "ProductName": "Tuzlu Kurabiye",
        "Description": "Çay saatlerinin vazgeçilmezi",
        "Price": 3.49,
        "Stock": 65,
        "imageUrl": "https://turkishonlinemarket.co.uk/image/cache/catalog/0-category/cookie-400x400.jpg",
        "imageName": "saltycookies.jpg",
        "Weighable": false,
        "Campaign1": false,
        "Campaign2": false,
        "Category": "Snacks",
        "CategoryId": 6
    },
    {
        "id": 478,
        "Barcode": "86900000478",
        "ProductName": "Kaju",
        "Description": "Sağlıklı ve doyurucu",
        "Price": 10.99,
        "Stock": 40,
        "imageUrl": "https://www.tadim.com.tr/kavrulmus-badem-ici-kuruyemis-kuruyemis-927-20-K.jpg",
        "imageName": "cashew.jpg",
        "Weighable": false,
        "Campaign1": true,
        "Campaign2": false,
        "Category": "Snacks",
        "CategoryId": 6
    },
    {
        "id": 479,
        "Barcode": "86900000479",
        "ProductName": "Meyve Şekeri",
        "Description": "Renkli ve lezzetli",
        "Price": 2.75,
        "Stock": 85,
        "imageUrl": "https://m.media-amazon.com/images/I/51sFl7baSnL._SS400_.jpg",
        "imageName": "fruitsweets.jpg",
        "Weighable": false,
        "Campaign1": false,
        "Campaign2": false,
        "Category": "Snacks",
        "CategoryId": 6
    },
    {
        "id": 480,
        "Barcode": "86900000480",
        "ProductName": "Tuzlu Fıstık",
        "Description": "Mis gibi tuzlu fıstık",
        "Price": 5.99,
        "Stock": 60,
        "imageUrl": "https://www.glutensiznokta.com.tr/wp-content/uploads/2022/07/Mistik-Fistik-Ezmesi-400x400.png",
        "imageName": "saltedpeanuts.jpg",
        "Weighable": false,
        "Campaign1": true,
        "Campaign2": false,
        "Category": "Snacks",
        "CategoryId": 6
    },
    {
        "id": 481,
        "Barcode": "86900000481",
        "ProductName": "Fındık",
        "Description": "Enerji deposu",
        "Price": 8.25,
        "Stock": 55,
        "imageUrl": "https://www.tadim.com.tr/kavrulmus-badem-ici-kuruyemis-kuruyemis-927-20-K.jpg",
        "imageName": "hazelnut.jpg",
        "Weighable": false,
        "Campaign1": false,
        "Campaign2": false,
        "Category": "Snacks",
        "CategoryId": 6
    },
    {
        "id": 482,
        "Barcode": "86900000482",
        "ProductName": "Kurutulmuş Üzüm",
        "Description": "Doğal tatlılık",
        "Price": 6.49,
        "Stock": 70,
        "imageUrl": "https://gurmeyogurt.com/wp-content/uploads/2021/02/78.jpg",
        "imageName": "raisins.jpg",
        "Weighable": false,
        "Campaign1": true,
        "Campaign2": false,
        "Category": "Snacks",
        "CategoryId": 6
    },
    {
        "id": 483,
        "Barcode": "86900000483",
        "ProductName": "Sosisli Sandviç",
        "Description": "Lezzetli ve doyurucu",
        "Price": 4.99,
        "Stock": 45,
        "imageUrl": "https://yunusb2c.b-cdn.net/Image/Stock/400/b2149fa7-28fb-4519-af96-b0562875bc51.jpg",
        "imageName": "sausagesandwich.jpg",
        "Weighable": false,
        "Campaign1": false,
        "Campaign2": false,
        "Category": "Snacks",
        "CategoryId": 6
    },
    {
        "id": 484,
        "Barcode": "86900000484",
        "ProductName": "Kurutulmuş Elma Dilimleri",
        "Description": "Doğal ve sağlıklı",
        "Price": 7.99,
        "Stock": 40,
        "imageUrl": "https://m.media-amazon.com/images/I/51sFl7baSnL._SS400_.jpg",
        "imageName": "driedapple.jpg",
        "Weighable": false,
        "Campaign1": true,
        "Campaign2": false,
        "Category": "Snacks",
        "CategoryId": 6
    },
    {
        "id": 485,
        "Barcode": "86900000485",
        "ProductName": "Karamel Şekerleme",
        "Description": "Tatlı bir zevk",
        "Price": 3.75,
        "Stock": 65,
        "imageUrl": "https://turkishonlinemarket.co.uk/image/cache/catalog/0-category/cookie-400x400.jpg",
        "imageName": "caramels.jpg",
        "Weighable": false,
        "Campaign1": false,
        "Campaign2": false,
        "Category": "Snacks",
        "CategoryId": 6
    },
    {
        "id": 486,
        "Barcode": "86900000486",
        "ProductName": "Jelibon",
        "Description": "Renkli ve eğlenceli",
        "Price": 2.49,
        "Stock": 80,
        "imageUrl": "https://m.media-amazon.com/images/I/51sFl7baSnL._SS400_.jpg",
        "imageName": "gummies.jpg",
        "Weighable": false,
        "Campaign1": true,
        "Campaign2": false,
        "Category": "Snacks",
        "CategoryId": 6
    },
    {
        "id": 487,
        "Barcode": "86900000487",
        "ProductName": "Patlamış Mısır",
        "Description": "Sinema tadı evde",
        "Price": 4.25,
        "Stock": 75,
        "imageUrl": "https://partidukkanim.com/image/cache//tahtakeleden/azizden-alinanlar/ugur-bocegi-misir-kutusu-400x400.jpg",
        "imageName": "popcorn2.jpg",
        "Weighable": false,
        "Campaign1": false,
        "Campaign2": false,
        "Category": "Snacks",
        "CategoryId": 6
    },
    {
        "id": 488,
        "Barcode": "86900000488",
        "ProductName": "Mandalina Dilimleri",
        "Description": "Taze ve vitaminli",
        "Price": 5.99,
        "Stock": 55,
        "imageUrl": "https://pazarciismail.com/assets/img/cart/mandalina.jpg",
        "imageName": "tangerines.jpg",
        "Weighable": false,
        "Campaign1": true,
        "Campaign2": false,
        "Category": "Snacks",
        "CategoryId": 6
    },
    {
        "id": 489,
        "Barcode": "86900000489",
        "ProductName": "Kurutulmuş Kayısı",
        "Description": "Doğal ve lezzetli",
        "Price": 6.75,
        "Stock": 50,
        "imageUrl": "https://static.ticimax.cloud/33684/uploads/urunresimleri/buyuk/sari-kuru-kayisi-1-kg--meshur-dogal-mala-56bc.jpg",
        "imageName": "driedapricots.jpg",
        "Weighable": false,
        "Campaign1": false,
        "Campaign2": false,
        "Category": "Snacks",
        "CategoryId": 6
    },
    {
        "id": 490,
        "Barcode": "86900000490",
        "ProductName": "Kurabiye Çubukları",
        "Description": "Pratik ve lezzetli",
        "Price": 3.99,
        "Stock": 60,
        "imageUrl": "https://turkishonlinemarket.co.uk/image/cache/catalog/0-category/cookie-400x400.jpg",
        "imageName": "cookiebars.jpg",
        "Weighable": false,
        "Campaign1": true,
        "Campaign2": false,
        "Category": "Snacks",
        "CategoryId": 6
    },
    {
        "id": 491,
        "Barcode": "86900000491",
        "ProductName": "Kurutulmuş Ananas Dilimleri",
        "Description": "Tatlı ve ferahlatıcı",
        "Price": 8.49,
        "Stock": 45,
        "imageUrl": "https://static.ticimax.cloud/33684/uploads/urunresimleri/buyuk/elma-kurusu-1-kg-yeni-mahsul--dogal-mala-a79c.jpg",
        "imageName": "driedpineapple.jpg",
        "Weighable": false,
        "Campaign1": false,
        "Campaign2": false,
        "Category": "Snacks",
        "CategoryId": 6
    },
    {
        "id": 492,
        "Barcode": "86900000492",
        "ProductName": "Çikolatalı Kek",
        "Description": "Lezzetli ve doyurucu",
        "Price": 4.75,
        "Stock": 60,
        "imageUrl": "https://static.ticimax.cloud/56348/uploads/urunresimleri/eti-browni-kek-gold-kakaolu-45gr--4e10-.jpg",
        "imageName": "chocolatecake.jpg",
        "Weighable": false,
        "Campaign1": true,
        "Campaign2": false,
        "Category": "Snacks",
        "CategoryId": 6
    },
    {
        "id": 493,
        "Barcode": "86900000493",
        "ProductName": "Limonlu Kurabiye",
        "Description": "Taze limon aroması",
        "Price": 3.25,
        "Stock": 75,
        "imageUrl": "https://turkishonlinemarket.co.uk/image/cache/catalog/0-category/cookie-400x400.jpg",
        "imageName": "lemoncookies.jpg",
        "Weighable": false,
        "Campaign1": false,
        "Campaign2": false,
        "Category": "Snacks",
        "CategoryId": 6
    },
    {
        "id": 494,
        "Barcode": "86900000494",
        "ProductName": "Muz Cipsi",
        "Description": "Doğal tat ve kıvam",
        "Price": 5.99,
        "Stock": 55,
        "imageUrl": "https://yunusb2c.b-cdn.net/Image/Stock/400/825592cc-8220-48fb-865d-ad5b0b5c4d3e.jpg",
        "imageName": "bananachips.jpg",
        "Weighable": false,
        "Campaign1": true,
        "Campaign2": false,
        "Category": "Snacks",
        "CategoryId": 6
    },
    {
        "id": 495,
        "Barcode": "86900000495",
        "ProductName": "Zeytinli Kurabiye",
        "Description": "İtalyan lezzeti",
        "Price": 3.99,
        "Stock": 70,
        "imageUrl": "https://turkishonlinemarket.co.uk/image/cache/catalog/0-category/cookie-400x400.jpg",
        "imageName": "olivecookies.jpg",
        "Weighable": false,
        "Campaign1": false,
        "Campaign2": false,
        "Category": "Snacks",
        "CategoryId": 6
    },
    {
        "id": 496,
        "Barcode": "86900000496",
        "ProductName": "Pirinç Kraker",
        "Description": "Hafif ve gevrek",
        "Price": 2.75,
        "Stock": 85,
        "imageUrl": "https://bakkalim.co.uk/image/catalog/0-category/rice.jpg",
        "imageName": "ricecrackers.jpg",
        "Weighable": false,
        "Campaign1": true,
        "Campaign2": false,
        "Category": "Snacks",
        "CategoryId": 6
    },
    {
        "id": 497,
        "Barcode": "86900000497",
        "ProductName": "Kurutulmuş Ahududu",
        "Description": "Taze ve lezzetli",
        "Price": 7.25,
        "Stock": 50,
        "imageUrl": "https://www.fidandeposu.com/aksu-pembesi-ahududu-fidani-ahududu-fidani-947-42-O.jpg",
        "imageName": "driedraspberries.jpg",
        "Weighable": false,
        "Campaign1": false,
        "Campaign2": false,
        "Category": "Snacks",
        "CategoryId": 6
    },
    {
        "id": 498,
        "Barcode": "86900000498",
        "ProductName": "Meyve Bar",
        "Description": "Doğal enerji kaynağı",
        "Price": 3.99,
        "Stock": 65,
        "imageUrl": "https://www.glutensiznokta.com.tr/wp-content/uploads/2022/07/Mistik-Fistik-Ezmesi-400x400.png",
        "imageName": "fruitbar.jpg",
        "Weighable": false,
        "Campaign1": true,
        "Campaign2": false,
        "Category": "Snacks",
        "CategoryId": 6
    },
    {
        "id": 499,
        "Barcode": "86900000499",
        "ProductName": "Susamlı Kraker",
        "Description": "Çıtır ve lezzetli",
        "Price": 4.49,
        "Stock": 80,
        "imageUrl": "https://img-bizimtoptan.mncdn.com/mnresize/400/400/Content/Images/Originals/1806643_0.jpeg",
        "imageName": "sesamecrackers.jpg",
        "Weighable": false,
        "Campaign1": false,
        "Campaign2": false,
        "Category": "Snacks",
        "CategoryId": 6
    },
    {
        "id": 500,
        "Barcode": "86900000500",
        "ProductName": "Kurutulmuş Mango",
        "Description": "Tatlı ve sağlıklı",
        "Price": 6.99,
        "Stock": 55,
        "imageUrl": "https://static.ticimax.cloud/33684/uploads/urunresimleri/buyuk/elma-kurusu-1-kg-yeni-mahsul--dogal-mala-a79c.jpg",
        "imageName": "driedmango2.jpg",
        "Weighable": false,
        "Campaign1": true,
        "Campaign2": false,
        "Category": "Snacks",
        "CategoryId": 6
    },
    {
        "id": 501,
        "Barcode": "86900000501",
        "ProductName": "Fıstık Ezmesi",
        "Description": "Doğal ve sağlıklı",
        "Price": 9.99,
        "Stock": 40,
        "imageUrl": "https://www.glutensiznokta.com.tr/wp-content/uploads/2022/07/Mistik-Fistik-Ezmesi-400x400.png",
        "imageName": "peanutbutter.jpg",
        "Weighable": false,
        "Campaign1": false,
        "Campaign2": false,
        "Category": "Snacks",
        "CategoryId": 6
    },
    {
        "id": 502,
        "Barcode": "86900000502",
        "ProductName": "Hindistancevizi",
        "Description": "Enerji deposu",
        "Price": 7.25,
        "Stock": 60,
        "imageUrl": "https://encrypted-tbn0.gstatic.com/images?q=tbn:ANd9GcRuCsNb5WO8OE7UTiMFg1dWdr9P2Efv5xsm-w&s",
        "imageName": "coconut.jpg",
        "Weighable": false,
        "Campaign1": true,
        "Campaign2": false,
        "Category": "Snacks",
        "CategoryId": 6
    },
    {
        "id": 503,
        "Barcode": "86900000503",
        "ProductName": "Kurutulmuş Erik",
        "Description": "Taze ve lezzetli",
        "Price": 6.49,
        "Stock": 50,
        "imageUrl": "https://static.ticimax.cloud/33684/uploads/urunresimleri/buyuk/sari-kuru-kayisi-1-kg--meshur-dogal-mala-56bc.jpg",
        "imageName": "driedplum.jpg",
        "Weighable": false,
        "Campaign1": false,
        "Campaign2": false,
        "Category": "Snacks",
        "CategoryId": 6
    },
    {
        "id": 504,
        "Barcode": "86900000504",
        "ProductName": "Sakız",
        "Description": "Ağızda uzun süre çiğnenir",
        "Price": 2.99,
        "Stock": 70,
        "imageUrl": "https://www.glutensiznokta.com.tr/wp-content/uploads/2022/07/Kechy-Sade-Dondurma-100-ml-400x400.png",
        "imageName": "chewinggum.jpg",
        "Weighable": false,
        "Campaign1": true,
        "Campaign2": false,
        "Category": "Snacks",
        "CategoryId": 6
    },
    {
        "id": 505,
        "Barcode": "86900000505",
        "ProductName": "Çikolatalı Muz",
        "Description": "Lezzetli bir tat",
        "Price": 3.99,
        "Stock": 55,
        "imageUrl": "https://yunusb2c.b-cdn.net/Image/Stock/400/825592cc-8220-48fb-865d-ad5b0b5c4d3e.jpg",
        "imageName": "chocolatedbanana.jpg",
        "Weighable": false,
        "Campaign1": false,
        "Campaign2": false,
        "Category": "Snacks",
        "CategoryId": 6
    },
    {
        "id": 506,
        "Barcode": "86900000506",
        "ProductName": "Kurutulmuş Şeftali Dilimleri",
        "Description": "Doğal ve tatlı",
        "Price": 8.75,
        "Stock": 45,
        "imageUrl": "https://gurmeyogurt.com/wp-content/uploads/2021/02/78.jpg",
        "imageName": "driedpeach.jpg",
        "Weighable": false,
        "Campaign1": true,
        "Campaign2": false,
        "Category": "Snacks",
        "CategoryId": 6
    },
    {
        "id": 507,
        "Barcode": "86900000507",
        "ProductName": "Kaju Ezmesi",
        "Description": "Sağlıklı ve lezzetli",
        "Price": 11.49,
        "Stock": 35,
        "imageUrl": "https://www.glutensiznokta.com.tr/wp-content/uploads/2022/07/Mistik-Fistik-Ezmesi-400x400.png",
        "imageName": "cashewbutter.jpg",
        "Weighable": false,
        "Campaign1": false,
        "Campaign2": false,
        "Category": "Snacks",
        "CategoryId": 6
    },
    {
        "id": 508,
        "Barcode": "86900000508",
        "ProductName": "Kuru Üzüm",
        "Description": "Tatlı ve enerjik",
        "Price": 5.25,
        "Stock": 65,
        "imageUrl": "https://static.ticimax.cloud/33684/uploads/urunresimleri/buyuk/elma-kurusu-1-kg-yeni-mahsul--dogal-mala-a79c.jpg",
        "imageName": "raisins2.jpg",
        "Weighable": false,
        "Campaign1": true,
        "Campaign2": false,
        "Category": "Snacks",
        "CategoryId": 6
    },
    {
        "id": 509,
        "Barcode": "86900000509",
        "ProductName": "Mini Pizza Dilimleri",
        "Description": "Pratik ve lezzetli",
        "Price": 6.99,
        "Stock": 40,
        "imageUrl": "https://foodbyjonister.com/wp-content/uploads/2020/01/pizzadough19-400x400.jpg",
        "imageName": "minipizza.jpg",
        "Weighable": false,
        "Campaign1": false,
        "Campaign2": false,
        "Category": "Snacks",
        "CategoryId": 6
    },
    {
        "id": 510,
        "Barcode": "86900000510",
        "ProductName": "Kurutulmuş Elma",
        "Description": "Sağlıklı ve lezzetli",
        "Price": 7.99,
        "Stock": 55,
        "imageUrl": "https://static.ticimax.cloud/33684/uploads/urunresimleri/buyuk/sari-kuru-kayisi-1-kg--meshur-dogal-mala-56bc.jpg",
        "imageName": "driedapple2.jpg",
        "Weighable": false,
        "Campaign1": true,
        "Campaign2": false,
        "Category": "Snacks",
        "CategoryId": 6
    },
    {
        "id": 511,
        "Barcode": "86900000511",
        "ProductName": "Kurutulmuş Kayısı Dilimleri",
        "Description": "Doğal ve tatlı",
        "Price": 6.49,
        "Stock": 60,
        "imageUrl": "https://static.ticimax.cloud/33684/uploads/urunresimleri/buyuk/sari-kuru-kayisi-1-kg--meshur-dogal-mala-56bc.jpg",
        "imageName": "driedapricots2.jpg",
        "Weighable": false,
        "Campaign1": false,
        "Campaign2": false,
        "Category": "Snacks",
        "CategoryId": 6
    },
    {
        "id": 512,
        "Barcode": "86900000512",
        "ProductName": "Fındık Kreması",
        "Description": "Enerji dolu",
        "Price": 8.99,
        "Stock": 50,
        "imageUrl": "https://www.glutensiznokta.com.tr/wp-content/uploads/2022/07/Mistik-Fistik-Ezmesi-400x400.png",
        "imageName": "hazelnutcream.jpg",
        "Weighable": false,
        "Campaign1": true,
        "Campaign2": false,
        "Category": "Snacks",
        "CategoryId": 6
    },
    {
        "id": 513,
        "Barcode": "86900000513",
        "ProductName": "Kurutulmuş Karpuz Dilimleri",
        "Description": "Taze ve serinletici",
        "Price": 9.25,
        "Stock": 40,
        "imageUrl": "https://static.ticimax.cloud/33684/uploads/urunresimleri/buyuk/elma-kurusu-1-kg-yeni-mahsul--dogal-mala-a79c.jpg",
        "imageName": "driedwatermelon.jpg",
        "Weighable": false,
        "Campaign1": false,
        "Campaign2": false,
        "Category": "Snacks",
        "CategoryId": 6
    },
    {
        "id": 514,
        "Barcode": "86900000514",
        "ProductName": "Karışık Meyve Kurusu",
        "Description": "Vitamin deposu",
        "Price": 10.49,
        "Stock": 35,
        "imageUrl": "https://static.ticimax.cloud/33684/uploads/urunresimleri/buyuk/elma-kurusu-1-kg-yeni-mahsul--dogal-mala-a79c.jpg",
        "imageName": "mixeddriedfruits.jpg",
        "Weighable": false,
        "Campaign1": true,
        "Campaign2": false,
        "Category": "Snacks",
        "CategoryId": 6
    },
    {
        "id": 515,
        "Barcode": "86900000515",
        "ProductName": "Çikolatalı Kuruyemiş Karışımı",
        "Description": "Lezzetli ve doyurucu",
        "Price": 12.99,
        "Stock": 30,
        "imageUrl": "https://www.tadim.com.tr/kavrulmus-badem-ici-kuruyemis-kuruyemis-927-20-K.jpg",
        "imageName": "chocolatenutmix.jpg",
        "Weighable": false,
        "Campaign1": false,
        "Campaign2": false,
        "Category": "Snacks",
        "CategoryId": 6
    },
    {
        "id": 516,
        "Barcode": "86900000516",
        "ProductName": "Kurutulmuş Armut Dilimleri",
        "Description": "Taze ve sağlıklı",
        "Price": 8.75,
        "Stock": 45,
        "imageUrl": "https://gurmeyogurt.com/wp-content/uploads/2021/02/78.jpg",
        "imageName": "driedpear.jpg",
        "Weighable": false,
        "Campaign1": true,
        "Campaign2": false,
        "Category": "Snacks",
        "CategoryId": 6
    },
    {
        "id": 517,
        "Barcode": "86900000517",
        "ProductName": "Fıstık Çerez",
        "Description": "Sağlıklı ve lezzetli",
        "Price": 5.49,
        "Stock": 55,
        "imageUrl": "https://www.tadim.com.tr/kavrulmus-badem-ici-kuruyemis-kuruyemis-927-20-K.jpg",
        "imageName": "peanutclusters.jpg",
        "Weighable": false,
        "Campaign1": false,
        "Campaign2": false,
        "Category": "Snacks",
        "CategoryId": 6
    },
    {
        "id": 518,
        "Barcode": "86900000518",
        "ProductName": "Mini Kurabiye",
        "Description": "Tatlı bir atıştırmalık",
        "Price": 2.99,
        "Stock": 65,
        "imageUrl": "https://turkishonlinemarket.co.uk/image/cache/catalog/0-category/cookie-400x400.jpg",
        "imageName": "minicookies.jpg",
        "Weighable": false,
        "Campaign1": true,
        "Campaign2": false,
        "Category": "Snacks",
        "CategoryId": 6
    },
    {
        "id": 519,
        "Barcode": "86900000519",
        "ProductName": "Kurutulmuş Mango Dilimleri",
        "Description": "Tatlı ve sağlıklı",
        "Price": 9.99,
        "Stock": 40,
        "imageUrl": "https://static.ticimax.cloud/33684/uploads/urunresimleri/buyuk/sari-kuru-kayisi-1-kg--meshur-dogal-mala-56bc.jpg",
        "imageName": "driedmango3.jpg",
        "Weighable": false,
        "Campaign1": false,
        "Campaign2": false,
        "Category": "Snacks",
        "CategoryId": 6
    },
    {
        "id": 520,
        "Barcode": "86900000520",
        "ProductName": "Ceviz Ezmesi",
        "Description": "Doğal ve sağlıklı",
        "Price": 11.75,
        "Stock": 50,
        "imageUrl": "https://www.tadim.com.tr/kavrulmus-badem-ici-kuruyemis-kuruyemis-927-20-K.jpg",
        "imageName": "walnutbutter.jpg",
        "Weighable": false,
        "Campaign1": true,
        "Campaign2": false,
        "Category": "Snacks",
        "CategoryId": 6
    },
    {
        "id": 521,
        "Barcode": "86900000521",
        "ProductName": "Kurutulmuş Mango Dilimleri",
        "Description": "Tatlı ve sağlıklı",
        "Price": 9.99,
        "Stock": 40,
        "imageUrl": "https://gurmeyogurt.com/wp-content/uploads/2021/02/78.jpg",
        "imageName": "driedmango3.jpg",
        "Weighable": false,
        "Campaign1": false,
        "Campaign2": false,
        "Category": "Snacks",
        "CategoryId": 6
    },
    {
        "id": 522,
        "Barcode": "86900000522",
        "ProductName": "Çikolatalı Fındık",
        "Description": "Lezzetli bir tat",
        "Price": 8.49,
        "Stock": 60,
        "imageUrl": "https://turkishonlinemarket.co.uk/image/cache/catalog/0-category/cookie-400x400.jpg",
        "imageName": "chocolatewalnut.jpg",
        "Weighable": false,
        "Campaign1": true,
        "Campaign2": false,
        "Category": "Snacks",
        "CategoryId": 6
    },
    {
        "id": 523,
        "Barcode": "86900000523",
        "ProductName": "Kurutulmuş Dut",
        "Description": "Doğal ve lezzetli",
        "Price": 7.25,
        "Stock": 70,
        "imageUrl": "https://static.ticimax.cloud/33684/uploads/urunresimleri/buyuk/elma-kurusu-1-kg-yeni-mahsul--dogal-mala-a79c.jpg",
        "imageName": "driedmulberry.jpg",
        "Weighable": false,
        "Campaign1": false,
        "Campaign2": false,
        "Category": "Snacks",
        "CategoryId": 6
    },
    {
        "id": 524,
        "Barcode": "86900000524",
        "ProductName": "Çikolatalı Ceviz Parçaları",
        "Description": "Lezzetli ve doyurucu",
        "Price": 6.99,
        "Stock": 80,
        "imageUrl": "https://turkishonlinemarket.co.uk/image/cache/catalog/0-category/cookie-400x400.jpg",
        "imageName": "chocolatewalnutpieces.jpg",
        "Weighable": false,
        "Campaign1": true,
        "Campaign2": false,
        "Category": "Snacks",
        "CategoryId": 6
    },
    {
        "id": 525,
        "Barcode": "86900000525",
        "ProductName": "Kurutulmuş Ahududu",
        "Description": "Taze ve lezzetli",
        "Price": 7.25,
        "Stock": 50,
        "imageUrl": "https://gurmeyogurt.com/wp-content/uploads/2021/02/78.jpg",
        "imageName": "driedraspberries2.jpg",
        "Weighable": false,
        "Campaign1": false,
        "Campaign2": false,
        "Category": "Snacks",
        "CategoryId": 6
    },
    {
        "id": 526,
        "Barcode": "86900000526",
        "ProductName": "Kurutulmuş Elma Dilimleri",
        "Description": "Doğal ve sağlıklı",
        "Price": 8.99,
        "Stock": 45,
        "imageUrl": "https://static.ticimax.cloud/33684/uploads/urunresimleri/buyuk/elma-kurusu-1-kg-yeni-mahsul--dogal-mala-a79c.jpg",
        "imageName": "driedapple3.jpg",
        "Weighable": false,
        "Campaign1": true,
        "Campaign2": false,
        "Category": "Snacks",
        "CategoryId": 6
    },
    {
        "id": 527,
        "Barcode": "86900000527",
        "ProductName": "Kurutulmuş Kavun Dilimleri",
        "Description": "Tatlı ve sağlıklı",
        "Price": 9.75,
        "Stock": 55,
        "imageUrl": "https://gurmeyogurt.com/wp-content/uploads/2021/02/78.jpg",
        "imageName": "driedmelon.jpg",
        "Weighable": false,
        "Campaign1": false,
        "Campaign2": false,
        "Category": "Snacks",
        "CategoryId": 6
    },
    {
        "id": 528,
        "Barcode": "86900000528",
        "ProductName": "Çikolatalı Kurutulmuş Çilek",
        "Description": "Lezzetli ve doğal",
        "Price": 10.49,
        "Stock": 35,
        "imageUrl": "https://gurmeyogurt.com/wp-content/uploads/2021/02/78.jpg",
        "imageName": "chocolatestrawberries.jpg",
        "Weighable": false,
        "Campaign1": true,
        "Campaign2": false,
        "Category": "Snacks",
        "CategoryId": 6
    },
    {
        "id": 529,
        "Barcode": "86900000529",
        "ProductName": "Badem Ezmesi",
        "Description": "Sağlıklı ve lezzetli",
        "Price": 12.99,
        "Stock": 40,
        "imageUrl": "https://www.tadim.com.tr/kavrulmus-badem-ici-kuruyemis-kuruyemis-927-20-K.jpg",
        "imageName": "almondbutter.jpg",
        "Weighable": false,
        "Campaign1": false,
        "Campaign2": false,
        "Category": "Snacks",
        "CategoryId": 6
    }
]