[
    {
        "id": 530,
        "Barcode": "86900000530",
        "ProductName": "Coca Cola",
        "Description": "Refreshing beverage",
        "Price": 10.5,
        "Stock": 100,
        "imageUrl": "https://img-bizimtoptan.mncdn.com/mnresize/400/400/Content/Images/Originals/2780741_0.jpeg",
        "imageName": "",
        "Weighable": false,
        "Campaign1": true,
        "Campaign2": false,
        "Category": "Beverages",
        "CategoryId": 7
    },
    {
        "id": 531,
        "Barcode": "86900000531",
        "ProductName": "Pepsi",
        "Description": "Cola beverage",
        "Price": 9.9,
        "Stock": 120,
        "imageUrl": "https://img-bizimtoptan.mncdn.com/mnresize/400/400/Content/Images/Originals/2780741_0.jpeg",
        "imageName": "",
        "Weighable": false,
        "Campaign1": false,
        "Campaign2": false,
        "Category": "Beverages",
        "CategoryId": 7
    },
    {
        "id": 532,
        "Barcode": "86900000532",
        "ProductName": "Fanta",
        "Description": "Orange flavored soda",
        "Price": 8.75,
        "Stock": 80,
        "imageUrl": "https://www.aftamarket.com.tr/icecek-107-kola-fanta-19797-26-O.jpg",
        "imageName": "",
        "Weighable": false,
        "Campaign1": true,
        "Campaign2": false,
        "Category": "Beverages",
        "CategoryId": 7
    },
    {
        "id": 533,
        "Barcode": "86900000533",
        "ProductName": "Sprite",
        "Description": "Lemon-lime soda",
        "Price": 8.5,
        "Stock": 90,
        "imageUrl": "https://www.aftamarket.com.tr/icecek-300-gazoz-camlica-25395-27-O.jpg",
        "imageName": "",
        "Weighable": false,
        "Campaign1": false,
        "Campaign2": false,
        "Category": "Beverages",
        "CategoryId": 7
    },
    {
        "id": 534,
        "Barcode": "86900000534",
        "ProductName": "Lipton Ice Tea",
        "Description": "Peach flavored iced tea",
        "Price": 7.5,
        "Stock": 70,
        "imageUrl": "https://www.aftamarket.com.tr/icecek-300-gazoz-camlica-25395-27-O.jpg",
        "imageName": "",
        "Weighable": false,
        "Campaign1": true,
        "Campaign2": false,
        "Category": "Beverages",
        "CategoryId": 7
    },
    {
        "id": 535,
        "Barcode": "86900000535",
        "ProductName": "Ayran",
        "Description": "Traditional Turkish yogurt drink",
        "Price": 4.5,
        "Stock": 150,
        "imageUrl": "https://img-bizimtoptan.mncdn.com/mnresize/400/400/Content/Images/Originals/2788778_0.jpeg",
        "imageName": "",
        "Weighable": false,
        "Campaign1": false,
        "Campaign2": false,
        "Category": "Beverages",
        "CategoryId": 7
    },
    {
        "id": 536,
        "Barcode": "86900000536",
        "ProductName": "Red Bull",
        "Description": "Energy drink",
        "Price": 15.0,
        "Stock": 50,
        "imageUrl": "https://m.media-amazon.com/images/I/31fnfbla7iL._SS400_.jpg",
        "imageName": "",
        "Weighable": false,
        "Campaign1": true,
        "Campaign2": false,
        "Category": "Beverages",
        "CategoryId": 7
    },
    {
        "id": 537,
        "Barcode": "86900000537",
        "ProductName": "Mountain Dew",
        "Description": "Citrus flavored soda",
        "Price": 9.0,
        "Stock": 110,
        "imageUrl": "https://m.media-amazon.com/images/I/41FFrKJPJWL._SS400_.jpg",
        "imageName": "",
        "Weighable": false,
        "Campaign1": false,
        "Campaign2": false,
        "Category": "Beverages",
        "CategoryId": 7
    },
    {
        "id": 538,
        "Barcode": "86900000538",
        "ProductName": "Sırma Maden Suyu",
        "Description": "Mineral water",
        "Price": 5.0,
        "Stock": 200,
        "imageUrl": "https://img-bizimtoptan.mncdn.com/mnresize/400/400/Content/Images/Originals/2780741_0.jpeg",
        "imageName": "",
        "Weighable": false,
        "Campaign1": true,
        "Campaign2": false,
        "Category": "Beverages",
        "CategoryId": 7
    },
    {
        "id": 539,
        "Barcode": "86900000539",
        "ProductName": "Uludağ Gazoz",
        "Description": "Turkish soda",
        "Price": 6.0,
        "Stock": 130,
        "imageUrl": "https://www.aftamarket.com.tr/icecek-300-gazoz-camlica-25395-27-O.jpg",
        "imageName": "",
        "Weighable": false,
        "Campaign1": false,
        "Campaign2": false,
        "Category": "Beverages",
        "CategoryId": 7
    },
    {
        "id": 540,
        "Barcode": "86900000540",
        "ProductName": "Fuze Tea",
        "Description": "Lemon flavored iced tea",
        "Price": 7.0,
        "Stock": 85,
        "imageUrl": "https://img-bizimtoptan.mncdn.com/mnresize/400/400/Content/Images/Originals/2780741_0.jpeg",
        "imageName": "",
        "Weighable": false,
        "Campaign1": true,
        "Campaign2": false,
        "Category": "Beverages",
        "CategoryId": 7
    },
    {
        "id": 541,
        "Barcode": "86900000541",
        "ProductName": "Schweppes",
        "Description": "Tonic water",
        "Price": 10.0,
        "Stock": 95,
        "imageUrl": "https://img-bizimtoptan.mncdn.com/mnresize/400/400/Content/Images/Originals/2780741_0.jpeg",
        "imageName": "",
        "Weighable": false,
        "Campaign1": false,
        "Campaign2": false,
        "Category": "Beverages",
        "CategoryId": 7
    },
    {
        "id": 542,
        "Barcode": "86900000542",
        "ProductName": "Burn Energy Drink",
        "Description": "Energy drink",
        "Price": 14.0,
        "Stock": 60,
        "imageUrl": "https://m.media-amazon.com/images/I/31fnfbla7iL._SS400_.jpg",
        "imageName": "",
        "Weighable": false,
        "Campaign1": true,
        "Campaign2": false,
        "Category": "Beverages",
        "CategoryId": 7
    },
    {
        "id": 543,
        "Barcode": "86900000543",
        "ProductName": "Cappy",
        "Description": "Fruit juice",
        "Price": 6.5,
        "Stock": 140,
        "imageUrl": "https://img-bizimtoptan.mncdn.com/mnresize/400/400/Content/Images/Originals/2049307_0.jpeg",
        "imageName": "",
        "Weighable": false,
        "Campaign1": false,
        "Campaign2": false,
        "Category": "Beverages",
        "CategoryId": 7
    },
    {
        "id": 544,
        "Barcode": "86900000544",
        "ProductName": "Dimes",
        "Description": "Fruit juice",
        "Price": 6.25,
        "Stock": 135,
        "imageUrl": "https://img-bizimtoptan.mncdn.com/mnresize/400/400/Content/Images/Originals/2049307_0.jpeg",
        "imageName": "",
        "Weighable": false,
        "Campaign1": true,
        "Campaign2": false,
        "Category": "Beverages",
        "CategoryId": 7
    },
    {
        "id": 545,
        "Barcode": "86900000545",
        "ProductName": "Çamlıca Gazoz",
        "Description": "Turkish soda",
        "Price": 6.75,
        "Stock": 145,
        "imageUrl": "https://www.aftamarket.com.tr/icecek-300-gazoz-camlica-25395-27-O.jpg",
        "imageName": "",
        "Weighable": false,
        "Campaign1": false,
        "Campaign2": false,
        "Category": "Beverages",
        "CategoryId": 7
    },
    {
        "id": 546,
        "Barcode": "86900000546",
        "ProductName": "Coca Cola",
        "Description": "Refreshing beverage",
        "Price": 10.5,
        "Stock": 100,
        "imageUrl": "https://img-bizimtoptan.mncdn.com/mnresize/400/400/Content/Images/Originals/2780741_0.jpeg",
        "imageName": "",
        "Weighable": false,
        "Campaign1": true,
        "Campaign2": false,
        "Category": "Beverages",
        "CategoryId": 7
    },
    {
        "id": 547,
        "Barcode": "86900000547",
        "ProductName": "Pepsi",
        "Description": "Cola beverage",
        "Price": 9.9,
        "Stock": 120,
        "imageUrl": "https://img-bizimtoptan.mncdn.com/mnresize/400/400/Content/Images/Originals/2780741_0.jpeg",
        "imageName": "",
        "Weighable": false,
        "Campaign1": false,
        "Campaign2": false,
        "Category": "Beverages",
        "CategoryId": 7
    },
    {
        "id": 548,
        "Barcode": "86900000548",
        "ProductName": "Fanta",
        "Description": "Orange flavored soda",
        "Price": 8.75,
        "Stock": 80,
        "imageUrl": "https://www.aftamarket.com.tr/icecek-107-kola-fanta-19797-26-O.jpg",
        "imageName": "",
        "Weighable": false,
        "Campaign1": true,
        "Campaign2": false,
        "Category": "Beverages",
        "CategoryId": 7
    },
    {
        "id": 549,
        "Barcode": "86900000549",
        "ProductName": "Sprite",
        "Description": "Lemon-lime soda",
        "Price": 8.5,
        "Stock": 90,
        "imageUrl": "https://img-bizimtoptan.mncdn.com/mnresize/400/400/Content/Images/Originals/2780741_0.jpeg",
        "imageName": "",
        "Weighable": false,
        "Campaign1": false,
        "Campaign2": false,
        "Category": "Beverages",
        "CategoryId": 7
    },
    {
        "id": 550,
        "Barcode": "86900000550",
        "ProductName": "Lipton Ice Tea",
        "Description": "Peach flavored iced tea",
        "Price": 7.5,
        "Stock": 70,
        "imageUrl": "https://www.aftamarket.com.tr/icecek-300-gazoz-camlica-25395-27-O.jpg",
        "imageName": "",
        "Weighable": false,
        "Campaign1": true,
        "Campaign2": false,
        "Category": "Beverages",
        "CategoryId": 7
    },
    {
        "id": 551,
        "Barcode": "86900000551",
        "ProductName": "Ayran",
        "Description": "Traditional Turkish yogurt drink",
        "Price": 4.5,
        "Stock": 150,
        "imageUrl": "https://img-bizimtoptan.mncdn.com/mnresize/400/400/Content/Images/Originals/2788778_0.jpeg",
        "imageName": "",
        "Weighable": false,
        "Campaign1": false,
        "Campaign2": false,
        "Category": "Beverages",
        "CategoryId": 7
    },
    {
        "id": 552,
        "Barcode": "86900000552",
        "ProductName": "Red Bull",
        "Description": "Energy drink",
        "Price": 15.0,
        "Stock": 50,
        "imageUrl": "https://img-bizimtoptan.mncdn.com/mnresize/400/400/Content/Images/Originals/2780741_0.jpeg",
        "imageName": "",
        "Weighable": false,
        "Campaign1": true,
        "Campaign2": false,
        "Category": "Beverages",
        "CategoryId": 7
    },
    {
        "id": 553,
        "Barcode": "86900000553",
        "ProductName": "Mountain Dew",
        "Description": "Citrus flavored soda",
        "Price": 9.0,
        "Stock": 110,
        "imageUrl": "https://m.media-amazon.com/images/I/41FFrKJPJWL._SS400_.jpg",
        "imageName": "",
        "Weighable": false,
        "Campaign1": false,
        "Campaign2": false,
        "Category": "Beverages",
        "CategoryId": 7
    },
    {
        "id": 554,
        "Barcode": "86900000554",
        "ProductName": "Sırma Maden Suyu",
        "Description": "Mineral water",
        "Price": 5.0,
        "Stock": 200,
        "imageUrl": "https://www.aftamarket.com.tr/icecek-300-gazoz-camlica-25395-27-O.jpg",
        "imageName": "",
        "Weighable": false,
        "Campaign1": true,
        "Campaign2": false,
        "Category": "Beverages",
        "CategoryId": 7
    },
    {
        "id": 555,
        "Barcode": "86900000555",
        "ProductName": "Uludağ Gazoz",
        "Description": "Turkish soda",
        "Price": 6.0,
        "Stock": 130,
        "imageUrl": "https://www.aftamarket.com.tr/icecek-300-gazoz-camlica-25395-27-O.jpg",
        "imageName": "",
        "Weighable": false,
        "Campaign1": false,
        "Campaign2": false,
        "Category": "Beverages",
        "CategoryId": 7
    },
    {
        "id": 556,
        "Barcode": "86900000556",
        "ProductName": "Fuze Tea",
        "Description": "Lemon flavored iced tea",
        "Price": 7.0,
        "Stock": 85,
        "imageUrl": "https://img-bizimtoptan.mncdn.com/mnresize/400/400/Content/Images/Originals/2780741_0.jpeg",
        "imageName": "",
        "Weighable": false,
        "Campaign1": true,
        "Campaign2": false,
        "Category": "Beverages",
        "CategoryId": 7
    },
    {
        "id": 557,
        "Barcode": "86900000557",
        "ProductName": "Schweppes",
        "Description": "Tonic water",
        "Price": 10.0,
        "Stock": 95,
        "imageUrl": "https://m.media-amazon.com/images/I/31fnfbla7iL._SS400_.jpg",
        "imageName": "",
        "Weighable": false,
        "Campaign1": false,
        "Campaign2": false,
        "Category": "Beverages",
        "CategoryId": 7
    },
    {
        "id": 558,
        "Barcode": "86900000558",
        "ProductName": "Burn Energy Drink",
        "Description": "Energy drink",
        "Price": 14.0,
        "Stock": 60,
        "imageUrl": "https://m.media-amazon.com/images/I/31fnfbla7iL._SS400_.jpg",
        "imageName": "",
        "Weighable": false,
        "Campaign1": true,
        "Campaign2": false,
        "Category": "Beverages",
        "CategoryId": 7
    },
    {
        "id": 559,
        "Barcode": "86900000559",
        "ProductName": "Cappy",
        "Description": "Fruit juice",
        "Price": 6.5,
        "Stock": 140,
        "imageUrl": "https://img-bizimtoptan.mncdn.com/mnresize/400/400/Content/Images/Originals/2049307_0.jpeg",
        "imageName": "",
        "Weighable": false,
        "Campaign1": false,
        "Campaign2": false,
        "Category": "Beverages",
        "CategoryId": 7
    },
    {
        "id": 560,
        "Barcode": "86900000560",
        "ProductName": "Dimes",
        "Description": "Fruit juice",
        "Price": 6.25,
        "Stock": 135,
        "imageUrl": "https://img-bizimtoptan.mncdn.com/mnresize/400/400/Content/Images/Originals/2049307_0.jpeg",
        "imageName": "",
        "Weighable": false,
        "Campaign1": true,
        "Campaign2": false,
        "Category": "Beverages",
        "CategoryId": 7
    },
    {
        "id": 561,
        "Barcode": "86900000561",
        "ProductName": "Çamlıca Gazoz",
        "Description": "Turkish soda",
        "Price": 6.75,
        "Stock": 145,
        "imageUrl": "https://www.aftamarket.com.tr/icecek-300-gazoz-camlica-25395-27-O.jpg",
        "imageName": "",
        "Weighable": false,
        "Campaign1": false,
        "Campaign2": false,
        "Category": "Beverages",
        "CategoryId": 7
    },
    {
        "id": 562,
        "Barcode": "86900000562",
        "ProductName": "Coca Cola",
        "Description": "Refreshing beverage",
        "Price": 10.5,
        "Stock": 100,
        "imageUrl": "https://img-bizimtoptan.mncdn.com/mnresize/400/400/Content/Images/Originals/2780741_0.jpeg",
        "imageName": "",
        "Weighable": false,
        "Campaign1": true,
        "Campaign2": false,
        "Category": "Beverages",
        "CategoryId": 7
    },
    {
        "id": 563,
        "Barcode": "86900000563",
        "ProductName": "Pepsi",
        "Description": "Cola beverage",
        "Price": 9.9,
        "Stock": 120,
        "imageUrl": "https://img-bizimtoptan.mncdn.com/mnresize/400/400/Content/Images/Originals/2780741_0.jpeg",
        "imageName": "",
        "Weighable": false,
        "Campaign1": false,
        "Campaign2": false,
        "Category": "Beverages",
        "CategoryId": 7
    },
    {
        "id": 564,
        "Barcode": "86900000564",
        "ProductName": "Fanta",
        "Description": "Orange flavored soda",
        "Price": 8.75,
        "Stock": 80,
        "imageUrl": "https://www.aftamarket.com.tr/icecek-107-kola-fanta-19797-26-O.jpg",
        "imageName": "",
        "Weighable": false,
        "Campaign1": true,
        "Campaign2": false,
        "Category": "Beverages",
        "CategoryId": 7
    },
    {
        "id": 565,
        "Barcode": "86900000565",
        "ProductName": "Sprite",
        "Description": "Lemon-lime soda",
        "Price": 8.5,
        "Stock": 90,
        "imageUrl": "https://m.media-amazon.com/images/I/41FFrKJPJWL._SS400_.jpg",
        "imageName": "",
        "Weighable": false,
        "Campaign1": false,
        "Campaign2": false,
        "Category": "Beverages",
        "CategoryId": 7
    },
    {
        "id": 566,
        "Barcode": "86900000566",
        "ProductName": "Lipton Ice Tea",
        "Description": "Peach flavored iced tea",
        "Price": 7.5,
        "Stock": 70,
        "imageUrl": "https://img-bizimtoptan.mncdn.com/mnresize/400/400/Content/Images/Originals/2049307_0.jpeg",
        "imageName": "",
        "Weighable": false,
        "Campaign1": true,
        "Campaign2": false,
        "Category": "Beverages",
        "CategoryId": 7
    },
    {
        "id": 567,
        "Barcode": "86900000567",
        "ProductName": "Ayran",
        "Description": "Traditional Turkish yogurt drink",
        "Price": 4.5,
        "Stock": 150,
        "imageUrl": "https://img-bizimtoptan.mncdn.com/mnresize/400/400/Content/Images/Originals/2788778_0.jpeg",
        "imageName": "",
        "Weighable": false,
        "Campaign1": false,
        "Campaign2": false,
        "Category": "Beverages",
        "CategoryId": 7
    },
    {
        "id": 568,
        "Barcode": "86900000568",
        "ProductName": "Red Bull",
        "Description": "Energy drink",
        "Price": 15.0,
        "Stock": 50,
        "imageUrl": "https://m.media-amazon.com/images/I/31fnfbla7iL._SS400_.jpg",
        "imageName": "",
        "Weighable": false,
        "Campaign1": true,
        "Campaign2": false,
        "Category": "Beverages",
        "CategoryId": 7
    },
    {
        "id": 569,
        "Barcode": "86900000569",
        "ProductName": "Mountain Dew",
        "Description": "Citrus flavored soda",
        "Price": 9.0,
        "Stock": 110,
        "imageUrl": "https://m.media-amazon.com/images/I/41FFrKJPJWL._SS400_.jpg",
        "imageName": "",
        "Weighable": false,
        "Campaign1": false,
        "Campaign2": false,
        "Category": "Beverages",
        "CategoryId": 7
    },
    {
        "id": 570,
        "Barcode": "86900000570",
        "ProductName": "Sırma Maden Suyu",
        "Description": "Mineral water",
        "Price": 5.0,
        "Stock": 200,
        "imageUrl": "https://www.aftamarket.com.tr/icecek-300-gazoz-camlica-25395-27-O.jpg",
        "imageName": "",
        "Weighable": false,
        "Campaign1": true,
        "Campaign2": false,
        "Category": "Beverages",
        "CategoryId": 7
    },
    {
        "id": 571,
        "Barcode": "86900000571",
        "ProductName": "Uludağ Gazoz",
        "Description": "Turkish soda",
        "Price": 6.0,
        "Stock": 130,
        "imageUrl": "https://www.aftamarket.com.tr/icecek-300-gazoz-camlica-25395-27-O.jpg",
        "imageName": "",
        "Weighable": false,
        "Campaign1": false,
        "Campaign2": false,
        "Category": "Beverages",
        "CategoryId": 7
    },
    {
        "id": 572,
        "Barcode": "86900000572",
        "ProductName": "Fuze Tea",
        "Description": "Lemon flavored iced tea",
        "Price": 7.0,
        "Stock": 85,
        "imageUrl": "https://img-bizimtoptan.mncdn.com/mnresize/400/400/Content/Images/Originals/2780741_0.jpeg",
        "imageName": "",
        "Weighable": false,
        "Campaign1": true,
        "Campaign2": false,
        "Category": "Beverages",
        "CategoryId": 7
    },
    {
        "id": 573,
        "Barcode": "86900000573",
        "ProductName": "Schweppes",
        "Description": "Tonic water",
        "Price": 10.0,
        "Stock": 95,
        "imageUrl": "https://www.aftamarket.com.tr/icecek-107-kola-fanta-19797-26-O.jpg",
        "imageName": "",
        "Weighable": false,
        "Campaign1": false,
        "Campaign2": false,
        "Category": "Beverages",
        "CategoryId": 7
    },
    {
        "id": 574,
        "Barcode": "86900000574",
        "ProductName": "Burn Energy Drink",
        "Description": "Energy drink",
        "Price": 14.0,
        "Stock": 60,
        "imageUrl": "https://m.media-amazon.com/images/I/31fnfbla7iL._SS400_.jpg",
        "imageName": "",
        "Weighable": false,
        "Campaign1": true,
        "Campaign2": false,
        "Category": "Beverages",
        "CategoryId": 7
    },
    {
        "id": 575,
        "Barcode": "86900000575",
        "ProductName": "Cappy",
        "Description": "Fruit juice",
        "Price": 6.5,
        "Stock": 140,
        "imageUrl": "https://img-bizimtoptan.mncdn.com/mnresize/400/400/Content/Images/Originals/2049307_0.jpeg",
        "imageName": "",
        "Weighable": false,
        "Campaign1": false,
        "Campaign2": false,
        "Category": "Beverages",
        "CategoryId": 7
    },
    {
        "id": 576,
        "Barcode": "86900000576",
        "ProductName": "Dimes",
        "Description": "Fruit juice",
        "Price": 6.25,
        "Stock": 135,
        "imageUrl": "https://img-bizimtoptan.mncdn.com/mnresize/400/400/Content/Images/Originals/2049307_0.jpeg",
        "imageName": "",
        "Weighable": false,
        "Campaign1": true,
        "Campaign2": false,
        "Category": "Beverages",
        "CategoryId": 7
    },
    {
        "id": 577,
        "Barcode": "86900000577",
        "ProductName": "Çamlıca Gazoz",
        "Description": "Turkish soda",
        "Price": 6.75,
        "Stock": 145,
        "imageUrl": "https://www.aftamarket.com.tr/icecek-300-gazoz-camlica-25395-27-O.jpg",
        "imageName": "",
        "Weighable": false,
        "Campaign1": false,
        "Campaign2": false,
        "Category": "Beverages",
        "CategoryId": 7
    },
    {
        "id": 578,
        "Barcode": "86900000578",
        "ProductName": "Coca Cola",
        "Description": "Refreshing beverage",
        "Price": 10.5,
        "Stock": 100,
        "imageUrl": "https://img-bizimtoptan.mncdn.com/mnresize/400/400/Content/Images/Originals/2780741_0.jpeg",
        "imageName": "",
        "Weighable": false,
        "Campaign1": true,
        "Campaign2": false,
        "Category": "Beverages",
        "CategoryId": 7
    },
    {
        "id": 579,
        "Barcode": "86900000579",
        "ProductName": "Pepsi",
        "Description": "Cola beverage",
        "Price": 9.9,
        "Stock": 120,
        "imageUrl": "https://img-bizimtoptan.mncdn.com/mnresize/400/400/Content/Images/Originals/2780741_0.jpeg",
        "imageName": "",
        "Weighable": false,
        "Campaign1": false,
        "Campaign2": false,
        "Category": "Beverages",
        "CategoryId": 7
    },
    {
        "id": 580,
        "Barcode": "86900000580",
        "ProductName": "Fanta",
        "Description": "Orange flavored soda",
        "Price": 8.75,
        "Stock": 80,
        "imageUrl": "https://www.aftamarket.com.tr/icecek-107-kola-fanta-19797-26-O.jpg",
        "imageName": "",
        "Weighable": false,
        "Campaign1": true,
        "Campaign2": false,
        "Category": "Beverages",
        "CategoryId": 7
    },
    {
        "id": 581,
        "Barcode": "86900000581",
        "ProductName": "Sprite",
        "Description": "Lemon-lime soda",
        "Price": 8.5,
        "Stock": 90,
        "imageUrl": "https://m.media-amazon.com/images/I/41FFrKJPJWL._SS400_.jpg",
        "imageName": "",
        "Weighable": false,
        "Campaign1": false,
        "Campaign2": false,
        "Category": "Beverages",
        "CategoryId": 7
    },
    {
        "id": 582,
        "Barcode": "86900000582",
        "ProductName": "Lipton Ice Tea",
        "Description": "Peach flavored iced tea",
        "Price": 7.5,
        "Stock": 70,
        "imageUrl": "https://img-bizimtoptan.mncdn.com/mnresize/400/400/Content/Images/Originals/2049307_0.jpeg",
        "imageName": "",
        "Weighable": false,
        "Campaign1": true,
        "Campaign2": false,
        "Category": "Beverages",
        "CategoryId": 7
    },
    {
        "id": 583,
        "Barcode": "86900000583",
        "ProductName": "Ayran",
        "Description": "Traditional Turkish yogurt drink",
        "Price": 4.5,
        "Stock": 150,
        "imageUrl": "https://img-bizimtoptan.mncdn.com/mnresize/400/400/Content/Images/Originals/2788778_0.jpeg",
        "imageName": "",
        "Weighable": false,
        "Campaign1": false,
        "Campaign2": false,
        "Category": "Beverages",
        "CategoryId": 7
    },
    {
        "id": 584,
        "Barcode": "86900000584",
        "ProductName": "Red Bull",
        "Description": "Energy drink",
        "Price": 15.0,
        "Stock": 50,
        "imageUrl": "https://m.media-amazon.com/images/I/31fnfbla7iL._SS400_.jpg",
        "imageName": "",
        "Weighable": false,
        "Campaign1": true,
        "Campaign2": false,
        "Category": "Beverages",
        "CategoryId": 7
    },
    {
        "id": 585,
        "Barcode": "86900000585",
        "ProductName": "Mountain Dew",
        "Description": "Citrus flavored soda",
        "Price": 9.0,
        "Stock": 110,
        "imageUrl": "https://m.media-amazon.com/images/I/41FFrKJPJWL._SS400_.jpg",
        "imageName": "",
        "Weighable": false,
        "Campaign1": false,
        "Campaign2": false,
        "Category": "Beverages",
        "CategoryId": 7
    },
    {
        "id": 586,
        "Barcode": "86900000586",
        "ProductName": "Sırma Maden Suyu",
        "Description": "Mineral water",
        "Price": 5.0,
        "Stock": 200,
        "imageUrl": "https://www.aftamarket.com.tr/icecek-300-gazoz-camlica-25395-27-O.jpg",
        "imageName": "",
        "Weighable": false,
        "Campaign1": true,
        "Campaign2": false,
        "Category": "Beverages",
        "CategoryId": 7
    },
    {
        "id": 587,
        "Barcode": "86900000587",
        "ProductName": "Uludağ Gazoz",
        "Description": "Turkish soda",
        "Price": 6.0,
        "Stock": 130,
        "imageUrl": "https://www.aftamarket.com.tr/icecek-300-gazoz-camlica-25395-27-O.jpg",
        "imageName": "",
        "Weighable": false,
        "Campaign1": false,
        "Campaign2": false,
        "Category": "Beverages",
        "CategoryId": 7
    },
    {
        "id": 588,
        "Barcode": "86900000588",
        "ProductName": "Fuze Tea",
        "Description": "Lemon flavored iced tea",
        "Price": 7.0,
        "Stock": 85,
        "imageUrl": "https://www.aftamarket.com.tr/icecek-107-kola-fanta-19797-26-O.jpg",
        "imageName": "",
        "Weighable": false,
        "Campaign1": true,
        "Campaign2": false,
        "Category": "Beverages",
        "CategoryId": 7
    },
    {
        "id": 589,
        "Barcode": "86900000589",
        "ProductName": "Schweppes",
        "Description": "Tonic water",
        "Price": 10.0,
        "Stock": 95,
        "imageUrl": "https://www.aftamarket.com.tr/icecek-107-kola-fanta-19797-26-O.jpg",
        "imageName": "",
        "Weighable": false,
        "Campaign1": false,
        "Campaign2": false,
        "Category": "Beverages",
        "CategoryId": 7
    },
    {
        "id": 590,
        "Barcode": "86900000590",
        "ProductName": "Burn Energy Drink",
        "Description": "Energy drink",
        "Price": 14.0,
        "Stock": 60,
        "imageUrl": "https://m.media-amazon.com/images/I/31fnfbla7iL._SS400_.jpg",
        "imageName": "",
        "Weighable": false,
        "Campaign1": true,
        "Campaign2": false,
        "Category": "Beverages",
        "CategoryId": 7
    },
    {
        "id": 591,
        "Barcode": "86900000591",
        "ProductName": "Cappy",
        "Description": "Fruit juice",
        "Price": 6.5,
        "Stock": 140,
        "imageUrl": "https://www.aftamarket.com.tr/icecek-107-kola-fanta-19797-26-O.jpg",
        "imageName": "",
        "Weighable": false,
        "Campaign1": false,
        "Campaign2": false,
        "Category": "Beverages",
        "CategoryId": 7
    },
    {
        "id": 592,
        "Barcode": "86900000592",
        "ProductName": "Dimes",
        "Description": "Fruit juice",
        "Price": 6.25,
        "Stock": 135,
        "imageUrl": "https://img-bizimtoptan.mncdn.com/mnresize/400/400/Content/Images/Originals/2049307_0.jpeg",
        "imageName": "",
        "Weighable": false,
        "Campaign1": true,
        "Campaign2": false,
        "Category": "Beverages",
        "CategoryId": 7
    },
    {
        "id": 593,
        "Barcode": "86900000593",
        "ProductName": "Çamlıca Gazoz",
        "Description": "Turkish soda",
        "Price": 6.75,
        "Stock": 145,
        "imageUrl": "https://www.aftamarket.com.tr/icecek-300-gazoz-camlica-25395-27-O.jpg",
        "imageName": "",
        "Weighable": false,
        "Campaign1": false,
        "Campaign2": false,
        "Category": "Beverages",
        "CategoryId": 7
    },
    {
        "id": 594,
        "Barcode": "86900000594",
        "ProductName": "Coca Cola",
        "Description": "Refreshing beverage",
        "Price": 10.5,
        "Stock": 100,
        "imageUrl": "https://img-bizimtoptan.mncdn.com/mnresize/400/400/Content/Images/Originals/2780741_0.jpeg",
        "imageName": "",
        "Weighable": false,
        "Campaign1": true,
        "Campaign2": false,
        "Category": "Beverages",
        "CategoryId": 7
    },
    {
        "id": 595,
        "Barcode": "86900000595",
        "ProductName": "Pepsi",
        "Description": "Cola beverage",
        "Price": 9.9,
        "Stock": 120,
        "imageUrl": "https://img-bizimtoptan.mncdn.com/mnresize/400/400/Content/Images/Originals/2780741_0.jpeg",
        "imageName": "",
        "Weighable": false,
        "Campaign1": false,
        "Campaign2": false,
        "Category": "Beverages",
        "CategoryId": 7
    },
    {
        "id": 596,
        "Barcode": "86900000596",
        "ProductName": "Fanta",
        "Description": "Orange flavored soda",
        "Price": 8.75,
        "Stock": 80,
        "imageUrl": "https://www.aftamarket.com.tr/icecek-107-kola-fanta-19797-26-O.jpg",
        "imageName": "",
        "Weighable": false,
        "Campaign1": true,
        "Campaign2": false,
        "Category": "Beverages",
        "CategoryId": 7
    },
    {
        "id": 597,
        "Barcode": "86900000597",
        "ProductName": "Sprite",
        "Description": "Lemon-lime soda",
        "Price": 8.5,
        "Stock": 90,
        "imageUrl": "https://m.media-amazon.com/images/I/41FFrKJPJWL._SS400_.jpg",
        "imageName": "",
        "Weighable": false,
        "Campaign1": false,
        "Campaign2": false,
        "Category": "Beverages",
        "CategoryId": 7
    },
    {
        "id": 598,
        "Barcode": "86900000598",
        "ProductName": "Lipton Ice Tea",
        "Description": "Peach flavored iced tea",
        "Price": 7.5,
        "Stock": 70,
        "imageUrl": "https://img-bizimtoptan.mncdn.com/mnresize/400/400/Content/Images/Originals/2049307_0.jpeg",
        "imageName": "",
        "Weighable": false,
        "Campaign1": true,
        "Campaign2": false,
        "Category": "Beverages",
        "CategoryId": 7
    },
    {
        "id": 599,
        "Barcode": "86900000599",
        "ProductName": "Ayran",
        "Description": "Traditional Turkish yogurt drink",
        "Price": 4.5,
        "Stock": 150,
        "imageUrl": "https://img-bizimtoptan.mncdn.com/mnresize/400/400/Content/Images/Originals/2788778_0.jpeg",
        "imageName": "",
        "Weighable": false,
        "Campaign1": false,
        "Campaign2": false,
        "Category": "Beverages",
        "CategoryId": 7
    },
    {
        "id": 600,
        "Barcode": "86900000600",
        "ProductName": "Red Bull",
        "Description": "Energy drink",
        "Price": 15.0,
        "Stock": 50,
        "imageUrl": "https://m.media-amazon.com/images/I/31fnfbla7iL._SS400_.jpg",
        "imageName": "",
        "Weighable": false,
        "Campaign1": true,
        "Campaign2": false,
        "Category": "Beverages",
        "CategoryId": 7
    },
    {
        "id": 601,
        "Barcode": "86900000601",
        "ProductName": "Mountain Dew",
        "Description": "Citrus flavored soda",
        "Price": 9.0,
        "Stock": 110,
        "imageUrl": "https://m.media-amazon.com/images/I/41FFrKJPJWL._SS400_.jpg",
        "imageName": "",
        "Weighable": false,
        "Campaign1": false,
        "Campaign2": false,
        "Category": "Beverages",
        "CategoryId": 7
    },
    {
        "id": 602,
        "Barcode": "86900000602",
        "ProductName": "Sırma Maden Suyu",
        "Description": "Mineral water",
        "Price": 5.0,
        "Stock": 200,
        "imageUrl": "https://www.aftamarket.com.tr/icecek-300-gazoz-camlica-25395-27-O.jpg",
        "imageName": "",
        "Weighable": false,
        "Campaign1": true,
        "Campaign2": false,
        "Category": "Beverages",
        "CategoryId": 7
    },
    {
        "id": 603,
        "Barcode": "86900000603",
        "ProductName": "Uludağ Gazoz",
        "Description": "Turkish soda",
        "Price": 6.0,
        "Stock": 130,
        "imageUrl": "https://www.aftamarket.com.tr/icecek-300-gazoz-camlica-25395-27-O.jpg",
        "imageName": "",
        "Weighable": false,
        "Campaign1": false,
        "Campaign2": false,
        "Category": "Beverages",
        "CategoryId": 7
    },
    {
        "id": 604,
        "Barcode": "86900000604",
        "ProductName": "Fuze Tea",
        "Description": "Lemon flavored iced tea",
        "Price": 7.0,
        "Stock": 85,
        "imageUrl": "https://www.aftamarket.com.tr/icecek-107-kola-fanta-19797-26-O.jpg",
        "imageName": "",
        "Weighable": false,
        "Campaign1": true,
        "Campaign2": false,
        "Category": "Beverages",
        "CategoryId": 7
    },
    {
        "id": 605,
        "Barcode": "86900000605",
        "ProductName": "Schweppes",
        "Description": "Tonic water",
        "Price": 10.0,
        "Stock": 95,
        "imageUrl": "https://www.aftamarket.com.tr/icecek-107-kola-fanta-19797-26-O.jpg",
        "imageName": "",
        "Weighable": false,
        "Campaign1": false,
        "Campaign2": false,
        "Category": "Beverages",
        "CategoryId": 7
    },
    {
        "id": 606,
        "Barcode": "86900000606",
        "ProductName": "Burn Energy Drink",
        "Description": "Energy drink",
        "Price": 14.0,
        "Stock": 60,
        "imageUrl": "https://m.media-amazon.com/images/I/31fnfbla7iL._SS400_.jpg",
        "imageName": "",
        "Weighable": false,
        "Campaign1": true,
        "Campaign2": false,
        "Category": "Beverages",
        "CategoryId": 7
    },
    {
        "id": 607,
        "Barcode": "86900000607",
        "ProductName": "Cappy",
        "Description": "Fruit juice",
        "Price": 6.5,
        "Stock": 140,
        "imageUrl": "https://m.media-amazon.com/images/I/41FFrKJPJWL._SS400_.jpg",
        "imageName": "",
        "Weighable": false,
        "Campaign1": false,
        "Campaign2": false,
        "Category": "Beverages",
        "CategoryId": 7
    },
    {
        "id": 608,
        "Barcode": "86900000608",
        "ProductName": "Dimes",
        "Description": "Fruit juice",
        "Price": 6.25,
        "Stock": 135,
        "imageUrl": "https://img-bizimtoptan.mncdn.com/mnresize/400/400/Content/Images/Originals/2049307_0.jpeg",
        "imageName": "",
        "Weighable": false,
        "Campaign1": true,
        "Campaign2": false,
        "Category": "Beverages",
        "CategoryId": 7
    },
    {
        "id": 609,
        "Barcode": "86900000609",
        "ProductName": "Çamlıca Gazoz",
        "Description": "Turkish soda",
        "Price": 6.75,
        "Stock": 145,
        "imageUrl": "https://www.aftamarket.com.tr/icecek-300-gazoz-camlica-25395-27-O.jpg",
        "imageName": "",
        "Weighable": false,
        "Campaign1": false,
        "Campaign2": false,
        "Category": "Beverages",
        "CategoryId": 7
    },
    {
        "id": 610,
        "Barcode": "86900000610",
        "ProductName": "Coca Cola",
        "Description": "Refreshing beverage",
        "Price": 10.5,
        "Stock": 100,
        "imageUrl": "https://img-bizimtoptan.mncdn.com/mnresize/400/400/Content/Images/Originals/2780741_0.jpeg",
        "imageName": "",
        "Weighable": false,
        "Campaign1": true,
        "Campaign2": false,
        "Category": "Beverages",
        "CategoryId": 7
    },
    {
        "id": 611,
        "Barcode": "86900000611",
        "ProductName": "Pepsi",
        "Description": "Cola beverage",
        "Price": 9.9,
        "Stock": 120,
        "imageUrl": "https://img-bizimtoptan.mncdn.com/mnresize/400/400/Content/Images/Originals/2780741_0.jpeg",
        "imageName": "",
        "Weighable": false,
        "Campaign1": false,
        "Campaign2": false,
        "Category": "Beverages",
        "CategoryId": 7
    },
    {
        "id": 612,
        "Barcode": "86900000612",
        "ProductName": "Fanta",
        "Description": "Orange flavored soda",
        "Price": 8.75,
        "Stock": 80,
        "imageUrl": "https://www.aftamarket.com.tr/icecek-107-kola-fanta-19797-26-O.jpg",
        "imageName": "",
        "Weighable": false,
        "Campaign1": true,
        "Campaign2": false,
        "Category": "Beverages",
        "CategoryId": 7
    },
    {
        "id": 613,
        "Barcode": "86900000613",
        "ProductName": "Sprite",
        "Description": "Lemon-lime soda",
        "Price": 8.5,
        "Stock": 90,
        "imageUrl": "https://m.media-amazon.com/images/I/41FFrKJPJWL._SS400_.jpg",
        "imageName": "",
        "Weighable": false,
        "Campaign1": false,
        "Campaign2": false,
        "Category": "Beverages",
        "CategoryId": 7
    },
    {
        "id": 614,
        "Barcode": "86900000614",
        "ProductName": "Lipton Ice Tea",
        "Description": "Peach flavored iced tea",
        "Price": 7.5,
        "Stock": 70,
        "imageUrl": "https://img-bizimtoptan.mncdn.com/mnresize/400/400/Content/Images/Originals/2049307_0.jpeg",
        "imageName": "",
        "Weighable": false,
        "Campaign1": true,
        "Campaign2": false,
        "Category": "Beverages",
        "CategoryId": 7
    },
    {
        "id": 615,
        "Barcode": "86900000615",
        "ProductName": "Ayran",
        "Description": "Traditional Turkish yogurt drink",
        "Price": 4.5,
        "Stock": 150,
        "imageUrl": "https://img-bizimtoptan.mncdn.com/mnresize/400/400/Content/Images/Originals/2788778_0.jpeg",
        "imageName": "",
        "Weighable": false,
        "Campaign1": false,
        "Campaign2": false,
        "Category": "Beverages",
        "CategoryId": 7
    },
    {
        "id": 616,
        "Barcode": "86900000616",
        "ProductName": "Red Bull",
        "Description": "Energy drink",
        "Price": 15.0,
        "Stock": 50,
        "imageUrl": "https://m.media-amazon.com/images/I/31fnfbla7iL._SS400_.jpg",
        "imageName": "",
        "Weighable": false,
        "Campaign1": true,
        "Campaign2": false,
        "Category": "Beverages",
        "CategoryId": 7
    },
    {
        "id": 617,
        "Barcode": "86900000617",
        "ProductName": "Mountain Dew",
        "Description": "Citrus flavored soda",
        "Price": 9.0,
        "Stock": 110,
        "imageUrl": "https://m.media-amazon.com/images/I/41FFrKJPJWL._SS400_.jpg",
        "imageName": "",
        "Weighable": false,
        "Campaign1": false,
        "Campaign2": false,
        "Category": "Beverages",
        "CategoryId": 7
    },
    {
        "id": 618,
        "Barcode": "86900000618",
        "ProductName": "Sırma Maden Suyu",
        "Description": "Mineral water",
        "Price": 5.0,
        "Stock": 200,
        "imageUrl": "https://www.aftamarket.com.tr/icecek-300-gazoz-camlica-25395-27-O.jpg",
        "imageName": "",
        "Weighable": false,
        "Campaign1": true,
        "Campaign2": false,
        "Category": "Beverages",
        "CategoryId": 7
    },
    {
        "id": 619,
        "Barcode": "86900000619",
        "ProductName": "Uludağ Gazoz",
        "Description": "Turkish soda",
        "Price": 6.0,
        "Stock": 130,
        "imageUrl": "https://www.aftamarket.com.tr/icecek-300-gazoz-camlica-25395-27-O.jpg",
        "imageName": "",
        "Weighable": false,
        "Campaign1": false,
        "Campaign2": false,
        "Category": "Beverages",
        "CategoryId": 7
    },
    {
        "id": 620,
        "Barcode": "86900000620",
        "ProductName": "Fuze Tea",
        "Description": "Lemon flavored iced tea",
        "Price": 7.0,
        "Stock": 85,
        "imageUrl": "https://www.aftamarket.com.tr/icecek-107-kola-fanta-19797-26-O.jpg",
        "imageName": "",
        "Weighable": false,
        "Campaign1": true,
        "Campaign2": false,
        "Category": "Beverages",
        "CategoryId": 7
    },
    {
        "id": 621,
        "Barcode": "86900000621",
        "ProductName": "Schweppes",
        "Description": "Tonic water",
        "Price": 10.0,
        "Stock": 95,
        "imageUrl": "https://www.aftamarket.com.tr/icecek-107-kola-fanta-19797-26-O.jpg",
        "imageName": "",
        "Weighable": false,
        "Campaign1": false,
        "Campaign2": false,
        "Category": "Beverages",
        "CategoryId": 7
    },
    {
        "id": 622,
        "Barcode": "86900000622",
        "ProductName": "Burn Energy Drink",
        "Description": "Energy drink",
        "Price": 14.0,
        "Stock": 60,
        "imageUrl": "https://m.media-amazon.com/images/I/31fnfbla7iL._SS400_.jpg",
        "imageName": "",
        "Weighable": false,
        "Campaign1": true,
        "Campaign2": false,
        "Category": "Beverages",
        "CategoryId": 7
    },
    {
        "id": 623,
        "Barcode": "86900000623",
        "ProductName": "Cappy",
        "Description": "Fruit juice",
        "Price": 6.5,
        "Stock": 140,
        "imageUrl": "https://m.media-amazon.com/images/I/41FFrKJPJWL._SS400_.jpg",
        "imageName": "",
        "Weighable": false,
        "Campaign1": false,
        "Campaign2": false,
        "Category": "Beverages",
        "CategoryId": 7
    },
    {
        "id": 624,
        "Barcode": "86900000624",
        "ProductName": "Dimes",
        "Description": "Fruit juice",
        "Price": 6.25,
        "Stock": 135,
        "imageUrl": "https://img-bizimtoptan.mncdn.com/mnresize/400/400/Content/Images/Originals/2049307_0.jpeg",
        "imageName": "",
        "Weighable": false,
        "Campaign1": true,
        "Campaign2": false,
        "Category": "Beverages",
        "CategoryId": 7
    },
    {
        "id": 625,
        "Barcode": "86900000625",
        "ProductName": "Çamlıca Gazoz",
        "Description": "Turkish soda",
        "Price": 6.75,
        "Stock": 145,
        "imageUrl": "https://www.aftamarket.com.tr/icecek-300-gazoz-camlica-25395-27-O.jpg",
        "imageName": "",
        "Weighable": false,
        "Campaign1": false,
        "Campaign2": false,
        "Category": "Beverages",
        "CategoryId": 7
    },
    {
        "id": 626,
        "Barcode": "86900000626",
        "ProductName": "Coca Cola",
        "Description": "Refreshing beverage",
        "Price": 10.5,
        "Stock": 100,
        "imageUrl": "https://img-bizimtoptan.mncdn.com/mnresize/400/400/Content/Images/Originals/2780741_0.jpeg",
        "imageName": "",
        "Weighable": false,
        "Campaign1": true,
        "Campaign2": false,
        "Category": "Beverages",
        "CategoryId": 7
    },
    {
        "id": 627,
        "Barcode": "86900000627",
        "ProductName": "Pepsi",
        "Description": "Cola beverage",
        "Price": 9.9,
        "Stock": 120,
        "imageUrl": "https://img-bizimtoptan.mncdn.com/mnresize/400/400/Content/Images/Originals/2780741_0.jpeg",
        "imageName": "",
        "Weighable": false,
        "Campaign1": false,
        "Campaign2": false,
        "Category": "Beverages",
        "CategoryId": 7
    },
    {
        "id": 628,
        "Barcode": "86900000628",
        "ProductName": "Fanta",
        "Description": "Orange flavored soda",
        "Price": 8.75,
        "Stock": 80,
        "imageUrl": "https://www.aftamarket.com.tr/icecek-107-kola-fanta-19797-26-O.jpg",
        "imageName": "",
        "Weighable": false,
        "Campaign1": true,
        "Campaign2": false,
        "Category": "Beverages",
        "CategoryId": 7
    },
    {
        "id": 629,
        "Barcode": "86900000629",
        "ProductName": "Sprite",
        "Description": "Lemon-lime soda",
        "Price": 8.5,
        "Stock": 90,
        "imageUrl": "https://img-bizimtoptan.mncdn.com/mnresize/400/400/Content/Images/Originals/2780741_0.jpeg",
        "imageName": "",
        "Weighable": false,
        "Campaign1": false,
        "Campaign2": false,
        "Category": "Beverages",
        "CategoryId": 7
    }
]