[
    {
        "id": 630,
        "Barcode": "86900000630",
        "ProductName": "Frozen Pizza",
        "Description": "Delicious frozen pizza with extra cheese.",
        "Price": 81.9,
        "Stock": 54,
        "imageUrl": "https://encrypted-tbn0.gstatic.com/images?q=tbn:ANd9GcTeuTK--aMtwJgC1HmsK9c4mscZan12YgFXvw&s",
        "imageName": "",
        "Weighable": false,
        "Campaign1": false,
        "Campaign2": false,
        "Category": "Frozen",
        "CategoryId": 8
    },
    {
        "id": 631,
        "Barcode": "86900000631",
        "ProductName": "Frozen Pizza",
        "Description": "Delicious frozen pizza with extra cheese.",
        "Price": 81.9,
        "Stock": 54,
        "imageUrl": "https://encrypted-tbn0.gstatic.com/images?q=tbn:ANd9GcTeuTK--aMtwJgC1HmsK9c4mscZan12YgFXvw&s",
        "imageName": "",
        "Weighable": false,
        "Campaign1": true,
        "Campaign2": false,
        "Category": "Frozen",
        "CategoryId": 8
    },
    {
        "id": 632,
        "Barcode": "86900000632",
        "ProductName": "Frozen Vegetables",
        "Description": "Mixed frozen vegetables, ready to cook.",
        "Price": 21.5,
        "Stock": 200,
        "imageUrl": "https://target.scene7.com/is/image/Target/GUEST_904cc589-f061-418d-a94a-9bb5b39a9e28",
        "imageName": "",
        "Weighable": false,
        "Campaign1": false,
        "Campaign2": false,
        "Category": "Frozen",
        "CategoryId": 8
    },
    {
        "id": 633,
        "Barcode": "86900000633",
        "ProductName": "Frozen Vegetables",
        "Description": "Mixed frozen vegetables, ready to cook.",
        "Price": 21.5,
        "Stock": 200,
        "imageUrl": "https://target.scene7.com/is/image/Target/GUEST_904cc589-f061-418d-a94a-9bb5b39a9e28",
        "imageName": "",
        "Weighable": false,
        "Campaign1": true,
        "Campaign2": false,
        "Category": "Frozen",
        "CategoryId": 8
    },
    {
        "id": 634,
        "Barcode": "86900000634",
        "ProductName": "Frozen Chicken Nuggets",
        "Description": "Crispy and tasty chicken nuggets.",
        "Price": 32.9,
        "Stock": 120,
        "imageUrl": "https://scene7.samsclub.com/is/image/samsclub/0002370002178_A?wid=400&hei=400",
        "imageName": "",
        "Weighable": false,
        "Campaign1": false,
        "Campaign2": false,
        "Category": "Frozen",
        "CategoryId": 8
    },
    {
        "id": 635,
        "Barcode": "86900000635",
        "ProductName": "Frozen Chicken Nuggets",
        "Description": "Crispy and tasty chicken nuggets.",
        "Price": 32.9,
        "Stock": 120,
        "imageUrl": "https://scene7.samsclub.com/is/image/samsclub/0002370002178_A?wid=400&hei=400",
        "imageName": "",
        "Weighable": false,
        "Campaign1": true,
        "Campaign2": false,
        "Category": "Frozen",
        "CategoryId": 8
    },
    {
        "id": 636,
        "Barcode": "86900000636",
        "ProductName": "Frozen French Fries",
        "Description": "Crispy frozen french fries.",
        "Price": 15.9,
        "Stock": 300,
        "imageUrl": "https://i.mctimg.com/cdn-cgi/image/w=400,h=400,fit=pad/https://i.mctimg.com/file/4b75f7246bc4a95188e11798b24cccab0d924928/fa75c4cecc18583728cfa5a003f1bbf09f4c2a7b76c7df19fcfda08a69e26c53",
        "imageName": "",
        "Weighable": false,
        "Campaign1": false,
        "Campaign2": false,
        "Category": "Frozen",
        "CategoryId": 8
    },
    {
        "id": 637,
        "Barcode": "86900000637",
        "ProductName": "Frozen French Fries",
        "Description": "Crispy frozen french fries.",
        "Price": 15.9,
        "Stock": 300,
        "imageUrl": "https://i.mctimg.com/cdn-cgi/image/w=400,h=400,fit=pad/https://i.mctimg.com/file/4b75f7246bc4a95188e11798b24cccab0d924928/fa75c4cecc18583728cfa5a003f1bbf09f4c2a7b76c7df19fcfda08a69e26c53",
        "imageName": "",
        "Weighable": false,
        "Campaign1": true,
        "Campaign2": false,
        "Category": "Frozen",
        "CategoryId": 8
    },
    {
        "id": 638,
        "Barcode": "86900000638",
        "ProductName": "Frozen Peas",
        "Description": "Fresh frozen peas.",
        "Price": 10.5,
        "Stock": 150,
        "imageUrl": "https://buymassry.com/images/detailed/19/1_as2m-12.jpg",
        "imageName": "",
        "Weighable": false,
        "Campaign1": false,
        "Campaign2": false,
        "Category": "Frozen",
        "CategoryId": 8
    },
    {
        "id": 639,
        "Barcode": "86900000639",
        "ProductName": "Frozen Peas",
        "Description": "Fresh frozen peas.",
        "Price": 10.5,
        "Stock": 150,
        "imageUrl": "https://buymassry.com/images/detailed/19/1_as2m-12.jpg",
        "imageName": "",
        "Weighable": false,
        "Campaign1": true,
        "Campaign2": false,
        "Category": "Frozen",
        "CategoryId": 8
    },
    {
        "id": 640,
        "Barcode": "86900000640",
        "ProductName": "Frozen Spinach",
        "Description": "Healthy frozen spinach.",
        "Price": 12.0,
        "Stock": 80,
        "imageUrl": "https://buymassry.com/images/thumbnails/400/400/detailed/20/Spinch1.jpg",
        "imageName": "",
        "Weighable": false,
        "Campaign1": false,
        "Campaign2": false,
        "Category": "Frozen",
        "CategoryId": 8
    },
    {
        "id": 641,
        "Barcode": "86900000641",
        "ProductName": "Frozen Spinach",
        "Description": "Healthy frozen spinach.",
        "Price": 12.0,
        "Stock": 80,
        "imageUrl": "https://buymassry.com/images/thumbnails/400/400/detailed/20/Spinch1.jpg",
        "imageName": "",
        "Weighable": false,
        "Campaign1": true,
        "Campaign2": false,
        "Category": "Frozen",
        "CategoryId": 8
    },
    {
        "id": 642,
        "Barcode": "86900000642",
        "ProductName": "Frozen Corn",
        "Description": "Sweet frozen corn.",
        "Price": 14.9,
        "Stock": 200,
        "imageUrl": "https://encrypted-tbn0.gstatic.com/images?q=tbn:ANd9GcSvf1076zRxCEqwwQ_7aykzPhnLPe4yVZrbXg&s",
        "imageName": "",
        "Weighable": false,
        "Campaign1": false,
        "Campaign2": false,
        "Category": "Frozen",
        "CategoryId": 8
    },
    {
        "id": 643,
        "Barcode": "86900000643",
        "ProductName": "Frozen Corn",
        "Description": "Sweet frozen corn.",
        "Price": 14.9,
        "Stock": 200,
        "imageUrl": "https://encrypted-tbn0.gstatic.com/images?q=tbn:ANd9GcSvf1076zRxCEqwwQ_7aykzPhnLPe4yVZrbXg&s",
        "imageName": "",
        "Weighable": false,
        "Campaign1": true,
        "Campaign2": false,
        "Category": "Frozen",
        "CategoryId": 8
    },
    {
        "id": 644,
        "Barcode": "86900000644",
        "ProductName": "Frozen Berries",
        "Description": "Mixed frozen berries.",
        "Price": 18.9,
        "Stock": 50,
        "imageUrl": "https://innodis.mu/innodis/pages/modules/image/getImage.php?id=7049.jpg",
        "imageName": "",
        "Weighable": false,
        "Campaign1": false,
        "Campaign2": false,
        "Category": "Frozen",
        "CategoryId": 8
    },
    {
        "id": 645,
        "Barcode": "86900000645",
        "ProductName": "Frozen Berries",
        "Description": "Mixed frozen berries.",
        "Price": 18.9,
        "Stock": 50,
        "imageUrl": "https://innodis.mu/innodis/pages/modules/image/getImage.php?id=7049.jpg",
        "imageName": "",
        "Weighable": false,
        "Campaign1": true,
        "Campaign2": false,
        "Category": "Frozen",
        "CategoryId": 8
    },
    {
        "id": 646,
        "Barcode": "86900000646",
        "ProductName": "Frozen Fish Sticks",
        "Description": "Crunchy frozen fish sticks.",
        "Price": 25.9,
        "Stock": 100,
        "imageUrl": "https://encrypted-tbn0.gstatic.com/images?q=tbn:ANd9GcTSBIb1MBMmk6fJq-td4TWqBAMp03G80kyo2A&s",
        "imageName": "",
        "Weighable": false,
        "Campaign1": false,
        "Campaign2": false,
        "Category": "Frozen",
        "CategoryId": 8
    },
    {
        "id": 647,
        "Barcode": "86900000647",
        "ProductName": "Frozen Fish Sticks",
        "Description": "Crunchy frozen fish sticks.",
        "Price": 25.9,
        "Stock": 100,
        "imageUrl": "https://encrypted-tbn0.gstatic.com/images?q=tbn:ANd9GcTSBIb1MBMmk6fJq-td4TWqBAMp03G80kyo2A&s",
        "imageName": "",
        "Weighable": false,
        "Campaign1": true,
        "Campaign2": false,
        "Category": "Frozen",
        "CategoryId": 8
    },
    {
        "id": 648,
        "Barcode": "86900000648",
        "ProductName": "Frozen Shrimp",
        "Description": "Juicy frozen shrimp.",
        "Price": 45.0,
        "Stock": 60,
        "imageUrl": "https://encrypted-tbn0.gstatic.com/images?q=tbn:ANd9GcTZp7xDIA_3R_EvO-zkyYMGPZ6pWfxu--L_ZQ&s",
        "imageName": "",
        "Weighable": false,
        "Campaign1": false,
        "Campaign2": false,
        "Category": "Frozen",
        "CategoryId": 8
    },
    {
        "id": 649,
        "Barcode": "86900000649",
        "ProductName": "Frozen Shrimp",
        "Description": "Juicy frozen shrimp.",
        "Price": 45.0,
        "Stock": 60,
        "imageUrl": "https://encrypted-tbn0.gstatic.com/images?q=tbn:ANd9GcTZp7xDIA_3R_EvO-zkyYMGPZ6pWfxu--L_ZQ&s",
        "imageName": "",
        "Weighable": false,
        "Campaign1": true,
        "Campaign2": false,
        "Category": "Frozen",
        "CategoryId": 8
    },
    {
        "id": 650,
        "Barcode": "86900000650",
        "ProductName": "Frozen Mango Chunks",
        "Description": "Sweet frozen mango chunks.",
        "Price": 28.9,
        "Stock": 70,
        "imageUrl": "https://encrypted-tbn0.gstatic.com/images?q=tbn:ANd9GcTZp7xDIA_3R_EvO-zkyYMGPZ6pWfxu--L_ZQ&s",
        "imageName": "",
        "Weighable": false,
        "Campaign1": false,
        "Campaign2": false,
        "Category": "Frozen",
        "CategoryId": 8
    },
    {
        "id": 651,
        "Barcode": "86900000651",
        "ProductName": "Frozen Broccoli",
        "Description": "Nutritious frozen broccoli.",
        "Price": 15.0,
        "Stock": 180,
        "imageUrl": "https://encrypted-tbn0.gstatic.com/images?q=tbn:ANd9GcTgcGM0DfVFizhaHfuo76UlEtBi56zsS_ClBw&s",
        "imageName": "",
        "Weighable": false,
        "Campaign1": false,
        "Campaign2": false,
        "Category": "Frozen",
        "CategoryId": 8
    },
    {
        "id": 652,
        "Barcode": "86900000652",
        "ProductName": "Frozen Broccoli",
        "Description": "Nutritious frozen broccoli.",
        "Price": 15.0,
        "Stock": 180,
        "imageUrl": "https://encrypted-tbn0.gstatic.com/images?q=tbn:ANd9GcTgcGM0DfVFizhaHfuo76UlEtBi56zsS_ClBw&s",
        "imageName": "",
        "Weighable": false,
        "Campaign1": true,
        "Campaign2": false,
        "Category": "Frozen",
        "CategoryId": 8
    },
    {
        "id": 653,
        "Barcode": "86900000653",
        "ProductName": "Frozen Mixed Berries",
        "Description": "Blend of frozen strawberries, blueberries, and raspberries.",
        "Price": 22.9,
        "Stock": 90,
        "imageUrl": "https://innodis.mu/innodis/pages/modules/image/getImage.php?id=7049.jpg",
        "imageName": "",
        "Weighable": false,
        "Campaign1": false,
        "Campaign2": false,
        "Category": "Frozen",
        "CategoryId": 8
    },
    {
        "id": 654,
        "Barcode": "86900000654",
        "ProductName": "Frozen Mixed Berries",
        "Description": "Blend of frozen strawberries, blueberries, and raspberries.",
        "Price": 22.9,
        "Stock": 90,
        "imageUrl": "https://innodis.mu/innodis/pages/modules/image/getImage.php?id=7049.jpg",
        "imageName": "",
        "Weighable": false,
        "Campaign1": true,
        "Campaign2": false,
        "Category": "Frozen",
        "CategoryId": 8
    },
    {
        "id": 655,
        "Barcode": "86900000655",
        "ProductName": "Frozen Green Beans",
        "Description": "Fresh frozen green beans.",
        "Price": 17.5,
        "Stock": 160,
        "imageUrl": "https://i.ebayimg.com/images/g/~1wAAOSwSFll44KN/s-l400.jpg",
        "imageName": "",
        "Weighable": false,
        "Campaign1": false,
        "Campaign2": false,
        "Category": "Frozen",
        "CategoryId": 8
    },
    {
        "id": 656,
        "Barcode": "86900000656",
        "ProductName": "Frozen Green Beans",
        "Description": "Fresh frozen green beans.",
        "Price": 17.5,
        "Stock": 160,
        "imageUrl": "https://i.ebayimg.com/images/g/~1wAAOSwSFll44KN/s-l400.jpg",
        "imageName": "",
        "Weighable": false,
        "Campaign1": true,
        "Campaign2": false,
        "Category": "Frozen",
        "CategoryId": 8
    },
    {
        "id": 657,
        "Barcode": "86900000657",
        "ProductName": "Frozen Strawberries",
        "Description": "Sweet frozen strawberries.",
        "Price": 19.9,
        "Stock": 130,
        "imageUrl": "https://buymassry.com/images/thumbnails/400/400/detailed/20/2_x047-tr.jpg",
        "imageName": "",
        "Weighable": false,
        "Campaign1": false,
        "Campaign2": false,
        "Category": "Frozen",
        "CategoryId": 8
    },
    {
        "id": 658,
        "Barcode": "86900000658",
        "ProductName": "Frozen Strawberries",
        "Description": "Sweet frozen strawberries.",
        "Price": 19.9,
        "Stock": 130,
        "imageUrl": "https://buymassry.com/images/thumbnails/400/400/detailed/20/2_x047-tr.jpg",
        "imageName": "",
        "Weighable": false,
        "Campaign1": true,
        "Campaign2": false,
        "Category": "Frozen",
        "CategoryId": 8
    },
    {
        "id": 659,
        "Barcode": "86900000659",
        "ProductName": "Frozen Cauliflower",
        "Description": "Fresh frozen cauliflower.",
        "Price": 16.5,
        "Stock": 100,
        "imageUrl": "https://encrypted-tbn0.gstatic.com/images?q=tbn:ANd9GcS55DELgETRd_22SV30yH-cqQU0lxSW_-8thw&s",
        "imageName": "",
        "Weighable": false,
        "Campaign1": false,
        "Campaign2": false,
        "Category": "Frozen",
        "CategoryId": 8
    },
    {
        "id": 660,
        "Barcode": "86900000660",
        "ProductName": "Frozen Cauliflower",
        "Description": "Fresh frozen cauliflower.",
        "Price": 16.5,
        "Stock": 100,
        "imageUrl": "https://encrypted-tbn0.gstatic.com/images?q=tbn:ANd9GcS55DELgETRd_22SV30yH-cqQU0lxSW_-8thw&s",
        "imageName": "",
        "Weighable": false,
        "Campaign1": true,
        "Campaign2": false,
        "Category": "Frozen",
        "CategoryId": 8
    },
    {
        "id": 661,
        "Barcode": "86900000661",
        "ProductName": "Frozen Dumplings",
        "Description": "Delicious frozen dumplings.",
        "Price": 29.9,
        "Stock": 110,
        "imageUrl": "https://target.scene7.com/is/image/Target/GUEST_a5cb6f4a-1a54-4b6e-8ec0-1df922995d04",
        "imageName": "",
        "Weighable": false,
        "Campaign1": false,
        "Campaign2": false,
        "Category": "Frozen",
        "CategoryId": 8
    },
    {
        "id": 662,
        "Barcode": "86900000662",
        "ProductName": "Frozen Dumplings",
        "Description": "Delicious frozen dumplings.",
        "Price": 29.9,
        "Stock": 110,
        "imageUrl": "https://target.scene7.com/is/image/Target/GUEST_a5cb6f4a-1a54-4b6e-8ec0-1df922995d04",
        "imageName": "",
        "Weighable": false,
        "Campaign1": true,
        "Campaign2": false,
        "Category": "Frozen",
        "CategoryId": 8
    },
    {
        "id": 663,
        "Barcode": "86900000663",
        "ProductName": "Frozen Raspberries",
        "Description": "Tangy frozen raspberries.",
        "Price": 20.9,
        "Stock": 140,
        "imageUrl": "https://encrypted-tbn0.gstatic.com/images?q=tbn:ANd9GcRSzQntxDB2CyuPzot-PDosBnMS9DvH6qiI3g&s",
        "imageName": "",
        "Weighable": false,
        "Campaign1": false,
        "Campaign2": false,
        "Category": "Frozen",
        "CategoryId": 8
    },
    {
        "id": 664,
        "Barcode": "86900000664",
        "ProductName": "Frozen Raspberries",
        "Description": "Tangy frozen raspberries.",
        "Price": 20.9,
        "Stock": 140,
        "imageUrl": "https://encrypted-tbn0.gstatic.com/images?q=tbn:ANd9GcRSzQntxDB2CyuPzot-PDosBnMS9DvH6qiI3g&s",
        "imageName": "",
        "Weighable": false,
        "Campaign1": true,
        "Campaign2": false,
        "Category": "Frozen",
        "CategoryId": 8
    },
    {
        "id": 665,
        "Barcode": "86900000665",
        "ProductName": "Frozen Pineapple Chunks",
        "Description": "Juicy frozen pineapple chunks.",
        "Price": 26.9,
        "Stock": 60,
        "imageUrl": "https://image-server.unataops.com/image-server/fit-in/400x400/filters:quality(80)/https://d2d8wwwkmhfcva.cloudfront.net/800x/filters:fill(FFF,true):format(jpg)/d2lnr5mha7bycj.cloudfront.net/product-image/file/large_054c82fa-83c9-490a-b3be-b92b5c41eb01.png",
        "imageName": "",
        "Weighable": false,
        "Campaign1": false,
        "Campaign2": false,
        "Category": "Frozen",
        "CategoryId": 8
    },
    {
        "id": 666,
        "Barcode": "86900000666",
        "ProductName": "Frozen Pineapple Chunks",
        "Description": "Juicy frozen pineapple chunks.",
        "Price": 26.9,
        "Stock": 60,
        "imageUrl": "https://image-server.unataops.com/image-server/fit-in/400x400/filters:quality(80)/https://d2d8wwwkmhfcva.cloudfront.net/800x/filters:fill(FFF,true):format(jpg)/d2lnr5mha7bycj.cloudfront.net/product-image/file/large_054c82fa-83c9-490a-b3be-b92b5c41eb01.png",
        "imageName": "",
        "Weighable": false,
        "Campaign1": true,
        "Campaign2": false,
        "Category": "Frozen",
        "CategoryId": 8
    },
    {
        "id": 667,
        "Barcode": "86900000667",
        "ProductName": "Frozen Edamame",
        "Description": "Healthy frozen edamame beans.",
        "Price": 22.0,
        "Stock": 150,
        "imageUrl": "https://encrypted-tbn0.gstatic.com/images?q=tbn:ANd9GcQSEcC-U1HB-e1GHFMtaPmKJ_re8lFfetJqzg&s",
        "imageName": "",
        "Weighable": false,
        "Campaign1": false,
        "Campaign2": false,
        "Category": "Frozen",
        "CategoryId": 8
    },
    {
        "id": 668,
        "Barcode": "86900000668",
        "ProductName": "Frozen Edamame",
        "Description": "Healthy frozen edamame beans.",
        "Price": 22.0,
        "Stock": 150,
        "imageUrl": "https://encrypted-tbn0.gstatic.com/images?q=tbn:ANd9GcQSEcC-U1HB-e1GHFMtaPmKJ_re8lFfetJqzg&s",
        "imageName": "",
        "Weighable": false,
        "Campaign1": true,
        "Campaign2": false,
        "Category": "Frozen",
        "CategoryId": 8
    },
    {
        "id": 669,
        "Barcode": "86900000669",
        "ProductName": "Frozen Beef Patties",
        "Description": "Juicy frozen beef patties.",
        "Price": 35.0,
        "Stock": 70,
        "imageUrl": "https://encrypted-tbn0.gstatic.com/images?q=tbn:ANd9GcSbdMiL0k99mbeI2n5J4r49c_yXAsJk4nujNQ&s",
        "imageName": "",
        "Weighable": false,
        "Campaign1": false,
        "Campaign2": false,
        "Category": "Frozen",
        "CategoryId": 8
    },
    {
        "id": 670,
        "Barcode": "86900000670",
        "ProductName": "Frozen Beef Patties",
        "Description": "Juicy frozen beef patties.",
        "Price": 35.0,
        "Stock": 70,
        "imageUrl": "https://encrypted-tbn0.gstatic.com/images?q=tbn:ANd9GcSbdMiL0k99mbeI2n5J4r49c_yXAsJk4nujNQ&s",
        "imageName": "",
        "Weighable": false,
        "Campaign1": true,
        "Campaign2": false,
        "Category": "Frozen",
        "CategoryId": 8
    },
    {
        "id": 671,
        "Barcode": "86900000671",
        "ProductName": "Frozen Chicken Breast",
        "Description": "Lean frozen chicken breast.",
        "Price": 27.9,
        "Stock": 120,
        "imageUrl": "https://encrypted-tbn0.gstatic.com/images?q=tbn:ANd9GcTUm02R_yXoVod3r1l468jVSmqckh6mGZuevQ&s",
        "imageName": "",
        "Weighable": false,
        "Campaign1": true,
        "Campaign2": false,
        "Category": "Frozen",
        "CategoryId": 8
    },
    {
        "id": 672,
        "Barcode": "86900000672",
        "ProductName": "Frozen Blueberries",
        "Description": "Fresh frozen blueberries.",
        "Price": 24.5,
        "Stock": 90,
        "imageUrl": "https://encrypted-tbn0.gstatic.com/images?q=tbn:ANd9GcQH2wJ22VS0LCCulgYQcFp-mm1nRsmhEKAolQ&s",
        "imageName": "",
        "Weighable": false,
        "Campaign1": false,
        "Campaign2": false,
        "Category": "Frozen",
        "CategoryId": 8
    },
    {
        "id": 673,
        "Barcode": "86900000673",
        "ProductName": "Frozen Blueberries",
        "Description": "Fresh frozen blueberries.",
        "Price": 24.5,
        "Stock": 90,
        "imageUrl": "https://encrypted-tbn0.gstatic.com/images?q=tbn:ANd9GcQH2wJ22VS0LCCulgYQcFp-mm1nRsmhEKAolQ&s",
        "imageName": "",
        "Weighable": false,
        "Campaign1": true,
        "Campaign2": false,
        "Category": "Frozen",
        "CategoryId": 8
    },
    {
        "id": 674,
        "Barcode": "86900000674",
        "ProductName": "Frozen Mango Slices",
        "Description": "Sweet frozen mango slices.",
        "Price": 29.9,
        "Stock": 60,
        "imageUrl": "https://ui.assets-asda.com/dm/5054070692097",
        "imageName": "",
        "Weighable": false,
        "Campaign1": false,
        "Campaign2": false,
        "Category": "Frozen",
        "CategoryId": 8
    },
    {
        "id": 675,
        "Barcode": "86900000675",
        "ProductName": "Frozen Mango Slices",
        "Description": "Sweet frozen mango slices.",
        "Price": 29.9,
        "Stock": 60,
        "imageUrl": "https://ui.assets-asda.com/dm/5054070692097",
        "imageName": "",
        "Weighable": false,
        "Campaign1": true,
        "Campaign2": false,
        "Category": "Frozen",
        "CategoryId": 8
    },
    {
        "id": 676,
        "Barcode": "86900000676",
        "ProductName": "Frozen Turkey Burgers",
        "Description": "Healthy frozen turkey burgers.",
        "Price": 33.5,
        "Stock": 80,
        "imageUrl": "https://s7d5.scene7.com/is/image/CentralMarket/001485162-1",
        "imageName": "",
        "Weighable": false,
        "Campaign1": false,
        "Campaign2": false,
        "Category": "Frozen",
        "CategoryId": 8
    },
    {
        "id": 677,
        "Barcode": "86900000677",
        "ProductName": "Frozen Turkey Burgers",
        "Description": "Healthy frozen turkey burgers.",
        "Price": 33.5,
        "Stock": 80,
        "imageUrl": "https://s7d5.scene7.com/is/image/CentralMarket/001485162-1",
        "imageName": "",
        "Weighable": false,
        "Campaign1": true,
        "Campaign2": false,
        "Category": "Frozen",
        "CategoryId": 8
    },
    {
        "id": 678,
        "Barcode": "86900000678",
        "ProductName": "Frozen Salmon Fillets",
        "Description": "Fresh frozen salmon fillets.",
        "Price": 50.0,
        "Stock": 70,
        "imageUrl": "https://ui.assets-asda.com/dm/5057172033065",
        "imageName": "",
        "Weighable": false,
        "Campaign1": false,
        "Campaign2": false,
        "Category": "Frozen",
        "CategoryId": 8
    },
    {
        "id": 679,
        "Barcode": "86900000679",
        "ProductName": "Frozen Salmon Fillets",
        "Description": "Fresh frozen salmon fillets.",
        "Price": 50.0,
        "Stock": 70,
        "imageUrl": "https://ui.assets-asda.com/dm/5057172033065",
        "imageName": "",
        "Weighable": false,
        "Campaign1": true,
        "Campaign2": false,
        "Category": "Frozen",
        "CategoryId": 8
    },
    {
        "id": 680,
        "Barcode": "86900000680",
        "ProductName": "Frozen Meatballs",
        "Description": "Tasty frozen meatballs.",
        "Price": 40.0,
        "Stock": 90,
        "imageUrl": "https://target.scene7.com/is/image/Target/GUEST_787fcec6-0ff2-4627-a2f9-c0ee6ed6c5f3",
        "imageName": "",
        "Weighable": false,
        "Campaign1": false,
        "Campaign2": false,
        "Category": "Frozen",
        "CategoryId": 8
    },
    {
        "id": 681,
        "Barcode": "86900000681",
        "ProductName": "Frozen Meatballs",
        "Description": "Tasty frozen meatballs.",
        "Price": 40.0,
        "Stock": 90,
        "imageUrl": "https://target.scene7.com/is/image/Target/GUEST_787fcec6-0ff2-4627-a2f9-c0ee6ed6c5f3",
        "imageName": "",
        "Weighable": false,
        "Campaign1": true,
        "Campaign2": false,
        "Category": "Frozen",
        "CategoryId": 8
    },
    {
        "id": 682,
        "Barcode": "86900000682",
        "ProductName": "Frozen Veggie Burgers",
        "Description": "Healthy frozen veggie burgers.",
        "Price": 35.0,
        "Stock": 70,
        "imageUrl": "https://target.scene7.com/is/image/Target/GUEST_5b2ecac3-d41c-42c8-9f26-e8c6f20a15e9",
        "imageName": "",
        "Weighable": false,
        "Campaign1": false,
        "Campaign2": false,
        "Category": "Frozen",
        "CategoryId": 8
    },
    {
        "id": 683,
        "Barcode": "86900000683",
        "ProductName": "Frozen Veggie Burgers",
        "Description": "Healthy frozen veggie burgers.",
        "Price": 35.0,
        "Stock": 70,
        "imageUrl": "https://target.scene7.com/is/image/Target/GUEST_5b2ecac3-d41c-42c8-9f26-e8c6f20a15e9",
        "imageName": "",
        "Weighable": false,
        "Campaign1": true,
        "Campaign2": false,
        "Category": "Frozen",
        "CategoryId": 8
    },
    {
        "id": 684,
        "Barcode": "86900000684",
        "ProductName": "Frozen Onion Rings",
        "Description": "Crispy frozen onion rings.",
        "Price": 15.9,
        "Stock": 200,
        "imageUrl": "https://encrypted-tbn0.gstatic.com/images?q=tbn:ANd9GcSHi0tt1FIhLvT7YHhpr2Cgz-3jVAgkghN0zQ&s",
        "imageName": "",
        "Weighable": false,
        "Campaign1": false,
        "Campaign2": false,
        "Category": "Frozen",
        "CategoryId": 8
    },
    {
        "id": 685,
        "Barcode": "86900000685",
        "ProductName": "Frozen Onion Rings",
        "Description": "Crispy frozen onion rings.",
        "Price": 15.9,
        "Stock": 200,
        "imageUrl": "https://encrypted-tbn0.gstatic.com/images?q=tbn:ANd9GcSHi0tt1FIhLvT7YHhpr2Cgz-3jVAgkghN0zQ&s",
        "imageName": "",
        "Weighable": false,
        "Campaign1": true,
        "Campaign2": false,
        "Category": "Frozen",
        "CategoryId": 8
    },
    {
        "id": 686,
        "Barcode": "86900000686",
        "ProductName": "Frozen Breaded Chicken",
        "Description": "Crispy frozen breaded chicken.",
        "Price": 30.9,
        "Stock": 100,
        "imageUrl": "https://m.media-amazon.com/images/I/51fPHofG1lL._SS400_.jpg",
        "imageName": "",
        "Weighable": false,
        "Campaign1": false,
        "Campaign2": false,
        "Category": "Frozen",
        "CategoryId": 8
    },
    {
        "id": 687,
        "Barcode": "86900000687",
        "ProductName": "Frozen Breaded Chicken",
        "Description": "Crispy frozen breaded chicken.",
        "Price": 30.9,
        "Stock": 100,
        "imageUrl": "https://m.media-amazon.com/images/I/51fPHofG1lL._SS400_.jpg",
        "imageName": "",
        "Weighable": false,
        "Campaign1": true,
        "Campaign2": false,
        "Category": "Frozen",
        "CategoryId": 8
    },
    {
        "id": 688,
        "Barcode": "86900000688",
        "ProductName": "Frozen Apple Slices",
        "Description": "Sweet frozen apple slices.",
        "Price": 18.9,
        "Stock": 150,
        "imageUrl": "https://target.scene7.com/is/image/Target/GUEST_ec31bee8-bd23-45d3-bb18-5d0f6480d789",
        "imageName": "",
        "Weighable": false,
        "Campaign1": false,
        "Campaign2": false,
        "Category": "Frozen",
        "CategoryId": 8
    },
    {
        "id": 689,
        "Barcode": "86900000689",
        "ProductName": "Frozen Apple Slices",
        "Description": "Sweet frozen apple slices.",
        "Price": 18.9,
        "Stock": 150,
        "imageUrl": "https://target.scene7.com/is/image/Target/GUEST_ec31bee8-bd23-45d3-bb18-5d0f6480d789",
        "imageName": "",
        "Weighable": false,
        "Campaign1": true,
        "Campaign2": false,
        "Category": "Frozen",
        "CategoryId": 8
    },
    {
        "id": 690,
        "Barcode": "86900000690",
        "ProductName": "Frozen Cherry Pie",
        "Description": "Delicious frozen cherry pie.",
        "Price": 22.9,
        "Stock": 80,
        "imageUrl": "https://target.scene7.com/is/image/Target/GUEST_93890e61-d34b-44ac-8f62-4170d148a27f",
        "imageName": "",
        "Weighable": false,
        "Campaign1": false,
        "Campaign2": false,
        "Category": "Frozen",
        "CategoryId": 8
    },
    {
        "id": 691,
        "Barcode": "86900000691",
        "ProductName": "Frozen Cherry Pie",
        "Description": "Delicious frozen cherry pie.",
        "Price": 22.9,
        "Stock": 80,
        "imageUrl": "https://target.scene7.com/is/image/Target/GUEST_93890e61-d34b-44ac-8f62-4170d148a27f",
        "imageName": "",
        "Weighable": false,
        "Campaign1": true,
        "Campaign2": false,
        "Category": "Frozen",
        "CategoryId": 8
    },
    {
        "id": 692,
        "Barcode": "86900000692",
        "ProductName": "Frozen Blackberries",
        "Description": "Fresh frozen blackberries.",
        "Price": 21.5,
        "Stock": 90,
        "imageUrl": "https://encrypted-tbn0.gstatic.com/images?q=tbn:ANd9GcQFviw9QxDwt8KRXfVwuRUwJEqc3rlrzm2XHA&s",
        "imageName": "",
        "Weighable": false,
        "Campaign1": true,
        "Campaign2": false,
        "Category": "Frozen",
        "CategoryId": 8
    },
    {
        "id": 693,
        "Barcode": "86900000693",
        "ProductName": "Frozen Spinach",
        "Description": "Nutritious frozen spinach.",
        "Price": 18.9,
        "Stock": 200,
        "imageUrl": "https://buymassry.com/images/thumbnails/400/400/detailed/20/Spinch1.jpg",
        "imageName": "",
        "Weighable": false,
        "Campaign1": false,
        "Campaign2": false,
        "Category": "Frozen",
        "CategoryId": 8
    },
    {
        "id": 694,
        "Barcode": "86900000694",
        "ProductName": "Frozen Spinach",
        "Description": "Nutritious frozen spinach.",
        "Price": 18.9,
        "Stock": 200,
        "imageUrl": "https://buymassry.com/images/thumbnails/400/400/detailed/20/Spinch1.jpg",
        "imageName": "",
        "Weighable": false,
        "Campaign1": true,
        "Campaign2": false,
        "Category": "Frozen",
        "CategoryId": 8
    },
    {
        "id": 695,
        "Barcode": "86900000695",
        "ProductName": "Frozen Sweet Corn",
        "Description": "Sweet frozen corn kernels.",
        "Price": 15.5,
        "Stock": 250,
        "imageUrl": "https://encrypted-tbn0.gstatic.com/images?q=tbn:ANd9GcSvf1076zRxCEqwwQ_7aykzPhnLPe4yVZrbXg&s",
        "imageName": "",
        "Weighable": false,
        "Campaign1": false,
        "Campaign2": false,
        "Category": "Frozen",
        "CategoryId": 8
    },
    {
        "id": 696,
        "Barcode": "86900000696",
        "ProductName": "Frozen Sweet Corn",
        "Description": "Sweet frozen corn kernels.",
        "Price": 15.5,
        "Stock": 250,
        "imageUrl": "https://encrypted-tbn0.gstatic.com/images?q=tbn:ANd9GcSvf1076zRxCEqwwQ_7aykzPhnLPe4yVZrbXg&s",
        "imageName": "",
        "Weighable": false,
        "Campaign1": true,
        "Campaign2": false,
        "Category": "Frozen",
        "CategoryId": 8
    },
    {
        "id": 697,
        "Barcode": "86900000697",
        "ProductName": "Frozen Peas",
        "Description": "Fresh frozen peas.",
        "Price": 13.9,
        "Stock": 300,
        "imageUrl": "https://buymassry.com/images/detailed/19/1_as2m-12.jpg",
        "imageName": "",
        "Weighable": false,
        "Campaign1": false,
        "Campaign2": false,
        "Category": "Frozen",
        "CategoryId": 8
    },
    {
        "id": 698,
        "Barcode": "86900000698",
        "ProductName": "Frozen Peas",
        "Description": "Fresh frozen peas.",
        "Price": 13.9,
        "Stock": 300,
        "imageUrl": "https://buymassry.com/images/detailed/19/1_as2m-12.jpg",
        "imageName": "",
        "Weighable": false,
        "Campaign1": true,
        "Campaign2": false,
        "Category": "Frozen",
        "CategoryId": 8
    },
    {
        "id": 699,
        "Barcode": "86900000699",
        "ProductName": "Frozen Carrots",
        "Description": "Fresh frozen carrots.",
        "Price": 14.5,
        "Stock": 200,
        "imageUrl": "https://buymassry.com/images/thumbnails/400/400/detailed/20/carrots.jpg",
        "imageName": "",
        "Weighable": false,
        "Campaign1": false,
        "Campaign2": false,
        "Category": "Frozen",
        "CategoryId": 8
    },
    {
        "id": 700,
        "Barcode": "86900000700",
        "ProductName": "Frozen Carrots",
        "Description": "Fresh frozen carrots.",
        "Price": 14.5,
        "Stock": 200,
        "imageUrl": "https://buymassry.com/images/thumbnails/400/400/detailed/20/carrots.jpg",
        "imageName": "",
        "Weighable": false,
        "Campaign1": true,
        "Campaign2": false,
        "Category": "Frozen",
        "CategoryId": 8
    },
    {
        "id": 701,
        "Barcode": "86900000701",
        "ProductName": "Frozen Green Peas",
        "Description": "Sweet frozen green peas.",
        "Price": 12.9,
        "Stock": 300,
        "imageUrl": "https://buymassry.com/images/detailed/19/1_as2m-12.jpg",
        "imageName": "",
        "Weighable": false,
        "Campaign1": false,
        "Campaign2": false,
        "Category": "Frozen",
        "CategoryId": 8
    },
    {
        "id": 702,
        "Barcode": "86900000702",
        "ProductName": "Frozen Green Peas",
        "Description": "Sweet frozen green peas.",
        "Price": 12.9,
        "Stock": 300,
        "imageUrl": "https://buymassry.com/images/detailed/19/1_as2m-12.jpg",
        "imageName": "",
        "Weighable": false,
        "Campaign1": true,
        "Campaign2": false,
        "Category": "Frozen",
        "CategoryId": 8
    },
    {
        "id": 703,
        "Barcode": "86900000703",
        "ProductName": "Frozen Mixed Vegetables",
        "Description": "Blend of frozen peas, carrots, and corn.",
        "Price": 18.9,
        "Stock": 150,
        "imageUrl": "https://cdn-prd-02.pnp.co.za/sys-master/images/h60/h34/11223010574366/silo-product-image-v2-15Jul2023-180121-6009650905134-Straight_on-161495-417_400Wx400H",
        "imageName": "",
        "Weighable": false,
        "Campaign1": false,
        "Campaign2": false,
        "Category": "Frozen",
        "CategoryId": 8
    },
    {
        "id": 704,
        "Barcode": "86900000704",
        "ProductName": "Frozen Mixed Vegetables",
        "Description": "Blend of frozen peas, carrots, and corn.",
        "Price": 18.9,
        "Stock": 150,
        "imageUrl": "https://cdn-prd-02.pnp.co.za/sys-master/images/h60/h34/11223010574366/silo-product-image-v2-15Jul2023-180121-6009650905134-Straight_on-161495-417_400Wx400H",
        "imageName": "",
        "Weighable": false,
        "Campaign1": true,
        "Campaign2": false,
        "Category": "Frozen",
        "CategoryId": 8
    },
    {
        "id": 705,
        "Barcode": "86900000705",
        "ProductName": "Frozen Cherries",
        "Description": "Sweet frozen cherries.",
        "Price": 25.9,
        "Stock": 130,
        "imageUrl": "https://target.scene7.com/is/image/Target/GUEST_be76a5fd-689f-43d3-b5df-d23876466620",
        "imageName": "",
        "Weighable": false,
        "Campaign1": false,
        "Campaign2": false,
        "Category": "Frozen",
        "CategoryId": 8
    },
    {
        "id": 706,
        "Barcode": "86900000706",
        "ProductName": "Frozen Cherries",
        "Description": "Sweet frozen cherries.",
        "Price": 25.9,
        "Stock": 130,
        "imageUrl": "https://target.scene7.com/is/image/Target/GUEST_be76a5fd-689f-43d3-b5df-d23876466620",
        "imageName": "",
        "Weighable": false,
        "Campaign1": true,
        "Campaign2": false,
        "Category": "Frozen",
        "CategoryId": 8
    },
    {
        "id": 707,
        "Barcode": "86900000707",
        "ProductName": "Frozen Peaches",
        "Description": "Juicy frozen peach slices.",
        "Price": 22.9,
        "Stock": 120,
        "imageUrl": "https://target.scene7.com/is/image/Target/GUEST_b506021e-ec56-4de7-8f8d-d21688faa80d",
        "imageName": "",
        "Weighable": false,
        "Campaign1": false,
        "Campaign2": false,
        "Category": "Frozen",
        "CategoryId": 8
    },
    {
        "id": 708,
        "Barcode": "86900000708",
        "ProductName": "Frozen Peaches",
        "Description": "Juicy frozen peach slices.",
        "Price": 22.9,
        "Stock": 120,
        "imageUrl": "https://target.scene7.com/is/image/Target/GUEST_b506021e-ec56-4de7-8f8d-d21688faa80d",
        "imageName": "",
        "Weighable": false,
        "Campaign1": true,
        "Campaign2": false,
        "Category": "Frozen",
        "CategoryId": 8
    },
    {
        "id": 709,
        "Barcode": "86900000709",
        "ProductName": "Frozen Mixed Fruit",
        "Description": "Blend of frozen strawberries, pineapple, and mango.",
        "Price": 27.9,
        "Stock": 140,
        "imageUrl": "https://scene7.samsclub.com/is/image/samsclub/0019396831871_A",
        "imageName": "",
        "Weighable": false,
        "Campaign1": false,
        "Campaign2": false,
        "Category": "Frozen",
        "CategoryId": 8
    },
    {
        "id": 710,
        "Barcode": "86900000710",
        "ProductName": "Frozen Mixed Fruit",
        "Description": "Blend of frozen strawberries, pineapple, and mango.",
        "Price": 27.9,
        "Stock": 140,
        "imageUrl": "https://scene7.samsclub.com/is/image/samsclub/0019396831871_A",
        "imageName": "",
        "Weighable": false,
        "Campaign1": true,
        "Campaign2": false,
        "Category": "Frozen",
        "CategoryId": 8
    },
    {
        "id": 711,
        "Barcode": "86900000711",
        "ProductName": "Frozen Asparagus",
        "Description": "Fresh frozen asparagus.",
        "Price": 23.5,
        "Stock": 110,
        "imageUrl": "https://target.scene7.com/is/image/Target/GUEST_5228df5a-caaf-49e7-8cce-c5efeb240a23",
        "imageName": "",
        "Weighable": false,
        "Campaign1": false,
        "Campaign2": false,
        "Category": "Frozen",
        "CategoryId": 8
    },
    {
        "id": 712,
        "Barcode": "86900000712",
        "ProductName": "Frozen Asparagus",
        "Description": "Fresh frozen asparagus.",
        "Price": 23.5,
        "Stock": 110,
        "imageUrl": "https://target.scene7.com/is/image/Target/GUEST_5228df5a-caaf-49e7-8cce-c5efeb240a23",
        "imageName": "",
        "Weighable": false,
        "Campaign1": true,
        "Campaign2": false,
        "Category": "Frozen",
        "CategoryId": 8
    },
    {
        "id": 713,
        "Barcode": "86900000713",
        "ProductName": "Frozen Squash",
        "Description": "Fresh frozen squash.",
        "Price": 19.9,
        "Stock": 100,
        "imageUrl": "https://encrypted-tbn0.gstatic.com/images?q=tbn:ANd9GcRzkDOBm5d2vzXqT9WNP1tdqRP6RTkEIFPQ6g&s",
        "imageName": "",
        "Weighable": false,
        "Campaign1": true,
        "Campaign2": false,
        "Category": "Frozen",
        "CategoryId": 8
    },
    {
        "id": 714,
        "Barcode": "86900000714",
        "ProductName": "Frozen Broccoli",
        "Description": "Fresh frozen broccoli florets.",
        "Price": 20.5,
        "Stock": 180,
        "imageUrl": "https://buymassry.com/images/thumbnails/400/400/detailed/20/broccoli.jpg",
        "imageName": "",
        "Weighable": false,
        "Campaign1": false,
        "Campaign2": false,
        "Category": "Frozen",
        "CategoryId": 8
    },
    {
        "id": 715,
        "Barcode": "86900000715",
        "ProductName": "Frozen Broccoli",
        "Description": "Fresh frozen broccoli florets.",
        "Price": 20.5,
        "Stock": 180,
        "imageUrl": "https://buymassry.com/images/thumbnails/400/400/detailed/20/broccoli.jpg",
        "imageName": "",
        "Weighable": false,
        "Campaign1": true,
        "Campaign2": false,
        "Category": "Frozen",
        "CategoryId": 8
    },
    {
        "id": 716,
        "Barcode": "86900000716",
        "ProductName": "Frozen Cauliflower",
        "Description": "Fresh frozen cauliflower florets.",
        "Price": 21.0,
        "Stock": 160,
        "imageUrl": "https://www.airnd.co.za/cdn/shop/files/pnp-frozen-cauliflower-florets-1kg-473792.jpg?v=1714469023",
        "imageName": "",
        "Weighable": false,
        "Campaign1": false,
        "Campaign2": false,
        "Category": "Frozen",
        "CategoryId": 8
    },
    {
        "id": 717,
        "Barcode": "86900000717",
        "ProductName": "Frozen Cauliflower",
        "Description": "Fresh frozen cauliflower florets.",
        "Price": 21.0,
        "Stock": 160,
        "imageUrl": "https://www.airnd.co.za/cdn/shop/files/pnp-frozen-cauliflower-florets-1kg-473792.jpg?v=1714469023",
        "imageName": "",
        "Weighable": false,
        "Campaign1": true,
        "Campaign2": false,
        "Category": "Frozen",
        "CategoryId": 8
    },
    {
        "id": 718,
        "Barcode": "86900000718",
        "ProductName": "Frozen Strawberries",
        "Description": "Sweet frozen strawberries.",
        "Price": 24.9,
        "Stock": 150,
        "imageUrl": "https://buymassry.com/images/thumbnails/400/400/detailed/20/2_x047-tr.jpg",
        "imageName": "",
        "Weighable": false,
        "Campaign1": false,
        "Campaign2": false,
        "Category": "Frozen",
        "CategoryId": 8
    },
    {
        "id": 719,
        "Barcode": "86900000719",
        "ProductName": "Frozen Strawberries",
        "Description": "Sweet frozen strawberries.",
        "Price": 24.9,
        "Stock": 150,
        "imageUrl": "https://buymassry.com/images/thumbnails/400/400/detailed/20/2_x047-tr.jpg",
        "imageName": "",
        "Weighable": false,
        "Campaign1": true,
        "Campaign2": false,
        "Category": "Frozen",
        "CategoryId": 8
    },
    {
        "id": 720,
        "Barcode": "86900000720",
        "ProductName": "Frozen Mango",
        "Description": "Juicy frozen mango chunks.",
        "Price": 29.9,
        "Stock": 120,
        "imageUrl": "https://buymassry.com/images/detailed/20/mango_imw5-s8.jpg",
        "imageName": "",
        "Weighable": false,
        "Campaign1": false,
        "Campaign2": false,
        "Category": "Frozen",
        "CategoryId": 8
    },
    {
        "id": 721,
        "Barcode": "86900000721",
        "ProductName": "Frozen Mango",
        "Description": "Juicy frozen mango chunks.",
        "Price": 29.9,
        "Stock": 120,
        "imageUrl": "https://buymassry.com/images/detailed/20/mango_imw5-s8.jpg",
        "imageName": "",
        "Weighable": false,
        "Campaign1": true,
        "Campaign2": false,
        "Category": "Frozen",
        "CategoryId": 8
    },
    {
        "id": 722,
        "Barcode": "86900000722",
        "ProductName": "Frozen Pineapple",
        "Description": "Sweet frozen pineapple chunks.",
        "Price": 26.9,
        "Stock": 130,
        "imageUrl": "https://cdn-prd-02.pnp.co.za/sys-master/images/he6/he5/11375335866398/silo-product-image-v2-01Mar2024-180148-6009709090552-Straight_on-211403-2655_400Wx400H",
        "imageName": "",
        "Weighable": false,
        "Campaign1": false,
        "Campaign2": false,
        "Category": "Frozen",
        "CategoryId": 8
    },
    {
        "id": 723,
        "Barcode": "86900000723",
        "ProductName": "Frozen Pineapple",
        "Description": "Sweet frozen pineapple chunks.",
        "Price": 26.9,
        "Stock": 130,
        "imageUrl": "https://cdn-prd-02.pnp.co.za/sys-master/images/he6/he5/11375335866398/silo-product-image-v2-01Mar2024-180148-6009709090552-Straight_on-211403-2655_400Wx400H",
        "imageName": "",
        "Weighable": false,
        "Campaign1": true,
        "Campaign2": false,
        "Category": "Frozen",
        "CategoryId": 8
    },
    {
        "id": 724,
        "Barcode": "86900000724",
        "ProductName": "Frozen Raspberries",
        "Description": "Fresh frozen raspberries.",
        "Price": 28.5,
        "Stock": 140,
        "imageUrl": "https://encrypted-tbn0.gstatic.com/images?q=tbn:ANd9GcRSzQntxDB2CyuPzot-PDosBnMS9DvH6qiI3g&s",
        "imageName": "",
        "Weighable": false,
        "Campaign1": false,
        "Campaign2": false,
        "Category": "Frozen",
        "CategoryId": 8
    },
    {
        "id": 725,
        "Barcode": "86900000725",
        "ProductName": "Frozen Raspberries",
        "Description": "Fresh frozen raspberries.",
        "Price": 28.5,
        "Stock": 140,
        "imageUrl": "https://encrypted-tbn0.gstatic.com/images?q=tbn:ANd9GcRSzQntxDB2CyuPzot-PDosBnMS9DvH6qiI3g&s",
        "imageName": "",
        "Weighable": false,
        "Campaign1": true,
        "Campaign2": false,
        "Category": "Frozen",
        "CategoryId": 8
    },
    {
        "id": 726,
        "Barcode": "86900000726",
        "ProductName": "Frozen Plums",
        "Description": "Sweet frozen plum slices.",
        "Price": 23.9,
        "Stock": 110,
        "imageUrl": "https://secure.auifinefoods.com/img/product/6550470000_1-B.jpg?fv=06B508C320F1C2775DDD2CA2D7EC0505",
        "imageName": "",
        "Weighable": false,
        "Campaign1": false,
        "Campaign2": false,
        "Category": "Frozen",
        "CategoryId": 8
    },
    {
        "id": 727,
        "Barcode": "86900000727",
        "ProductName": "Frozen Plums",
        "Description": "Sweet frozen plum slices.",
        "Price": 23.9,
        "Stock": 110,
        "imageUrl": "https://secure.auifinefoods.com/img/product/6550470000_1-B.jpg?fv=06B508C320F1C2775DDD2CA2D7EC0505",
        "imageName": "",
        "Weighable": false,
        "Campaign1": true,
        "Campaign2": false,
        "Category": "Frozen",
        "CategoryId": 8
    },
    {
        "id": 728,
        "Barcode": "86900000728",
        "ProductName": "Frozen Edamame",
        "Description": "Nutritious frozen edamame.",
        "Price": 22.5,
        "Stock": 140,
        "imageUrl": "https://encrypted-tbn0.gstatic.com/images?q=tbn:ANd9GcQLIAkqeFOFcqQAv-Rb2ZEEIX2Vrn6I1H-7LA&s",
        "imageName": "",
        "Weighable": false,
        "Campaign1": false,
        "Campaign2": false,
        "Category": "Frozen",
        "CategoryId": 8
    },
    {
        "id": 729,
        "Barcode": "86900000729",
        "ProductName": "Frozen Edamame",
        "Description": "Nutritious frozen edamame.",
        "Price": 22.5,
        "Stock": 140,
        "imageUrl": "https://encrypted-tbn0.gstatic.com/images?q=tbn:ANd9GcQLIAkqeFOFcqQAv-Rb2ZEEIX2Vrn6I1H-7LA&s",
        "imageName": "",
        "Weighable": false,
        "Campaign1": true,
        "Campaign2": false,
        "Category": "Frozen",
        "CategoryId": 8
    },
    {
        "id": 730,
        "Barcode": "86900000730",
        "ProductName": "Frozen Blackberries",
        "Description": "Fresh frozen blackberries.",
        "Price": 21.5,
        "Stock": 90,
        "imageUrl": "https://target.scene7.com/is/image/Target/GUEST_223d0822-fb7d-4a85-8c28-c7ffce425010",
        "imageName": "",
        "Weighable": false,
        "Campaign1": false,
        "Campaign2": false,
        "Category": "Frozen",
        "CategoryId": 8
    },
    {
        "id": 731,
        "Barcode": "86900000731",
        "ProductName": "Frozen Mixed Berries",
        "Description": "Blend of frozen strawberries, blueberries, and raspberries.",
        "Price": 26.9,
        "Stock": 120,
        "imageUrl": "https://target.scene7.com/is/image/Target/GUEST_223d0822-fb7d-4a85-8c28-c7ffce425010",
        "imageName": "",
        "Weighable": false,
        "Campaign1": false,
        "Campaign2": false,
        "Category": "Frozen",
        "CategoryId": 8
    },
    {
        "id": 732,
        "Barcode": "86900000732",
        "ProductName": "Frozen Mixed Berries",
        "Description": "Blend of frozen strawberries, blueberries, and raspberries.",
        "Price": 26.9,
        "Stock": 120,
        "imageUrl": "https://target.scene7.com/is/image/Target/GUEST_223d0822-fb7d-4a85-8c28-c7ffce425010",
        "imageName": "",
        "Weighable": false,
        "Campaign1": true,
        "Campaign2": false,
        "Category": "Frozen",
        "CategoryId": 8
    },
    {
        "id": 733,
        "Barcode": "86900000733",
        "ProductName": "Frozen Brussels Sprouts",
        "Description": "Fresh frozen Brussels sprouts.",
        "Price": 19.5,
        "Stock": 160,
        "imageUrl": "https://ui.assets-asda.com/dm/5050854264535",
        "imageName": "",
        "Weighable": false,
        "Campaign1": false,
        "Campaign2": false,
        "Category": "Frozen",
        "CategoryId": 8
    },
    {
        "id": 734,
        "Barcode": "86900000734",
        "ProductName": "Frozen Brussels Sprouts",
        "Description": "Fresh frozen Brussels sprouts.",
        "Price": 19.5,
        "Stock": 160,
        "imageUrl": "https://ui.assets-asda.com/dm/5050854264535",
        "imageName": "",
        "Weighable": false,
        "Campaign1": true,
        "Campaign2": false,
        "Category": "Frozen",
        "CategoryId": 8
    },
    {
        "id": 735,
        "Barcode": "86900000735",
        "ProductName": "Frozen Mango Sorbet",
        "Description": "Refreshing frozen mango sorbet.",
        "Price": 17.9,
        "Stock": 200,
        "imageUrl": "https://safqat.s3.ap-south-1.amazonaws.com/products/994c3571ed8709ffb741df103743debe-Frame%2016%20%2829%29.png",
        "imageName": "",
        "Weighable": false,
        "Campaign1": false,
        "Campaign2": false,
        "Category": "Frozen",
        "CategoryId": 8
    },
    {
        "id": 736,
        "Barcode": "86900000736",
        "ProductName": "Frozen Mango Sorbet",
        "Description": "Refreshing frozen mango sorbet.",
        "Price": 17.9,
        "Stock": 200,
        "imageUrl": "https://safqat.s3.ap-south-1.amazonaws.com/products/994c3571ed8709ffb741df103743debe-Frame%2016%20%2829%29.png",
        "imageName": "",
        "Weighable": false,
        "Campaign1": true,
        "Campaign2": false,
        "Category": "Frozen",
        "CategoryId": 8
    },
    {
        "id": 737,
        "Barcode": "86900000737",
        "ProductName": "Frozen Apple Sorbet",
        "Description": "Refreshing frozen apple sorbet.",
        "Price": 16.9,
        "Stock": 180,
        "imageUrl": "https://s.yimg.com/ny/api/res/1.2/55l393lIMsW3rdNwK8n7DQ--/YXBwaWQ9aGlnaGxhbmRlcjt3PTY0MDtoPTY0MA--/https://media.zenfs.com/en/prnewswire.com/7111b18f381c2987bbfeb37d91776ea8",
        "imageName": "",
        "Weighable": false,
        "Campaign1": false,
        "Campaign2": false,
        "Category": "Frozen",
        "CategoryId": 8
    },
    {
        "id": 738,
        "Barcode": "86900000738",
        "ProductName": "Frozen Apple Sorbet",
        "Description": "Refreshing frozen apple sorbet.",
        "Price": 16.9,
        "Stock": 180,
        "imageUrl": "https://s.yimg.com/ny/api/res/1.2/55l393lIMsW3rdNwK8n7DQ--/YXBwaWQ9aGlnaGxhbmRlcjt3PTY0MDtoPTY0MA--/https://media.zenfs.com/en/prnewswire.com/7111b18f381c2987bbfeb37d91776ea8",
        "imageName": "",
        "Weighable": false,
        "Campaign1": true,
        "Campaign2": false,
        "Category": "Frozen",
        "CategoryId": 8
    },
    {
        "id": 739,
        "Barcode": "86900000739",
        "ProductName": "Frozen Raspberry Sorbet",
        "Description": "Refreshing frozen raspberry sorbet.",
        "Price": 18.9,
        "Stock": 170,
        "imageUrl": "https://encrypted-tbn0.gstatic.com/images?q=tbn:ANd9GcSLPWvXPa87Sx07wQ8NzQ8Xc43USCBS_7hFpQ&s",
        "imageName": "",
        "Weighable": false,
        "Campaign1": false,
        "Campaign2": false,
        "Category": "Frozen",
        "CategoryId": 8
    },
    {
        "id": 740,
        "Barcode": "86900000740",
        "ProductName": "Frozen Raspberry Sorbet",
        "Description": "Refreshing frozen raspberry sorbet.",
        "Price": 18.9,
        "Stock": 170,
        "imageUrl": "https://encrypted-tbn0.gstatic.com/images?q=tbn:ANd9GcSLPWvXPa87Sx07wQ8NzQ8Xc43USCBS_7hFpQ&s",
        "imageName": "",
        "Weighable": false,
        "Campaign1": true,
        "Campaign2": false,
        "Category": "Frozen",
        "CategoryId": 8
    },
    {
        "id": 741,
        "Barcode": "86900000741",
        "ProductName": "Frozen Strawberry Sorbet",
        "Description": "Refreshing frozen strawberry sorbet.",
        "Price": 19.9,
        "Stock": 160,
        "imageUrl": "https://i.mctimg.com/cdn-cgi/image/w=400,h=400,fit=pad/https://i.mctimg.com/file/db77a35af1fd167bc177b91707c451e997bd2f68/e91717eaf31d6f365893356827d66c88077a7263015f8036ba4078d233f35104",
        "imageName": "",
        "Weighable": false,
        "Campaign1": false,
        "Campaign2": false,
        "Category": "Frozen",
        "CategoryId": 8
    },
    {
        "id": 742,
        "Barcode": "86900000742",
        "ProductName": "Frozen Strawberry Sorbet",
        "Description": "Refreshing frozen strawberry sorbet.",
        "Price": 19.9,
        "Stock": 160,
        "imageUrl": "https://i.mctimg.com/cdn-cgi/image/w=400,h=400,fit=pad/https://i.mctimg.com/file/db77a35af1fd167bc177b91707c451e997bd2f68/e91717eaf31d6f365893356827d66c88077a7263015f8036ba4078d233f35104",
        "imageName": "",
        "Weighable": false,
        "Campaign1": true,
        "Campaign2": false,
        "Category": "Frozen",
        "CategoryId": 8
    },
    {
        "id": 743,
        "Barcode": "86900000743",
        "ProductName": "Frozen Peach Sorbet",
        "Description": "Refreshing frozen peach sorbet.",
        "Price": 18.5,
        "Stock": 170,
        "imageUrl": "https://files.5dakot.com/18459/conversions/4914-thumb.jpg",
        "imageName": "",
        "Weighable": false,
        "Campaign1": false,
        "Campaign2": false,
        "Category": "Frozen",
        "CategoryId": 8
    },
    {
        "id": 744,
        "Barcode": "86900000744",
        "ProductName": "Frozen Peach Sorbet",
        "Description": "Refreshing frozen peach sorbet.",
        "Price": 18.5,
        "Stock": 170,
        "imageUrl": "https://files.5dakot.com/18459/conversions/4914-thumb.jpg",
        "imageName": "",
        "Weighable": false,
        "Campaign1": true,
        "Campaign2": false,
        "Category": "Frozen",
        "CategoryId": 8
    },
    {
        "id": 745,
        "Barcode": "86900000745",
        "ProductName": "Frozen Pineapple Sorbet",
        "Description": "Refreshing frozen pineapple sorbet.",
        "Price": 20.5,
        "Stock": 150,
        "imageUrl": "https://encrypted-tbn0.gstatic.com/images?q=tbn:ANd9GcT8-Dlc7kaMGDdPfPVq0waHyIOCCe9vmahlgQ&s",
        "imageName": "",
        "Weighable": false,
        "Campaign1": false,
        "Campaign2": false,
        "Category": "Frozen",
        "CategoryId": 8
    },
    {
        "id": 746,
        "Barcode": "86900000746",
        "ProductName": "Frozen Pineapple Sorbet",
        "Description": "Refreshing frozen pineapple sorbet.",
        "Price": 20.5,
        "Stock": 150,
        "imageUrl": "https://encrypted-tbn0.gstatic.com/images?q=tbn:ANd9GcT8-Dlc7kaMGDdPfPVq0waHyIOCCe9vmahlgQ&s",
        "imageName": "",
        "Weighable": false,
        "Campaign1": true,
        "Campaign2": false,
        "Category": "Frozen",
        "CategoryId": 8
    },
    {
        "id": 747,
        "Barcode": "86900000747",
        "ProductName": "Frozen Kiwi Sorbet",
        "Description": "Refreshing frozen kiwi sorbet.",
        "Price": 21.9,
        "Stock": 140,
        "imageUrl": "https://encrypted-tbn0.gstatic.com/images?q=tbn:ANd9GcSrXkjcdNQZrr4yzZ5Tt8uf4tUXL6pucljJmA&s",
        "imageName": "",
        "Weighable": false,
        "Campaign1": false,
        "Campaign2": false,
        "Category": "Frozen",
        "CategoryId": 8
    },
    {
        "id": 748,
        "Barcode": "86900000748",
        "ProductName": "Frozen Kiwi Sorbet",
        "Description": "Refreshing frozen kiwi sorbet.",
        "Price": 21.9,
        "Stock": 140,
        "imageUrl": "https://encrypted-tbn0.gstatic.com/images?q=tbn:ANd9GcSrXkjcdNQZrr4yzZ5Tt8uf4tUXL6pucljJmA&s",
        "imageName": "",
        "Weighable": false,
        "Campaign1": true,
        "Campaign2": false,
        "Category": "Frozen",
        "CategoryId": 8
    },
    {
        "id": 749,
        "Barcode": "86900000749",
        "ProductName": "Frozen Watermelon Sorbet",
        "Description": "Refreshing frozen watermelon sorbet.",
        "Price": 22.9,
        "Stock": 130,
        "imageUrl": "https://www.worthingcourtblog.com/wp-content/uploads/2021/08/1-9-400x400.jpg",
        "imageName": "",
        "Weighable": false,
        "Campaign1": false,
        "Campaign2": false,
        "Category": "Frozen",
        "CategoryId": 8
    },
    {
        "id": 750,
        "Barcode": "86900000750",
        "ProductName": "Frozen Watermelon Sorbet",
        "Description": "Refreshing frozen watermelon sorbet.",
        "Price": 22.9,
        "Stock": 130,
        "imageUrl": "https://www.worthingcourtblog.com/wp-content/uploads/2021/08/1-9-400x400.jpg",
        "imageName": "",
        "Weighable": false,
        "Campaign1": true,
        "Campaign2": false,
        "Category": "Frozen",
        "CategoryId": 8
    },
    {
        "id": 751,
        "Barcode": "86900000751",
        "ProductName": "Frozen Lemon Sorbet",
        "Description": "Refreshing frozen lemon sorbet.",
        "Price": 17.9,
        "Stock": 160,
        "imageUrl": "https://encrypted-tbn0.gstatic.com/images?q=tbn:ANd9GcRf7_xhG27-JqkBWb2eepd77ilvI4p5F_VTPw&s",
        "imageName": "",
        "Weighable": false,
        "Campaign1": false,
        "Campaign2": false,
        "Category": "Frozen",
        "CategoryId": 8
    },
    {
        "id": 752,
        "Barcode": "86900000752",
        "ProductName": "Frozen Lemon Sorbet",
        "Description": "Refreshing frozen lemon sorbet.",
        "Price": 17.9,
        "Stock": 160,
        "imageUrl": "https://encrypted-tbn0.gstatic.com/images?q=tbn:ANd9GcRf7_xhG27-JqkBWb2eepd77ilvI4p5F_VTPw&s",
        "imageName": "",
        "Weighable": false,
        "Campaign1": true,
        "Campaign2": false,
        "Category": "Frozen",
        "CategoryId": 8
    },
    {
        "id": 753,
        "Barcode": "86900000753",
        "ProductName": "Frozen Orange Sorbet",
        "Description": "Refreshing frozen orange sorbet.",
        "Price": 16.9,
        "Stock": 170,
        "imageUrl": "https://i.mctimg.com/cdn-cgi/image/w=400,h=400,fit=pad/https://i.mctimg.com/file/49b46c1f70b09650e8f056f7fef3b76c2fb958d2/f943acd3718ba1a8b97fb9831e7735517679cceea8ff85f9e0b2b90c2c2c6e51",
        "imageName": "",
        "Weighable": false,
        "Campaign1": false,
        "Campaign2": false,
        "Category": "Frozen",
        "CategoryId": 8
    },
    {
        "id": 754,
        "Barcode": "86900000754",
        "ProductName": "Frozen Orange Sorbet",
        "Description": "Refreshing frozen orange sorbet.",
        "Price": 16.9,
        "Stock": 170,
        "imageUrl": "https://i.mctimg.com/cdn-cgi/image/w=400,h=400,fit=pad/https://i.mctimg.com/file/49b46c1f70b09650e8f056f7fef3b76c2fb958d2/f943acd3718ba1a8b97fb9831e7735517679cceea8ff85f9e0b2b90c2c2c6e51",
        "imageName": "",
        "Weighable": false,
        "Campaign1": true,
        "Campaign2": false,
        "Category": "Frozen",
        "CategoryId": 8
    },
    {
        "id": 755,
        "Barcode": "86900000755",
        "ProductName": "Frozen Mango Bars",
        "Description": "Refreshing frozen mango bars.",
        "Price": 19.5,
        "Stock": 150,
        "imageUrl": "https://target.scene7.com/is/image/Target/GUEST_5f82060f-41f6-4668-b41f-7c492276f7b1",
        "imageName": "",
        "Weighable": false,
        "Campaign1": false,
        "Campaign2": false,
        "Category": "Frozen",
        "CategoryId": 8
    },
    {
        "id": 756,
        "Barcode": "86900000756",
        "ProductName": "Frozen Mango Bars",
        "Description": "Refreshing frozen mango bars.",
        "Price": 19.5,
        "Stock": 150,
        "imageUrl": "https://target.scene7.com/is/image/Target/GUEST_5f82060f-41f6-4668-b41f-7c492276f7b1",
        "imageName": "",
        "Weighable": false,
        "Campaign1": true,
        "Campaign2": false,
        "Category": "Frozen",
        "CategoryId": 8
    },
    {
        "id": 757,
        "Barcode": "86900000757",
        "ProductName": "Frozen Berry Bars",
        "Description": "Refreshing frozen berry bars.",
        "Price": 18.9,
        "Stock": 160,
        "imageUrl": "https://target.scene7.com/is/image/Target/GUEST_e7e9332d-3cc9-45ea-aaf9-fcda25ac26dc",
        "imageName": "",
        "Weighable": false,
        "Campaign1": false,
        "Campaign2": false,
        "Category": "Frozen",
        "CategoryId": 8
    },
    {
        "id": 758,
        "Barcode": "86900000758",
        "ProductName": "Frozen Berry Bars",
        "Description": "Refreshing frozen berry bars.",
        "Price": 18.9,
        "Stock": 160,
        "imageUrl": "https://target.scene7.com/is/image/Target/GUEST_e7e9332d-3cc9-45ea-aaf9-fcda25ac26dc",
        "imageName": "",
        "Weighable": false,
        "Campaign1": true,
        "Campaign2": false,
        "Category": "Frozen",
        "CategoryId": 8
    },
    {
        "id": 759,
        "Barcode": "86900000759",
        "ProductName": "Frozen Coconut Bars",
        "Description": "Refreshing frozen coconut bars.",
        "Price": 21.9,
        "Stock": 140,
        "imageUrl": "https://i.mctimg.com/cdn-cgi/image/w=400,h=400,fit=pad/https://i.mctimg.com/file/90b74d6df0956bd8568d89556b7bbd3e4dc94962/24e089417f18d5dd43db683170061763d5e562498e2f8fee8ec2cd727bcf3288",
        "imageName": "",
        "Weighable": false,
        "Campaign1": false,
        "Campaign2": false,
        "Category": "Frozen",
        "CategoryId": 8
    }
]