[
    {
        "id": 760,
        "Barcode": "86900000760",
        "ProductName": "Çikolatalı Brownie",
        "Description": "Lezzetli çikolatalı brownie tatlısı",
        "Price": 81.9,
        "Stock": 54,
        "imageUrl": "https://yunusb2c.b-cdn.net/Image/Stock/400/ccd7d2fd-ae00-40f5-b595-a8cfa17e416b.jpg",
        "imageName": "",
        "Weighable": false,
        "Campaign1": true,
        "Campaign2": false,
        "Category": "Desserts",
        "CategoryId": 9
    },
    {
        "id": 761,
        "Barcode": "86900000761",
        "ProductName": "Karamelli Cheesecake",
        "Description": "Yoğun karamel soslu enfes cheesecake",
        "Price": 81.9,
        "Stock": 54,
        "imageUrl": "https://chefsmandala.com/wp-content/uploads/2018/03/Neufchatel-Cheese-Cake-w-Blueberry-Sauce-400x400.jpg",
        "imageName": "",
        "Weighable": false,
        "Campaign1": false,
        "Campaign2": false,
        "Category": "Desserts",
        "CategoryId": 9
    },
    {
        "id": 762,
        "Barcode": "86900000762",
        "ProductName": "Muzlu Rulo Pasta",
        "Description": "Taze muz dilimleriyle süslenmiş rulo pasta",
        "Price": 81.9,
        "Stock": 54,
        "imageUrl": "https://www.evdenye.com/Upload/Products/784587/img-20210308-182004-713_middle.jpg",
        "imageName": "",
        "Weighable": false,
        "Campaign1": true,
        "Campaign2": false,
        "Category": "Desserts",
        "CategoryId": 9
    },
    {
        "id": 763,
        "Barcode": "86900000763",
        "ProductName": "Çilekli Parfe",
        "Description": "Taze çileklerle hazırlanmış hafif ve nefis parfe",
        "Price": 81.9,
        "Stock": 54,
        "imageUrl": "https://encrypted-tbn0.gstatic.com/images?q=tbn:ANd9GcTKyvCnAIiHMoz9Q0TYqnXicqRJJMcftDfPWQ&s",
        "imageName": "",
        "Weighable": false,
        "Campaign1": false,
        "Campaign2": false,
        "Category": "Desserts",
        "CategoryId": 9
    },
    {
        "id": 764,
        "Barcode": "86900000764",
        "ProductName": "Fındıklı Baklava",
        "Description": "Taze fındıklarla doldurulmuş geleneksel tatlı",
        "Price": 81.9,
        "Stock": 54,
        "imageUrl": "https://www.purtatbaklava.com/Data/Blog/2.jpg",
        "imageName": "",
        "Weighable": false,
        "Campaign1": true,
        "Campaign2": false,
        "Category": "Desserts",
        "CategoryId": 9
    },
    {
        "id": 765,
        "Barcode": "86900000765",
        "ProductName": "Limonlu Kek",
        "Description": "Taze limon kabuğu rendesiyle yapılmış hafif kek",
        "Price": 81.9,
        "Stock": 54,
        "imageUrl": "https://www.evdenye.com/Upload/Products/784587/img-20210308-182004-713_middle.jpg",
        "imageName": "",
        "Weighable": false,
        "Campaign1": false,
        "Campaign2": false,
        "Category": "Desserts",
        "CategoryId": 9
    },
    {
        "id": 766,
        "Barcode": "86900000766",
        "ProductName": "Havuçlu Muffin",
        "Description": "İçinde bolca rendelenmiş havuç bulunan nefis muffin",
        "Price": 81.9,
        "Stock": 54,
        "imageUrl": "https://d2j6dbq0eux0bg.cloudfront.net/images/27238334/2039474445.jpg",
        "imageName": "",
        "Weighable": false,
        "Campaign1": true,
        "Campaign2": false,
        "Category": "Desserts",
        "CategoryId": 9
    },
    {
        "id": 767,
        "Barcode": "86900000767",
        "ProductName": "Portakallı Puding",
        "Description": "Taze portakal suyu ile hazırlanmış serinletici puding",
        "Price": 81.9,
        "Stock": 54,
        "imageUrl": "https://www.komsu.com/kenton-puding-cikolatali-bademli-karamelli-100-g-pudingler-urunaciklama-kenton-4037-84-O.jpg",
        "imageName": "",
        "Weighable": false,
        "Campaign1": false,
        "Campaign2": false,
        "Category": "Desserts",
        "CategoryId": 9
    },
    {
        "id": 768,
        "Barcode": "86900000768",
        "ProductName": "Vişneli Kadayıf",
        "Description": "Taze vişne şurubu ile ıslatılmış nefis kadayıf tatlısı",
        "Price": 81.9,
        "Stock": 54,
        "imageUrl": "https://www.purtatbaklava.com/Data/Blog/5.jpg",
        "imageName": "",
        "Weighable": false,
        "Campaign1": true,
        "Campaign2": false,
        "Category": "Desserts",
        "CategoryId": 9
    },
    {
        "id": 769,
        "Barcode": "86900000769",
        "ProductName": "Çikolatalı Profiterol",
        "Description": "İçi kremalı çikolatalı profiteroller",
        "Price": 81.9,
        "Stock": 54,
        "imageUrl": "https://www.komsu.com/kenton-puding-cikolatali-bademli-karamelli-100-g-pudingler-urunaciklama-kenton-4037-84-O.jpg",
        "imageName": "",
        "Weighable": false,
        "Campaign1": false,
        "Campaign2": false,
        "Category": "Desserts",
        "CategoryId": 9
    },
    {
        "id": 770,
        "Barcode": "86900000770",
        "ProductName": "Şeftalili Tart",
        "Description": "Taze şeftalilerle süslenmiş nefis tart",
        "Price": 81.9,
        "Stock": 54,
        "imageUrl": "https://www.globalexport.com.tr/Webkontrol/UrunYonetimi/GaleriResim/KucukResim/elmali-tart_urun_g4566_k_y1G3kE6O.JPG",
        "imageName": "",
        "Weighable": false,
        "Campaign1": true,
        "Campaign2": false,
        "Category": "Desserts",
        "CategoryId": 9
    },
    {
        "id": 771,
        "Barcode": "86900000771",
        "ProductName": "Çikolatalı İrmik Helvası",
        "Description": "Fındık ve çikolata parçalarıyla zenginleştirilmiş irmik helvası",
        "Price": 81.9,
        "Stock": 54,
        "imageUrl": "https://www.aftamarket.com.tr/dr-oetker-irmik-helvasi-400-gr-irmik-dr-oetker-23980-26-O.jpg",
        "imageName": "",
        "Weighable": false,
        "Campaign1": false,
        "Campaign2": false,
        "Category": "Desserts",
        "CategoryId": 9
    },
    {
        "id": 772,
        "Barcode": "86900000772",
        "ProductName": "Vişneli Magnolia",
        "Description": "Vişne püresi ve kremayla hazırlanmış ferahlatıcı magnolia tatlısı",
        "Price": 81.9,
        "Stock": 54,
        "imageUrl": "https://www.incitadinda.com/wp-content/uploads/2023/02/magnolia-01-400x400.jpg",
        "imageName": "",
        "Weighable": false,
        "Campaign1": true,
        "Campaign2": false,
        "Category": "Desserts",
        "CategoryId": 9
    },
    {
        "id": 773,
        "Barcode": "86900000773",
        "ProductName": "Kestaneli Kup",
        "Description": "Taze kestanelerle süslenmiş kup tatlısı",
        "Price": 81.9,
        "Stock": 54,
        "imageUrl": "https://www.aftamarket.com.tr/dr-oetker-irmik-helvasi-400-gr-irmik-dr-oetker-23980-26-O.jpg",
        "imageName": "",
        "Weighable": false,
        "Campaign1": false,
        "Campaign2": false,
        "Category": "Desserts",
        "CategoryId": 9
    },
    {
        "id": 774,
        "Barcode": "86900000774",
        "ProductName": "Elmalı Turta",
        "Description": "Taze elma dilimleriyle hazırlanmış nefis turta",
        "Price": 81.9,
        "Stock": 54,
        "imageUrl": "https://d2j6dbq0eux0bg.cloudfront.net/images/27238334/2039474445.jpg",
        "imageName": "",
        "Weighable": false,
        "Campaign1": true,
        "Campaign2": false,
        "Category": "Desserts",
        "CategoryId": 9
    },
    {
        "id": 775,
        "Barcode": "86900000775",
        "ProductName": "Üzümlü Kek",
        "Description": "Taze üzüm taneleriyle süslenmiş hafif kek",
        "Price": 81.9,
        "Stock": 54,
        "imageUrl": "https://d2j6dbq0eux0bg.cloudfront.net/images/27238334/2039474445.jpg",
        "imageName": "",
        "Weighable": false,
        "Campaign1": false,
        "Campaign2": false,
        "Category": "Desserts",
        "CategoryId": 9
    },
    {
        "id": 776,
        "Barcode": "86900000776",
        "ProductName": "Fıstıklı Baklava",
        "Description": "Taze fıstıklarla doldurulmuş geleneksel tatlı",
        "Price": 81.9,
        "Stock": 54,
        "imageUrl": "https://www.purtatbaklava.com/Data/Blog/2.jpg",
        "imageName": "",
        "Weighable": false,
        "Campaign1": true,
        "Campaign2": false,
        "Category": "Desserts",
        "CategoryId": 9
    },
    {
        "id": 777,
        "Barcode": "86900000777",
        "ProductName": "Çikolatalı Mousse",
        "Description": "Yoğun çikolata lezzetiyle hazırlanmış hafif mousse",
        "Price": 81.9,
        "Stock": 54,
        "imageUrl": "https://www.komsu.com/kenton-puding-cikolatali-bademli-karamelli-100-g-pudingler-urunaciklama-kenton-4037-84-O.jpg",
        "imageName": "",
        "Weighable": false,
        "Campaign1": false,
        "Campaign2": false,
        "Category": "Desserts",
        "CategoryId": 9
    },
    {
        "id": 778,
        "Barcode": "86900000778",
        "ProductName": "Bademli Kurabiye",
        "Description": "Taze badem parçalarıyla hazırlanmış nefis kurabiye",
        "Price": 81.9,
        "Stock": 54,
        "imageUrl": "https://static.ticimax.cloud/56277/uploads/urunresimleri/buyuk/moms-natural-badem-kakao-kurabiye--0dfa-.jpg",
        "imageName": "",
        "Weighable": false,
        "Campaign1": true,
        "Campaign2": false,
        "Category": "Desserts",
        "CategoryId": 9
    },
    {
        "id": 779,
        "Barcode": "86900000779",
        "ProductName": "Vişneli Cupcake",
        "Description": "Taze vişne parçalarıyla süslenmiş lezzetli cupcake",
        "Price": 81.9,
        "Stock": 54,
        "imageUrl": "https://www.californiastrawberries.com/wp-content/uploads/2019/05/Double-Strawberry-Cupcakes-400x400.jpg",
        "imageName": "",
        "Weighable": false,
        "Campaign1": false,
        "Campaign2": false,
        "Category": "Desserts",
        "CategoryId": 9
    },
    {
        "id": 780,
        "Barcode": "86900000780",
        "ProductName": "Çikolatalı Parfait",
        "Description": "Kremalı ve çikolatalı parfait tatlısı",
        "Price": 81.9,
        "Stock": 54,
        "imageUrl": "https://www.komsu.com/kenton-puding-cikolatali-bademli-karamelli-100-g-pudingler-urunaciklama-kenton-4037-84-O.jpg",
        "imageName": "",
        "Weighable": false,
        "Campaign1": true,
        "Campaign2": false,
        "Category": "Desserts",
        "CategoryId": 9
    },
    {
        "id": 781,
        "Barcode": "86900000781",
        "ProductName": "Karamel Soslu İrmik Helvası",
        "Description": "Yoğun karamel soslu irmik helvası",
        "Price": 81.9,
        "Stock": 54,
        "imageUrl": "https://www.aftamarket.com.tr/dr-oetker-irmik-helvasi-400-gr-irmik-dr-oetker-23980-26-O.jpg",
        "imageName": "",
        "Weighable": false,
        "Campaign1": false,
        "Campaign2": false,
        "Category": "Desserts",
        "CategoryId": 9
    },
    {
        "id": 782,
        "Barcode": "86900000782",
        "ProductName": "Meyveli Pasta",
        "Description": "Taze meyve dilimleriyle süslenmiş hafif pasta",
        "Price": 81.9,
        "Stock": 54,
        "imageUrl": "https://static.ticimax.cloud/58644/uploads/urunresimleri/thumb/meyveli-pasta-8-10-kisilik-42499-.jpg",
        "imageName": "",
        "Weighable": false,
        "Campaign1": true,
        "Campaign2": false,
        "Category": "Desserts",
        "CategoryId": 9
    },
    {
        "id": 783,
        "Barcode": "86900000783",
        "ProductName": "Limonlu Cupcake",
        "Description": "Taze limon dilimleriyle süslenmiş nefis cupcake",
        "Price": 81.9,
        "Stock": 54,
        "imageUrl": "https://www.californiastrawberries.com/wp-content/uploads/2019/05/Double-Strawberry-Cupcakes-400x400.jpg",
        "imageName": "",
        "Weighable": false,
        "Campaign1": false,
        "Campaign2": false,
        "Category": "Desserts",
        "CategoryId": 9
    },
    {
        "id": 784,
        "Barcode": "86900000784",
        "ProductName": "Vişneli Waffle",
        "Description": "Taze vişne parçalarıyla hazırlanmış nefis waffle",
        "Price": 81.9,
        "Stock": 54,
        "imageUrl": "https://www.californiastrawberries.com/wp-content/uploads/2020/03/StrawberryOatmealWaffles-400x400.jpg",
        "imageName": "",
        "Weighable": false,
        "Campaign1": true,
        "Campaign2": false,
        "Category": "Desserts",
        "CategoryId": 9
    },
    {
        "id": 785,
        "Barcode": "86900000785",
        "ProductName": "Çilekli Kek",
        "Description": "Taze çilek dilimleriyle süslenmiş hafif kek",
        "Price": 81.9,
        "Stock": 54,       	"imageUrl":"https://www.globalexport.com.tr/Webkontrol/UrunYonetimi/GaleriResim/KucukResim/elmali-tart_urun_g4566_k_y1G3kE6O.JPG",
        "imageName": "",
        "Weighable": false,
        "Campaign1": false,
        "Campaign2": false,
        "Category": "Desserts",
        "CategoryId": 9
    },
    {
        "id": 786,
        "Barcode": "86900000786",
        "ProductName": "Fındıklı Magnolia",
        "Description": "Taze fındıklarla hazırlanmış nefis magnolia tatlısı",
        "Price": 81.9,
        "Stock": 54,
        "imageUrl": "https://www.incitadinda.com/wp-content/uploads/2023/02/magnolia-01-400x400.jpg",
        "imageName": "",
        "Weighable": false,
        "Campaign1": true,
        "Campaign2": false,
        "Category": "Desserts",
        "CategoryId": 9
    },
    {
        "id": 787,
        "Barcode": "86900000787",
        "ProductName": "Kakao Kaplı Muz",
        "Description": "Taze muz dilimleri çikolata ile kaplanmış tatlı atıştırmalık",
        "Price": 81.9,
        "Stock": 54,
        "imageUrl": "https://www.aftamarket.com.tr/dr-oetker-irmik-helvasi-400-gr-irmik-dr-oetker-23980-26-O.jpg",
        "imageName": "",
        "Weighable": false,
        "Campaign1": false,
        "Campaign2": false,
        "Category": "Desserts",
        "CategoryId": 9
    },
    {
        "id": 788,
        "Barcode": "86900000788",
        "ProductName": "Çilekli Parfait",
        "Description": "Kremalı ve çilekli parfait tatlısı",
        "Price": 81.9,
        "Stock": 54,
        "imageUrl": "https://www.incitadinda.com/wp-content/uploads/2023/02/magnolia-01-400x400.jpg",
        "imageName": "",
        "Weighable": false,
        "Campaign1": true,
        "Campaign2": false,
        "Category": "Desserts",
        "CategoryId": 9
    },
    {
        "id": 789,
        "Barcode": "86900000789",
        "ProductName": "Kakaolu Kurabiye",
        "Description": "Taze kakao ile hazırlanmış nefis kurabiye",
        "Price": 81.9,
        "Stock": 54,
        "imageUrl": "https://static.ticimax.cloud/56277/uploads/urunresimleri/buyuk/moms-natural-badem-kakao-kurabiye--0dfa-.jpg",
        "imageName": "",
        "Weighable": false,
        "Campaign1": false,
        "Campaign2": false,
        "Category": "Desserts",
        "CategoryId": 9
    },
    {
        "id": 790,
        "Barcode": "86900000790",
        "ProductName": "Vişneli Milkshake",
        "Description": "Taze vişnelerle hazırlanmış serinletici milkshake",
        "Price": 81.9,
        "Stock": 54,
        "imageUrl": "https://www.aftamarket.com.tr/dr-oetker-irmik-helvasi-400-gr-irmik-dr-oetker-23980-26-O.jpg",
        "imageName": "",
        "Weighable": false,
        "Campaign1": true,
        "Campaign2": false,
        "Category": "Desserts",
        "CategoryId": 9
    },
    {
        "id": 791,
        "Barcode": "86900000791",
        "ProductName": "Çikolatalı Mozaik Pasta",
        "Description": "Çikolatalı ve fındıklı mozaik pasta dilimleri",
        "Price": 81.9,
        "Stock": 54,
        "imageUrl": "https://static.ticimax.cloud/58644/uploads/urunresimleri/thumb/meyveli-pasta-8-10-kisilik-42499-.jpg",
        "imageName": "",
        "Weighable": false,
        "Campaign1": false,
        "Campaign2": false,
        "Category": "Desserts",
        "CategoryId": 9
    },
    {
        "id": 792,
        "Barcode": "86900000792",
        "ProductName": "Muzlu Cheesecake",
        "Description": "Taze muz dilimleriyle hazırlanmış lezzetli cheesecake",
        "Price": 81.9,
        "Stock": 54,
        "imageUrl": "https://chefsmandala.com/wp-content/uploads/2018/03/Neufchatel-Cheese-Cake-w-Blueberry-Sauce-400x400.jpg",
        "imageName": "",
        "Weighable": false,
        "Campaign1": true,
        "Campaign2": false,
        "Category": "Desserts",
        "CategoryId": 9
    },
    {
        "id": 793,
        "Barcode": "86900000793",
        "ProductName": "Kakaolu Muffin",
        "Description": "Taze kakao ile hazırlanmış nefis muffin",
        "Price": 81.9,
        "Stock": 54,
        "imageUrl": "https://www.aftamarket.com.tr/dr-oetker-irmik-helvasi-400-gr-irmik-dr-oetker-23980-26-O.jpg",
        "imageName": "",
        "Weighable": false,
        "Campaign1": false,
        "Campaign2": false,
        "Category": "Desserts",
        "CategoryId": 9
    },
    {
        "id": 794,
        "Barcode": "86900000794",
        "ProductName": "Vişneli Tart",
        "Description": "Taze vişnelerle süslenmiş nefis tart",
        "Price": 81.9,
        "Stock": 54,
        "imageUrl": "https://www.globalexport.com.tr/Webkontrol/UrunYonetimi/GaleriResim/KucukResim/elmali-tart_urun_g4566_k_y1G3kE6O.JPG",
        "imageName": "",
        "Weighable": false,
        "Campaign1": true,
        "Campaign2": false,
        "Category": "Desserts",
        "CategoryId": 9
    },
    {
        "id": 795,
        "Barcode": "86900000795",
        "ProductName": "Çikolatalı Profiterol",
        "Description": "Kremalı ve çikolatalı profiteroller",
        "Price": 81.9,
        "Stock": 54,
        "imageUrl": "https://yunusb2c.b-cdn.net/Image/Stock/400/ccd7d2fd-ae00-40f5-b595-a8cfa17e416b.jpg",
        "imageName": "",
        "Weighable": false,
        "Campaign1": false,
        "Campaign2": false,
        "Category": "Desserts",
        "CategoryId": 9
    },
    {
        "id": 796,
        "Barcode": "86900000796",
        "ProductName": "Fıstıklı Magnolia",
        "Description": "Taze fıstıklarla hazırlanmış nefis magnolia tatlısı",
        "Price": 81.9,
        "Stock": 54,
        "imageUrl": "https://www.incitadinda.com/wp-content/uploads/2023/02/magnolia-01-400x400.jpg",
        "imageName": "",
        "Weighable": false,
        "Campaign1": true,
        "Campaign2": false,
        "Category": "Desserts",
        "CategoryId": 9
    },
    {
        "id": 797,
        "Barcode": "86900000797",
        "ProductName": "Çikolatalı Parfait",
        "Description": "Kremalı ve çikolatalı parfait tatlısı",
        "Price": 81.9,
        "Stock": 54,
        "imageUrl": "https://static.ticimax.cloud/56277/uploads/urunresimleri/buyuk/moms-natural-badem-kakao-kurabiye--0dfa-.jpg",
        "imageName": "",
        "Weighable": false,
        "Campaign1": false,
        "Campaign2": false,
        "Category": "Desserts",
        "CategoryId": 9
    },
    {
        "id": 798,
        "Barcode": "86900000798",
        "ProductName": "Portakallı Cupcake",
        "Description": "Taze portakal dilimleriyle süslenmiş nefis cupcake",
        "Price": 81.9,
        "Stock": 54,
        "imageUrl": "https://www.californiastrawberries.com/wp-content/uploads/2019/05/Double-Strawberry-Cupcakes-400x400.jpg",
        "imageName": "",
        "Weighable": false,
        "Campaign1": true,
        "Campaign2": false,
        "Category": "Desserts",
        "CategoryId": 9
    },
    {
        "id": 799,
        "Barcode": "86900000799",
        "ProductName": "Vişneli Mozaik Pasta",
        "Description": "Taze vişne parçalarıyla hazırlanmış nefis mozaik pasta",
        "Price": 81.9,
        "Stock": 54,
        "imageUrl": "https://static.ticimax.cloud/58644/uploads/urunresimleri/thumb/meyveli-pasta-8-10-kisilik-42499-.jpg",
        "imageName": "",
        "Weighable": false,
        "Campaign1": false,
        "Campaign2": false,
        "Category": "Desserts",
        "CategoryId": 9
    },
    {
        "id": 800,
        "Barcode": "86900000800",
        "ProductName": "Çilekli Milkshake",
        "Description": "Taze çileklerle hazırlanmış serinletici milkshake",
        "Price": 81.9,
        "Stock": 54,
        "imageUrl": "https://www.globalexport.com.tr/Webkontrol/UrunYonetimi/GaleriResim/KucukResim/elmali-tart_urun_g4566_k_y1G3kE6O.JPG",
        "imageName": "",
        "Weighable": false,
        "Campaign1": true,
        "Campaign2": false,
        "Category": "Desserts",
        "CategoryId": 9
    },
    {
        "id": 801,
        "Barcode": "86900000801",
        "ProductName": "Karamel Soslu İrmik Helvası",
        "Description": "Yoğun karamel soslu irmik helvası",
        "Price": 81.9,
        "Stock": 54,
        "imageUrl": "https://www.californiastrawberries.com/wp-content/uploads/2019/05/Double-Strawberry-Cupcakes-400x400.jpg",
        "imageName": "",
        "Weighable": false,
        "Campaign1": false,
        "Campaign2": false,
        "Category": "Desserts",
        "CategoryId": 9
    },
    {
        "id": 802,
        "Barcode": "86900000802",
        "ProductName": "Çikolatalı Parça Kurabiye",
        "Description": "Çikolata parçacıklarıyla zenginleştirilmiş nefis kurabiye",
        "Price": 81.9,
        "Stock": 54,
        "imageUrl": "https://static.ticimax.cloud/56277/uploads/urunresimleri/buyuk/moms-natural-badem-kakao-kurabiye--0dfa-.jpg",
        "imageName": "",
        "Weighable": false,
        "Campaign1": true,
        "Campaign2": false,
        "Category": "Desserts",
        "CategoryId": 9
    },
    {
        "id": 803,
        "Barcode": "86900000803",
        "ProductName": "Muzlu Tart",
        "Description": "Taze muz dilimleriyle süslenmiş nefis tart",
        "Price": 81.9,
        "Stock": 54,
        "imageUrl": "https://www.globalexport.com.tr/Webkontrol/UrunYonetimi/GaleriResim/KucukResim/elmali-tart_urun_g4566_k_y1G3kE6O.JPG",
        "imageName": "",
        "Weighable": false,
        "Campaign1": false,
        "Campaign2": false,
        "Category": "Desserts",
        "CategoryId": 9
    },
    {
        "id": 804,
        "Barcode": "86900000804",
        "ProductName": "Çikolatalı Waffle",
        "Description": "Lezzetli çikolata sosuyla kaplanmış waffle",
        "Price": 81.9,
        "Stock": 54,
        "imageUrl": "https://yunusb2c.b-cdn.net/Image/Stock/400/ccd7d2fd-ae00-40f5-b595-a8cfa17e416b.jpg",
        "imageName": "",
        "Weighable": false,
        "Campaign1": true,
        "Campaign2": false,
        "Category": "Desserts",
        "CategoryId": 9
    },
    {
        "id": 805,
        "Barcode": "86900000805",
        "ProductName": "Vişneli Cheesecake",
        "Description": "Taze vişne dilimleriyle süslenmiş nefis cheesecake",
        "Price": 81.9,
        "Stock": 54,
        "imageUrl": "https://chefsmandala.com/wp-content/uploads/2018/03/Neufchatel-Cheese-Cake-w-Blueberry-Sauce-400x400.jpg",
        "imageName": "",
        "Weighable": false,
        "Campaign1": false,
        "Campaign2": false,
        "Category": "Desserts",
        "CategoryId": 9
    },
    {
        "id": 806,
        "Barcode": "86900000806",
        "ProductName": "Çilekli Magnolia",
        "Description": "Taze çileklerle hazırlanmış nefis magnolia tatlısı",
        "Price": 81.9,
        "Stock": 54,
        "imageUrl": "https://www.californiastrawberries.com/wp-content/uploads/2019/05/Double-Strawberry-Cupcakes-400x400.jpg",
        "imageName": "",
        "Weighable": false,
        "Campaign1": true,
        "Campaign2": false,
        "Category": "Desserts",
        "CategoryId": 9
    },
    {
        "id": 807,
        "Barcode": "86900000807",
        "ProductName": "Kakaolu Mousse",
        "Description": "Yoğun kakaolu ve hafif mousse",
        "Price": 81.9,
        "Stock": 54,
        "imageUrl": "https://yunusb2c.b-cdn.net/Image/Stock/400/ccd7d2fd-ae00-40f5-b595-a8cfa17e416b.jpg",
        "imageName": "",
        "Weighable": false,
        "Campaign1": false,
        "Campaign2": false,
        "Category": "Desserts",
        "CategoryId": 9
    },
    {
        "id": 808,
        "Barcode": "86900000808",
        "ProductName": "Fıstıklı Kurabiye",
        "Description": "Taze fıstıklarla hazırlanmış nefis kurabiye",
        "Price": 81.9,
        "Stock": 54,
        "imageUrl": "https://static.ticimax.cloud/56277/uploads/urunresimleri/buyuk/moms-natural-badem-kakao-kurabiye--0dfa-.jpg",
        "imageName": "",
        "Weighable": false,
        "Campaign1": true,
        "Campaign2": false,
        "Category": "Desserts",
        "CategoryId": 9
    },
    {
        "id": 809,
        "Barcode": "86900000809",
        "ProductName": "Vişneli Cupcake",
        "Description": "Taze vişne parçalarıyla süslenmiş nefis cupcake",
        "Price": 81.9,
        "Stock": 54,
        "imageUrl": "https://chefsmandala.com/wp-content/uploads/2018/03/Neufchatel-Cheese-Cake-w-Blueberry-Sauce-400x400.jpg",
        "imageName": "",
        "Weighable": false,
        "Campaign1": false,
        "Campaign2": false,
        "Category": "Desserts",
        "CategoryId": 9
    },
    {
        "id": 810,
        "Barcode": "86900000810",
        "ProductName": "Çikolatalı Parfait",
        "Description": "Kremalı ve çikolatalı parfait tatlısı",
        "Price": 81.9,
        "Stock": 54,
        "imageUrl": "https://www.globalexport.com.tr/Webkontrol/UrunYonetimi/GaleriResim/KucukResim/elmali-tart_urun_g4566_k_y1G3kE6O.JPG",
        "imageName": "",
        "Weighable": false,
        "Campaign1": true,
        "Campaign2": false,
        "Category": "Desserts",
        "CategoryId": 9
    },
    {
        "id": 811,
        "Barcode": "86900000811",
        "ProductName": "Karamel Soslu İrmik Helvası",
        "Description": "Yoğun karamel soslu irmik helvası",
        "Price": 81.9,
        "Stock": 54,
        "imageUrl": "https://www.aftamarket.com.tr/dr-oetker-irmik-helvasi-400-gr-irmik-dr-oetker-23980-26-O.jpg",
        "imageName": "",
        "Weighable": false,
        "Campaign1": false,
        "Campaign2": false,
        "Category": "Desserts",
        "CategoryId": 9
    },
    {
        "id": 812,
        "Barcode": "86900000812",
        "ProductName": "Vişneli Mozaik Pasta",
        "Description": "Taze vişne parçalarıyla hazırlanmış nefis mozaik pasta",
        "Price": 81.9,
        "Stock": 54,
        "imageUrl": "https://static.ticimax.cloud/58644/uploads/urunresimleri/thumb/meyveli-pasta-8-10-kisilik-42499-.jpg",
        "imageName": "",
        "Weighable": false,
        "Campaign1": true,
        "Campaign2": false,
        "Category": "Desserts",
        "CategoryId": 9
    },
    {
        "id": 813,
        "Barcode": "86900000813",
        "ProductName": "Çilekli Milkshake",
        "Description": "Taze çileklerle hazırlanmış serinletici milkshake",
        "Price": 81.9,
        "Stock": 54,
        "imageUrl": "https://www.californiastrawberries.com/wp-content/uploads/2019/05/Double-Strawberry-Cupcakes-400x400.jpg",
        "imageName": "",
        "Weighable": false,
        "Campaign1": false,
        "Campaign2": false,
        "Category": "Desserts",
        "CategoryId": 9
    },
    {
        "id": 814,
        "Barcode": "86900000814",
        "ProductName": "Çikolatalı Waffle",
        "Description": "Lezzetli çikolata sosuyla kaplanmış waffle",
        "Price": 81.9,
        "Stock": 54,
        "imageUrl": "https://yunusb2c.b-cdn.net/Image/Stock/400/ccd7d2fd-ae00-40f5-b595-a8cfa17e416b.jpg",
        "imageName": "",
        "Weighable": false,
        "Campaign1": true,
        "Campaign2": false,
        "Category": "Desserts",
        "CategoryId": 9
    },
    {
        "id": 815,
        "Barcode": "86900000815",
        "ProductName": "Vişneli Cheesecake",
        "Description": "Taze vişne dilimleriyle süslenmiş nefis cheesecake",
        "Price": 81.9,
        "Stock": 54,
        "imageUrl": "https://chefsmandala.com/wp-content/uploads/2018/03/Neufchatel-Cheese-Cake-w-Blueberry-Sauce-400x400.jpg",
        "imageName": "",
        "Weighable": false,
        "Campaign1": false,
        "Campaign2": false,
        "Category": "Desserts",
        "CategoryId": 9
    },
    {
        "id": 816,
        "Barcode": "86900000816",
        "ProductName": "Çilekli Magnolia",
        "Description": "Taze çileklerle hazırlanmış nefis magnolia tatlısı",
        "Price": 81.9,
        "Stock": 54,
        "imageUrl": "https://www.incitadinda.com/wp-content/uploads/2023/02/magnolia-01-400x400.jpg",
        "imageName": "",
        "Weighable": false,
        "Campaign1": true,
        "Campaign2": false,
        "Category": "Desserts",
        "CategoryId": 9
    },
    {
        "id": 817,
        "Barcode": "86900000817",
        "ProductName": "Kakaolu Mousse",
        "Description": "Yoğun kakaolu ve hafif mousse",
        "Price": 81.9,
        "Stock": 54,
        "imageUrl": "https://yunusb2c.b-cdn.net/Image/Stock/400/ccd7d2fd-ae00-40f5-b595-a8cfa17e416b.jpg",
        "imageName": "",
        "Weighable": false,
        "Campaign1": false,
        "Campaign2": false,
        "Category": "Desserts",
        "CategoryId": 9
    },
    {
        "id": 818,
        "Barcode": "86900000818",
        "ProductName": "Fıstıklı Kurabiye",
        "Description": "Taze fıstıklarla hazırlanmış nefis kurabiye",
        "Price": 81.9,
        "Stock": 54,
        "imageUrl": "https://static.ticimax.cloud/56277/uploads/urunresimleri/buyuk/moms-natural-badem-kakao-kurabiye--0dfa-.jpg",
        "imageName": "",
        "Weighable": false,
        "Campaign1": true,
        "Campaign2": false,
        "Category": "Desserts",
        "CategoryId": 9
    },
    {
        "id": 819,
        "Barcode": "86900000819",
        "ProductName": "Vişneli Cupcake",
        "Description": "Taze vişne parçalarıyla süslenmiş nefis cupcake",
        "Price": 81.9,
        "Stock": 54,
        "imageUrl": "https://www.californiastrawberries.com/wp-content/uploads/2019/05/Double-Strawberry-Cupcakes-400x400.jpg",
        "imageName": "",
        "Weighable": false,
        "Campaign1": false,
        "Campaign2": false,
        "Category": "Desserts",
        "CategoryId": 9
    },
    {
        "id": 820,
        "Barcode": "86900000820",
        "ProductName": "Çikolatalı Parfait",
        "Description": "Kremalı ve çikolatalı parfait tatlısı",
        "Price": 81.9,
        "Stock": 54,
        "imageUrl": "https://yunusb2c.b-cdn.net/Image/Stock/400/ccd7d2fd-ae00-40f5-b595-a8cfa17e416b.jpg",
        "imageName": "",
        "Weighable": false,
        "Campaign1": true,
        "Campaign2": false,
        "Category": "Desserts",
        "CategoryId": 9
    },
    {
        "id": 821,
        "Barcode": "86900000821",
        "ProductName": "Karamel Soslu İrmik Helvası",
        "Description": "Yoğun karamel soslu irmik helvası",
        "Price": 81.9,
        "Stock": 54,
        "imageUrl": "https://www.aftamarket.com.tr/dr-oetker-irmik-helvasi-400-gr-irmik-dr-oetker-23980-26-O.jpg",
        "imageName": "",
        "Weighable": false,
        "Campaign1": false,
        "Campaign2": false,
        "Category": "Desserts",
        "CategoryId": 9
    },
    {
        "id": 822,
        "Barcode": "86900000822",
        "ProductName": "Vişneli Mozaik Pasta",
        "Description": "Taze vişne parçalarıyla hazırlanmış nefis mozaik pasta",
        "Price": 81.9,
        "Stock": 54,
        "imageUrl": "https://static.ticimax.cloud/58644/uploads/urunresimleri/thumb/meyveli-pasta-8-10-kisilik-42499-.jpg",
        "imageName": "",
        "Weighable": false,
        "Campaign1": true,
        "Campaign2": false,
        "Category": "Desserts",
        "CategoryId": 9
    },
    {
        "id": 823,
        "Barcode": "86900000823",
        "ProductName": "Çilekli Milkshake",
        "Description": "Taze çileklerle hazırlanmış serinletici milkshake",
        "Price": 81.9,
        "Stock": 54,
        "imageUrl": "https://www.incitadinda.com/wp-content/uploads/2023/02/magnolia-01-400x400.jpg",
        "imageName": "",
        "Weighable": false,
        "Campaign1": false,
        "Campaign2": false,
        "Category": "Desserts",
        "CategoryId": 9
    },
    {
        "id": 824,
        "Barcode": "86900000824",
        "ProductName": "Çikolatalı Profiterol",
        "Description": "Kremalı ve çikolatalı profiteroller",
        "Price": 81.9,
        "Stock": 54,
        "imageUrl": "https://yunusb2c.b-cdn.net/Image/Stock/400/ccd7d2fd-ae00-40f5-b595-a8cfa17e416b.jpg",
        "imageName": "",
        "Weighable": false,
        "Campaign1": true,
        "Campaign2": false,
        "Category": "Desserts",
        "CategoryId": 9
    },
    {
        "id": 825,
        "Barcode": "86900000825",
        "ProductName": "Fıstıklı Magnolia",
        "Description": "Taze fıstıklarla hazırlanmış nefis magnolia tatlısı",
        "Price": 81.9,
        "Stock": 54,
        "imageUrl": "https://www.incitadinda.com/wp-content/uploads/2023/02/magnolia-01-400x400.jpg",
        "imageName": "",
        "Weighable": false,
        "Campaign1": false,
        "Campaign2": false,
        "Category": "Desserts",
        "CategoryId": 9
    },
    {
        "id": 826,
        "Barcode": "86900000826",
        "ProductName": "Çikolatalı Parfait",
        "Description": "Kremalı ve çikolatalı parfait tatlısı",
        "Price": 81.9,
        "Stock": 54,
        "imageUrl": "https://www.globalexport.com.tr/Webkontrol/UrunYonetimi/GaleriResim/KucukResim/elmali-tart_urun_g4566_k_y1G3kE6O.JPG",
        "imageName": "",
        "Weighable": false,
        "Campaign1": true,
        "Campaign2": false,
        "Category": "Desserts",
        "CategoryId": 9
    },
    {
        "id": 827,
        "Barcode": "86900000827",
        "ProductName": "Karamel Soslu İrmik Helvası",
        "Description": "Yoğun karamel soslu irmik helvası",
        "Price": 81.9,
        "Stock": 54,
        "imageUrl": "https://www.aftamarket.com.tr/dr-oetker-irmik-helvasi-400-gr-irmik-dr-oetker-23980-26-O.jpg",
        "imageName": "",
        "Weighable": false,
        "Campaign1": false,
        "Campaign2": false,
        "Category": "Desserts",
        "CategoryId": 9
    },
    {
        "id": 828,
        "Barcode": "86900000828",
        "ProductName": "Vişneli Mozaik Pasta",
        "Description": "Taze vişne parçalarıyla hazırlanmış nefis mozaik pasta",
        "Price": 81.9,
        "Stock": 54,
        "imageUrl": "https://static.ticimax.cloud/58644/uploads/urunresimleri/thumb/meyveli-pasta-8-10-kisilik-42499-.jpg",
        "imageName": "",
        "Weighable": false,
        "Campaign1": true,
        "Campaign2": false,
        "Category": "Desserts",
        "CategoryId": 9
    },
    {
        "id": 829,
        "Barcode": "86900000829",
        "ProductName": "Çilekli Milkshake",
        "Description": "Taze çileklerle hazırlanmış serinletici milkshake",
        "Price": 81.9,
        "Stock": 54,
        "imageUrl": "https://www.globalexport.com.tr/Webkontrol/UrunYonetimi/GaleriResim/KucukResim/elmali-tart_urun_g4566_k_y1G3kE6O.JPG",
        "imageName": "",
        "Weighable": false,
        "Campaign1": false,
        "Campaign2": false,
        "Category": "Desserts",
        "CategoryId": 9
    },
    {
        "id": 830,
        "Barcode": "86900000830",
        "ProductName": "Vişneli Cupcake",
        "Description": "Taze vişne parçalarıyla süslenmiş nefis cupcake",
        "Price": 81.9,
        "Stock": 54,
        "imageUrl": "https://www.californiastrawberries.com/wp-content/uploads/2019/05/Double-Strawberry-Cupcakes-400x400.jpg",
        "imageName": "",
        "Weighable": false,
        "Campaign1": true,
        "Campaign2": false,
        "Category": "Desserts",
        "CategoryId": 9
    },
    {
        "id": 831,
        "Barcode": "86900000831",
        "ProductName": "Çikolatalı Parfait",
        "Description": "Kremalı ve çikolatalı parfait tatlısı",
        "Price": 81.9,
        "Stock": 54,
        "imageUrl": "https://www.evdenye.com/Upload/Products/784587/img-20210308-182004-713_middle.jpg",
        "imageName": "",
        "Weighable": false,
        "Campaign1": true,
        "Campaign2": false,
        "Category": "Desserts",
        "CategoryId": 9
    },
    {
        "id": 832,
        "Barcode": "86900000832",
        "ProductName": "Karamel Soslu İrmik Helvası",
        "Description": "Yoğun karamel soslu irmik helvası",
        "Price": 81.9,
        "Stock": 54,
        "imageUrl": "https://www.aftamarket.com.tr/dr-oetker-irmik-helvasi-400-gr-irmik-dr-oetker-23980-26-O.jpg",
        "imageName": "",
        "Weighable": false,
        "Campaign1": false,
        "Campaign2": false,
        "Category": "Desserts",
        "CategoryId": 9
    },
    {
        "id": 833,
        "Barcode": "86900000833",
        "ProductName": "Vişneli Mozaik Pasta",
        "Description": "Taze vişne parçalarıyla hazırlanmış nefis mozaik pasta",
        "Price": 81.9,
        "Stock": 54,
        "imageUrl": "https://static.ticimax.cloud/58644/uploads/urunresimleri/thumb/meyveli-pasta-8-10-kisilik-42499-.jpg",
        "imageName": "",
        "Weighable": false,
        "Campaign1": true,
        "Campaign2": false,
        "Category": "Desserts",
        "CategoryId": 9
    },
    {
        "id": 834,
        "Barcode": "86900000834",
        "ProductName": "Çilekli Milkshake",
        "Description": "Taze çileklerle hazırlanmış serinletici milkshake",
        "Price": 81.9,
        "Stock": 54,
        "imageUrl": "https://www.evdenye.com/Upload/Products/784587/img-20210308-182004-713_middle.jpg",
        "imageName": "",
        "Weighable": false,
        "Campaign1": false,
        "Campaign2": false,
        "Category": "Desserts",
        "CategoryId": 9
    },
    {
        "id": 835,
        "Barcode": "86900000835",
        "ProductName": "Vişneli Cupcake",
        "Description": "Taze vişne parçalarıyla süslenmiş nefis cupcake",
        "Price": 81.9,
        "Stock": 54,
        "imageUrl": "https://static.ticimax.cloud/58644/uploads/urunresimleri/thumb/meyveli-pasta-8-10-kisilik-42499-.jpg",
        "imageName": "",
        "Weighable": false,
        "Campaign1": true,
        "Campaign2": false,
        "Category": "Desserts",
        "CategoryId": 9
    },
    {
        "id": 836,
        "Barcode": "86900000836",
        "ProductName": "Çikolatalı Parfait",
        "Description": "Kremalı ve çikolatalı parfait tatlısı",
        "Price": 81.9,
        "Stock": 54,
        "imageUrl": "https://static.ticimax.cloud/56277/uploads/urunresimleri/buyuk/moms-natural-badem-kakao-kurabiye--0dfa-.jpg",
        "imageName": "",
        "Weighable": false,
        "Campaign1": true,
        "Campaign2": false,
        "Category": "Desserts",
        "CategoryId": 9
    },
    {
        "id": 837,
        "Barcode": "86900000837",
        "ProductName": "Karamel Soslu İrmik Helvası",
        "Description": "Yoğun karamel soslu irmik helvası",
        "Price": 81.9,
        "Stock": 54,
        "imageUrl": "https://www.aftamarket.com.tr/dr-oetker-irmik-helvasi-400-gr-irmik-dr-oetker-23980-26-O.jpg",
        "imageName": "",
        "Weighable": false,
        "Campaign1": false,
        "Campaign2": false,
        "Category": "Desserts",
        "CategoryId": 9
    },
    {
        "id": 838,
        "Barcode": "86900000838",
        "ProductName": "Vişneli Mozaik Pasta",
        "Description": "Taze vişne parçalarıyla hazırlanmış nefis mozaik pasta",
        "Price": 81.9,
        "Stock": 54,
        "imageUrl": "https://static.ticimax.cloud/58644/uploads/urunresimleri/thumb/meyveli-pasta-8-10-kisilik-42499-.jpg",
        "imageName": "",
        "Weighable": false,
        "Campaign1": true,
        "Campaign2": false,
        "Category": "Desserts",
        "CategoryId": 9
    },
    {
        "id": 839,
        "Barcode": "86900000839",
        "ProductName": "Çilekli Milkshake",
        "Description": "Taze çileklerle hazırlanmış serinletici milkshake",
        "Price": 81.9,
        "Stock": 54,
        "imageUrl": "https://www.aftamarket.com.tr/dr-oetker-irmik-helvasi-400-gr-irmik-dr-oetker-23980-26-O.jpg",
        "imageName": "",
        "Weighable": false,
        "Campaign1": false,
        "Campaign2": false,
        "Category": "Desserts",
        "CategoryId": 9
    },
    {
        "id": 840,
        "Barcode": "86900000840",
        "ProductName": "Vişneli Cupcake",
        "Description": "Taze vişne parçalarıyla süslenmiş nefis cupcake",
        "Price": 81.9,
        "Stock": 54,
        "imageUrl": "https://www.californiastrawberries.com/wp-content/uploads/2019/05/Double-Strawberry-Cupcakes-400x400.jpg",
        "imageName": "",
        "Weighable": false,
        "Campaign1": true,
        "Campaign2": false,
        "Category": "Desserts",
        "CategoryId": 9
    },
    {
        "id": 841,
        "Barcode": "86900000841",
        "ProductName": "Çikolatalı Parfait",
        "Description": "Kremalı ve çikolatalı parfait tatlısı",
        "Price": 81.9,
        "Stock": 54,
        "imageUrl": "https://static.ticimax.cloud/56277/uploads/urunresimleri/buyuk/moms-natural-badem-kakao-kurabiye--0dfa-.jpg",
        "imageName": "",
        "Weighable": false,
        "Campaign1": true,
        "Campaign2": false,
        "Category": "Desserts",
        "CategoryId": 9
    },
    {
        "id": 842,
        "Barcode": "86900000842",
        "ProductName": "Karamel Soslu İrmik Helvası",
        "Description": "Yoğun karamel soslu irmik helvası",
        "Price": 81.9,
        "Stock": 54,
        "imageUrl": "https://www.aftamarket.com.tr/dr-oetker-irmik-helvasi-400-gr-irmik-dr-oetker-23980-26-O.jpg",
        "imageName": "",
        "Weighable": false,
        "Campaign1": false,
        "Campaign2": false,
        "Category": "Desserts",
        "CategoryId": 9
    },
    {
        "id": 843,
        "Barcode": "86900000843",
        "ProductName": "Vişneli Mozaik Pasta",
        "Description": "Taze vişne parçalarıyla hazırlanmış nefis mozaik pasta",
        "Price": 81.9,
        "Stock": 54,
        "imageUrl": "https://static.ticimax.cloud/58644/uploads/urunresimleri/thumb/meyveli-pasta-8-10-kisilik-42499-.jpg",
        "imageName": "",
        "Weighable": false,
        "Campaign1": true,
        "Campaign2": false,
        "Category": "Desserts",
        "CategoryId": 9
    },
    {
        "id": 844,
        "Barcode": "86900000844",
        "ProductName": "Çilekli Milkshake",
        "Description": "Taze çileklerle hazırlanmış serinletici milkshake",
        "Price": 81.9,
        "Stock": 54,
        "imageUrl": "https://chefsmandala.com/wp-content/uploads/2018/03/Neufchatel-Cheese-Cake-w-Blueberry-Sauce-400x400.jpg",
        "imageName": "",
        "Weighable": false,
        "Campaign1": false,
        "Campaign2": false,
        "Category": "Desserts",
        "CategoryId": 9
    },
    {
        "id": 845,
        "Barcode": "86900000845",
        "ProductName": "Vişneli Cupcake",
        "Description": "Taze vişne parçalarıyla süslenmimiş nefis cupcake",
        "Price": 81.9,
        "Stock": 54,
        "imageUrl": "https://www.californiastrawberries.com/wp-content/uploads/2019/05/Double-Strawberry-Cupcakes-400x400.jpg",
        "imageName": "",
        "Weighable": false,
        "Campaign1": true,
        "Campaign2": false,
        "Category": "Desserts",
        "CategoryId": 9
    },
    {
        "id": 846,
        "Barcode": "86900000846",
        "ProductName": "Çikolatalı Parfait",
        "Description": "Kremalı ve çikolatalı parfait tatlısı",
        "Price": 81.9,
        "Stock": 54,
        "imageUrl": "https://www.globalexport.com.tr/Webkontrol/UrunYonetimi/GaleriResim/KucukResim/elmali-tart_urun_g4566_k_y1G3kE6O.JPG",
        "imageName": "",
        "Weighable": false,
        "Campaign1": true,
        "Campaign2": false,
        "Category": "Desserts",
        "CategoryId": 9
    },
    {
        "id": 847,
        "Barcode": "86900000847",
        "ProductName": "Karamel Soslu İrmik Helvası",
        "Description": "Yoğun karamel soslu irmik helvası",
        "Price": 81.9,
        "Stock": 54,
        "imageUrl": "https://www.aftamarket.com.tr/dr-oetker-irmik-helvasi-400-gr-irmik-dr-oetker-23980-26-O.jpg",
        "imageName": "",
        "Weighable": false,
        "Campaign1": false,
        "Campaign2": false,
        "Category": "Desserts",
        "CategoryId": 9
    },
    {
        "id": 848,
        "Barcode": "86900000848",
        "ProductName": "Vişneli Mozaik Pasta",
        "Description": "Taze vişne parçalarıyla hazırlanmış nefis mozaik pasta",
        "Price": 81.9,
        "Stock": 54,
        "imageUrl": "https://static.ticimax.cloud/58644/uploads/urunresimleri/thumb/meyveli-pasta-8-10-kisilik-42499-.jpg",
        "imageName": "",
        "Weighable": false,
        "Campaign1": true,
        "Campaign2": false,
        "Category": "Desserts",
        "CategoryId": 9
    },
    {
        "id": 849,
        "Barcode": "86900000849",
        "ProductName": "Çilekli Milkshake",
        "Description": "Taze çileklerle hazırlanmış serinletici milkshake",
        "Price": 81.9,
        "Stock": 54,
        "imageUrl": "https://chefsmandala.com/wp-content/uploads/2018/03/Neufchatel-Cheese-Cake-w-Blueberry-Sauce-400x400.jpg",
        "imageName": "",
        "Weighable": false,
        "Campaign1": false,
        "Campaign2": false,
        "Category": "Desserts",
        "CategoryId": 9
    },
    {
        "id": 850,
        "Barcode": "86900000850",
        "ProductName": "Vişneli Cupcake",
        "Description": "Taze vişne parçalarıyla süslenmiş nefis cupcake",
        "Price": 81.9,
        "Stock": 54,
        "imageUrl": "https://www.californiastrawberries.com/wp-content/uploads/2019/05/Double-Strawberry-Cupcakes-400x400.jpg",
        "imageName": "",
        "Weighable": false,
        "Campaign1": true,
        "Campaign2": false,
        "Category": "Desserts",
        "CategoryId": 9
    },
    {
        "id": 851,
        "Barcode": "86900000851",
        "ProductName": "Çikolatalı Parfait",
        "Description": "Kremalı ve çikolatalı parfait tatlısı",
        "Price": 81.9,
        "Stock": 54,
        "imageUrl": "https://www.globalexport.com.tr/Webkontrol/UrunYonetimi/GaleriResim/KucukResim/elmali-tart_urun_g4566_k_y1G3kE6O.JPG",
        "imageName": "",
        "Weighable": false,
        "Campaign1": true,
        "Campaign2": false,
        "Category": "Desserts",
        "CategoryId": 9
    },
    {
        "id": 852,
        "Barcode": "86900000852",
        "ProductName": "Karamel Soslu İrmik Helvası",
        "Description": "Yoğun karamel soslu irmik helvası",
        "Price": 81.9,
        "Stock": 54,
        "imageUrl": "https://www.aftamarket.com.tr/dr-oetker-irmik-helvasi-400-gr-irmik-dr-oetker-23980-26-O.jpg",
        "imageName": "",
        "Weighable": false,
        "Campaign1": false,
        "Campaign2": false,
        "Category": "Desserts",
        "CategoryId": 9
    },
    {
        "id": 853,
        "Barcode": "86900000853",
        "ProductName": "Vişneli Mozaik Pasta",
        "Description": "Taze vişne parçalarıyla hazırlanmış nefis mozaik pasta",
        "Price": 81.9,
        "Stock": 54,
        "imageUrl": "https://static.ticimax.cloud/58644/uploads/urunresimleri/thumb/meyveli-pasta-8-10-kisilik-42499-.jpg",
        "imageName": "",
        "Weighable": false,
        "Campaign1": true,
        "Campaign2": false,
        "Category": "Desserts",
        "CategoryId": 9
    },
    {
        "id": 854,
        "Barcode": "86900000854",
        "ProductName": "Çilekli Milkshake",
        "Description": "Taze çileklerle hazırlanmış serinletici milkshake",
        "Price": 81.9,
        "Stock": 54,
        "imageUrl": "https://www.komsu.com/kenton-puding-cikolatali-bademli-karamelli-100-g-pudingler-urunaciklama-kenton-4037-84-O.jpg",
        "imageName": "",
        "Weighable": false,
        "Campaign1": false,
        "Campaign2": false,
        "Category": "Desserts",
        "CategoryId": 9
    },
    {
        "id": 855,
        "Barcode": "86900000855",
        "ProductName": "Vişneli Cupcake",
        "Description": "Taze vişne parçalarıyla süslenmiş nefis cupcake",
        "Price": 81.9,
        "Stock": 54,
        "imageUrl": "https://static.ticimax.cloud/58644/uploads/urunresimleri/thumb/meyveli-pasta-8-10-kisilik-42499-.jpg",
        "imageName": "",
        "Weighable": false,
        "Campaign1": true,
        "Campaign2": false,
        "Category": "Desserts",
        "CategoryId": 9
    },
    {
        "id": 856,
        "Barcode": "86900000856",
        "ProductName": "Çikolatalı Parfait",
        "Description": "Kremalı ve çikolatalı parfait tatlısı",
        "Price": 81.9,
        "Stock": 54,
        "imageUrl": "https://static.ticimax.cloud/56277/uploads/urunresimleri/buyuk/moms-natural-badem-kakao-kurabiye--0dfa-.jpg",
        "imageName": "",
        "Weighable": false,
        "Campaign1": true,
        "Campaign2": false,
        "Category": "Desserts",
        "CategoryId": 9
    },
    {
        "id": 857,
        "Barcode": "86900000857",
        "ProductName": "Karamel Soslu İrmik Helvası",
        "Description": "Yoğun karamel soslu irmik helvası",
        "Price": 81.9,
        "Stock": 54,
        "imageUrl": "https://www.aftamarket.com.tr/dr-oetker-irmik-helvasi-400-gr-irmik-dr-oetker-23980-26-O.jpgv",
        "imageName": "",
        "Weighable": false,
        "Campaign1": false,
        "Campaign2": false,
        "Category": "Desserts",
        "CategoryId": 9
    },
    {
        "id": 858,
        "Barcode": "86900000858",
        "ProductName": "Vişneli Mozaik Pasta",
        "Description": "Taze vişne parçalarıyla hazırlanmış nefis mozaik pasta",
        "Price": 81.9,
        "Stock": 54,
        "imageUrl": "https://static.ticimax.cloud/58644/uploads/urunresimleri/thumb/meyveli-pasta-8-10-kisilik-42499-.jpg",
        "imageName": "",
        "Weighable": false,
        "Campaign1": true,
        "Campaign2": false,
        "Category": "Desserts",
        "CategoryId": 9
    },
    {
        "id": 859,
        "Barcode": "86900000859",
        "ProductName": "Çilekli Milkshake",
        "Description": "Taze çileklerle hazırlanmış serinletici milkshake",
        "Price": 81.9,
        "Stock": 54,
        "imageUrl": "https://www.komsu.com/kenton-puding-cikolatali-bademli-karamelli-100-g-pudingler-urunaciklama-kenton-4037-84-O.jpg",
        "imageName": "",
        "Weighable": false,
        "Campaign1": false,
        "Campaign2": false,
        "Category": "Desserts",
        "CategoryId": 9
    }
]